timestamp,inflow,chlorophyll_a,dissolved_oxygen,fdom,solar_par,phycocyanin,temp_surface,secchi,doc,soluble_phosphorus,ammonium,nitrate,total_nitrogen,total_phosphorus,wind_speed,wind_max,solar_radiation,air_temp,precipitation
2015-08-03 00:00:00+00:00,0.016300000000000002,4.8,8.111729060402684,,2286.0,,26.054411409395975,2.5,3.05,0.007,0.0023294457472085475,0.00045180995066235343,0.204,0.0162,1.63,2.69,26.66,24.3,0.0
2015-08-10 00:00:00+00:00,0.015760416666666666,9.2,,,,,,1.7,3.2,0.0065,0.007376578199493734,0.0003388574629967651,0.213,0.016800000000000002,2.11,3.52,9.28,22.1,4.7
2015-08-17 00:00:00+00:00,0.017104166666666667,10.4,,,,,,1.6,10.2,0.01,0.00310592766294473,0.0003388574629967651,0.22865,0.01735,1.18,1.84,20.57,24.2,0.0
2015-08-24 00:00:00+00:00,0.01153125,15.4,,,342.0,,24.53333333333333,1.25,3.4,0.006,0.0023294457472085475,0.0005647624383279417,0.26544999999999996,0.02105,1.94,2.86,20.91,23.0,0.1
2015-09-07 00:00:00+00:00,0.014302083333333333,15.4,8.563281944444444,,,,24.971819444444446,1.3666666666666667,3.6,0.01,0.0023294457472085475,0.00045180995066235343,0.3361,0.024700000000000003,1.29,1.9,15.92,22.0,0.0
2015-09-14 00:00:00+00:00,0.007260416666666666,14.4,6.562894444444444,,1169.0,,22.622888888888887,1.425,10.9,0.008,0.00310592766294473,0.0005647624383279417,0.27975,0.0224,2.0,3.28,23.26,14.6,0.0
2015-09-21 00:00:00+00:00,0.018510416666666665,6.7,7.174511696428572,,55.05,,21.74087767857143,1.4833333333333334,4.050000000000001,0.0095,0.0038824095786809125,0.0012424773643214717,0.2955,0.0246,2.32,2.94,2.9,15.4,12.4
2015-09-28 00:00:00+00:00,0.06661458333333334,11.5,6.5527528048780495,,158.0,,19.709681097560978,1.5416666666666667,3.976562500000001,0.0075,0.003494168620812822,0.00022590497533117671,0.25,0.0205,3.03,3.78,3.14,16.7,5.4
2015-10-05 00:00:00+00:00,0.08303125,7.7,6.811004897959184,,,,16.76045612244898,1.6,3.9031250000000006,0.006,0.02484742130355784,0.0007906674136591186,0.2225,0.01575,3.58,4.44,16.17,12.3,1.0
2015-10-19 00:00:00+00:00,0.07759375,2.3,6.441081428571429,,1398.0,,14.666933333333334,1.6906666666666668,3.7562500000000005,0.007,0.010094264904570374,0.0009036199013247069,0.2105,0.01685,1.27,2.46,17.12,5.4,0.0
2015-11-09 00:00:00+00:00,0.05969791666666666,4.9,,,111.0,,,1.8266666666666667,3.5359375000000006,0.007,0.00310592766294473,0.00022590497533117671,0.183,0.015850000000000003,2.04,4.13,2.23,5.5,15.9
2016-05-02 00:00:00+00:00,0.09019791666666667,3.5,9.117142857142857,,,,19.042857142857144,2.96,1.7,0.007,0.004270650536549004,0.0005647624383279417,0.1465,0.015899999999999997,2.25,3.2,21.12,18.8,3.6
2016-05-30 00:00:00+00:00,0.07677083333333333,4.2,9.12413139380531,,,,20.820242477876107,2.535,1.675,0.006333333333333333,0.0033647549681901246,0.003915686239073729,0.15775,0.01775,1.31,1.81,22.06,19.3,2.1
2016-06-02 00:00:00+00:00,0.0683125,4.8,10.216101200564971,,,,22.773599646892656,2.2,2.0,0.0085,0.006988337241625644,0.0009036199013247069,0.16169999999999998,0.018600000000000002,1.26,2.7,23.4,22.2,4.0
2016-06-13 00:00:00+00:00,0.037197916666666664,4.2,7.879582243589744,,,,23.43155801282051,2.3,2.0,0.0115,0.005047132452285187,0.0011295248766558833,0.216,0.01835,2.6,4.22,31.33,22.2,0.0
2016-06-28 00:00:00+00:00,0.054364583333333334,5.2,7.273991328382838,,1548.0,,23.85043374587459,2.26,1.9,0.0115,0.005047132452285187,0.00022590497533117671,0.2075,0.023899999999999998,1.33,1.89,16.8,23.1,0.0
2016-07-05 00:00:00+00:00,0.06822916666666666,7.8,8.49874802238806,,,,22.89196548507463,2.32,1.85,0.007,0.006600096283757551,0.0007906674136591185,0.187,0.0184,2.73,4.47,17.86,23.4,4.8
2016-08-08 00:00:00+00:00,0.0395625,7.0,7.330026230769231,,,,25.355916794871796,3.14,2.55,0.0105,0.011258987778174646,0.0010165723889902951,0.22710000000000002,0.02705,1.7,2.82,6.37,20.8,6.5
2016-09-02 00:00:00+00:00,0.015125,10.6,7.378960323741007,,,,25.5445368705036,1.67,2.2,0.011,0.004658891494417095,0.0003388574629967651,0.19019999999999998,0.0277,3.28,5.27,13.52,22.0,0.0
2016-09-20 00:00:00+00:00,0.03159375,13.1,8.213333333333333,,,,23.8,2.08,2.6,0.012,0.014364915441119376,0.00045180995066235343,0.2287,0.029450000000000004,2.39,4.18,16.61,21.4,0.0
2016-09-30 00:00:00+00:00,0.131875,14.5,6.441758865248227,,,,21.355407003546098,1.5,3.3,0.0095,0.01514139735685556,0.0018072398026494137,0.288,0.028050000000000002,3.85,6.04,4.94,16.9,59.1
2016-10-07 00:00:00+00:00,0.10308333333333335,12.1,6.75092854805726,,,,19.739871830265848,1.45,3.3,0.0105,0.016694361188327924,0.0011295248766558833,0.2672,0.027049999999999998,2.98,4.85,1.51,15.4,29.8
2018-04-23 00:00:00+00:00,0.020197916666666666,1.9,10.082940384215991,,576.3049074074074,,13.40941660535748,2.81,3.7,0.0115,0.011258987778174646,0.0014683823396526485,0.18715,0.01105,3.07,5.95,9.17,10.7,1.9
2018-05-07 00:00:00+00:00,0.030270833333333334,1.9,8.893221068075118,,1178.5236184210528,,19.7340075,3.14,3.25,0.0095,0.005823614368021369,0.0006777149259935302,0.1458,0.0058000000000000005,2.35,3.82,23.35,14.8,2.1
2018-05-14 00:00:00+00:00,0.02009375,1.2,8.285828191489362,,1238.4947727272727,,23.050120625942682,3.68,3.3499999999999996,0.01,0.006600096283757551,0.0007906674136591186,0.18825,0.008,1.99,3.07,24.96,22.6,0.9
2018-05-21 00:00:00+00:00,0.09111458333333333,3.85,9.270124568965517,,1080.1881818181819,,19.97942684684685,1.3,4.25,0.009,0.00621185532588946,0.0011295248766558833,0.21730000000000002,0.01445,1.64,2.69,21.51,20.4,6.1
2018-05-28 00:00:00+00:00,0.09542708333333333,7.550000000000001,9.055125117370892,,815.1411111111112,,21.57751169977925,1.58,4.05,0.012,0.025235662261425932,0.0014683823396526487,0.22085,0.01235,1.47,3.16,13.15,20.8,1.2
2018-06-04 00:00:00+00:00,0.08435416666666667,2.6,7.922624313725489,,956.9,,23.029454356060604,2.62,3.9,0.0075,0.008153060115229916,0.00045180995066235343,0.1556,0.011949999999999999,3.04,4.58,29.56,19.0,0.7
2018-06-11 00:00:00+00:00,0.011114583333333332,3.35,8.305078142076503,,222.14822580645162,,24.23833431372549,2.04,3.65,0.0065,0.007764819157361826,0.0009036199013247069,0.1536,0.013200000000000002,2.38,3.71,17.85,20.5,3.5
2018-06-18 00:00:00+00:00,0.07394791666666667,3.7,9.663583921161827,,1508.7181818181818,,25.40513174603175,2.65,3.45,0.01,0.013588433525383196,0.002372002240977355,0.18939999999999999,0.010199999999999999,1.85,2.97,25.62,25.3,0.0
2018-06-25 00:00:00+00:00,0.04119791666666667,10.2,10.045067086834734,,116.44666666666667,,25.62074846666667,1.84,3.5999999999999996,0.0065,0.010482505862438466,0.0014683823396526485,0.2656,0.0448,1.81,2.5,7.22,21.1,8.4
2018-07-02 00:00:00+00:00,0.01153125,5.9,9.06816234375,,1662.48,,26.723933952380953,2.37,4.3,0.0065,0.01902380693553647,0.0014683823396526485,0.23685,0.0099,1.32,2.15,21.73,25.6,0.3
2018-07-09 00:00:00+00:00,0.0002916666666666667,7.2,9.28223695652174,,1777.45,,25.958027190476187,2.07,4.300000000000001,0.006,0.006600096283757551,0.0011295248766558833,0.2515,0.0094,1.38,2.28,29.42,20.7,0.0
2018-08-06 00:00:00+00:00,0.0005052631578947368,6.510390624999999,7.216556610275689,5.66984375,617.1754761904762,0.53109375,26.036857536813923,1.86,5.6,0.009,0.01552963831472365,0.0009036199013247069,0.37770000000000004,0.01175,1.53,2.36,21.6,23.9,0.0
2018-08-07 00:00:00+00:00,0.00040625,4.270486111111111,,5.202152777777778,,0.5500694444444444,26.574051493055556,1.86,5.55,0.008928571428571428,0.015973342266572897,0.0008713477619916816,0.3680214285714286,0.011471428571428572,2.27,3.26,20.75,23.8,0.5
2018-08-08 00:00:00+00:00,0.00034375000000000003,6.90375,,5.36,,0.49291666666666667,26.427440364583333,1.86,5.5,0.008857142857142857,0.016417046218422146,0.0008390756226586564,0.3583428571428572,0.011192857142857143,2.26,3.14,21.84,24.4,0.7
2018-08-09 00:00:00+00:00,0.00022916666666666666,8.682638888888889,7.809168882978724,5.170972222222222,243.486,0.3993055555555556,26.75555007702182,1.86,5.45,0.008785714285714286,0.01686075017027139,0.0008068034833256312,0.34866428571428576,0.010914285714285715,3.36,5.3,24.48,24.1,1.2
2018-08-10 00:00:00+00:00,0.00010416666666666667,11.955694444444443,7.479313017751479,5.310347222222223,872.4592857142858,0.3336111111111111,26.629763373983742,1.86,5.3999999999999995,0.008714285714285714,0.017304454122120637,0.0007745313439926058,0.33898571428571433,0.010635714285714287,1.79,3.6,20.9,22.9,0.0
2018-08-11 00:00:00+00:00,0.00016842105263157895,13.569166666666668,,5.234930555555556,,0.23520833333333332,26.738006788194443,1.86,5.35,0.008642857142857143,0.017748158073969886,0.0007422592046595806,0.3293071428571429,0.010357142857142858,1.52,2.44,18.89,23.2,13.0
2018-08-12 00:00:00+00:00,0.00025,15.602916666666667,,5.2936805555555555,,0.24687499999999998,26.416750399305556,1.86,5.3,0.008571428571428572,0.018191862025819135,0.0007099870653265554,0.3196285714285715,0.01007857142857143,1.41,1.98,18.28,22.2,8.4
2018-08-13 00:00:00+00:00,0.00013684210526315792,10.454930555555555,8.32,5.427569444444445,,0.21305555555555555,26.31499272569444,1.86,5.25,0.0085,0.01863556597766838,0.0006777149259935302,0.30995000000000006,0.009800000000000001,1.74,3.04,22.78,21.3,0.1
2018-08-14 00:00:00+00:00,0.0,10.204444444444444,7.350678957528958,5.443611111111111,1032.9798387096773,0.1604861111111111,25.72965624801272,1.86,5.25,0.0085,0.01758176909202642,0.000726123134993068,0.31077142857142864,0.009964285714285715,1.97,3.05,22.3,20.7,0.0
2018-08-15 00:00:00+00:00,0.0,7.927013888888889,,5.314722222222223,,0.12513888888888888,25.985840277777775,1.86,5.25,0.0085,0.016527972206384457,0.0007745313439926058,0.31159285714285717,0.01012857142857143,1.87,2.91,21.84,22.2,0.0
2018-08-16 00:00:00+00:00,5.4545454545454546e-05,6.873055555555556,8.948783720930233,5.218194444444444,467.90500000000003,0.09381944444444444,26.184502264808362,1.86,5.25,0.0085,0.015474175320742495,0.0008229395529921437,0.31241428571428576,0.010292857142857144,1.56,2.65,21.12,23.5,0.0
2018-08-17 00:00:00+00:00,5.769230769230769e-05,5.958472222222222,,5.098263888888889,,0.07868055555555556,26.747895833333335,1.86,5.25,0.0085,0.014420378435100533,0.0008713477619916815,0.3132357142857143,0.010457142857142858,1.7,3.61,20.87,24.4,0.2
2018-08-18 00:00:00+00:00,0.00526865671641791,6.666944444444444,,4.954027777777778,,0.1025,26.625944444444443,1.86,5.25,0.0085,0.013366581549458571,0.0009197559709912195,0.31405714285714287,0.010621428571428572,1.6,2.5,7.95,22.2,8.0
2018-08-19 00:00:00+00:00,0.0003958333333333333,7.836388888888889,,5.257708333333333,,0.12291666666666666,25.992333333333335,1.86,5.25,0.0085,0.012312784663816608,0.0009681641799907572,0.3148785714285714,0.010785714285714286,1.47,2.2,18.21,21.4,3.6
2018-08-20 00:00:00+00:00,0.0,7.4879310344827585,8.545284869646181,5.13735632183908,413.544,0.12850574712643678,25.721204581795817,1.86,5.25,0.0085,0.011258987778174646,0.0010165723889902951,0.3157,0.01095,1.51,2.78,16.02,21.5,6.3
2018-08-27 00:00:00+00:00,0.00012903225806451613,10.052567567567568,9.706007629107981,5.341621621621622,410.2058928571428,0.2194594594594595,25.293873591549296,1.86,5.7,0.0075,0.008541301073098008,0.0010165723889902951,0.2766,0.0166,1.76,2.77,18.82,24.1,0.5
2018-08-28 00:00:00+00:00,0.00021518987341772155,12.478583333333335,10.404150943396226,5.227333333333333,,0.18416666666666667,25.39635769547325,1.82,5.985714285714286,0.008214285714285714,0.008208523109211073,0.0011617970159889088,0.28015,0.016092857142857145,1.67,2.6,20.78,25.3,0.4
2018-08-29 00:00:00+00:00,7.352941176470589e-05,10.312746471830986,9.780563345070423,5.180140845070423,,0.15183098591549296,25.75723987804878,1.78,6.271428571428571,0.008928571428571428,0.007875745145324136,0.0013070216429875224,0.2837,0.015585714285714286,1.73,3.35,21.53,25.8,0.1
2018-08-30 00:00:00+00:00,0.001,9.128111881118881,9.55265734965035,4.897832167832168,,0.12447552447552448,26.115907026086955,1.74,6.557142857142857,0.009642857142857144,0.0075429671814372014,0.0014522462699861358,0.28725,0.015078571428571429,1.75,2.75,18.2,24.6,9.7
2018-08-31 00:00:00+00:00,1.0416666666666666e-05,8.71673611111111,9.745694361111111,5.186041666666666,,0.14256944444444444,25.938919739583334,1.7000000000000002,6.842857142857143,0.010357142857142856,0.0072101892175502665,0.0015974708969847496,0.29080000000000006,0.014571428571428572,1.24,2.47,18.02,23.7,0.7
2018-09-01 00:00:00+00:00,0.00019444444444444446,7.782797223776224,9.478321671328672,4.8851748251748255,,0.1302097902097902,26.01041139130435,1.6600000000000001,7.128571428571429,0.011071428571428572,0.006877411253663331,0.001742695523983363,0.29435000000000006,0.014064285714285715,1.13,3.26,16.1,23.1,13.0
2018-09-02 00:00:00+00:00,5.882352941176471e-05,7.251736118055557,9.42784720138889,5.004615384615384,,0.16138888888888892,26.09170065972222,1.62,7.414285714285715,0.011785714285714287,0.006544633289776395,0.0018879201509819767,0.29790000000000005,0.013557142857142858,1.03,2.0,19.14,22.8,0.9
2018-09-03 00:00:00+00:00,0.00011111111111111112,5.74041958041958,8.77772049374289,4.757272727272727,925.92,0.13125874125874126,26.150422454106277,1.58,7.7,0.0125,0.00621185532588946,0.0020331447779805903,0.30145000000000005,0.01305,1.26,1.94,20.91,24.4,0.2
2018-09-04 00:00:00+00:00,0.0,3.8613888888888885,9.016805597222223,4.742708333333334,,0.11618055555555556,26.763937465277778,1.5914285714285714,7.342857142857143,0.012285714285714287,0.007210189217550266,0.0019040562206484894,0.3127142857142858,0.013935714285714286,1.66,2.42,18.55,24.6,0.6
2018-09-05 00:00:00+00:00,0.0,3.725034965034965,9.04783213986014,4.838181818181818,,0.1606993006993007,26.693490834782608,1.602857142857143,6.985714285714286,0.012071428571428571,0.008208523109211071,0.0017749676633163883,0.32397857142857145,0.014821428571428572,1.63,2.77,20.0,24.9,0.6
2018-09-06 00:00:00+00:00,0.0,3.131527777777778,8.98027779861111,4.802986111111111,,0.1779861111111111,26.846803489583333,1.6142857142857143,6.628571428571429,0.011857142857142858,0.009206857000871878,0.0016458791059842874,0.3352428571428572,0.015707142857142857,1.16,1.98,20.55,24.7,0.0
2018-09-07 00:00:00+00:00,0.0,3.2600694444444445,9.038041866348449,4.801597222222222,696.5014285714286,0.2563194444444445,26.776173752913753,1.6257142857142857,6.271428571428571,0.011642857142857142,0.010205190892532683,0.0015167905486521862,0.3465071428571429,0.016592857142857142,1.47,2.3,19.58,24.9,0.0
2018-09-08 00:00:00+00:00,0.014,3.6010416666666663,9.161666694444444,5.006319444444444,,0.3601388888888889,26.619406927083332,1.637142857142857,5.914285714285715,0.011428571428571429,0.01120352478419349,0.0013877019913200853,0.35777142857142863,0.017478571428571427,1.43,3.57,13.51,23.0,14.2
2018-09-09 00:00:00+00:00,0.012854166666666667,5.4450349650349645,8.876153825174827,5.250489510489511,,0.6488111888111888,25.327989791304347,1.6485714285714286,5.557142857142857,0.011214285714285713,0.012201858675854296,0.0012586134339879844,0.3690357142857143,0.018364285714285715,2.05,4.01,7.38,17.5,13.7
2018-09-10 00:00:00+00:00,0.0050625,8.920209797202798,8.3971198442029,5.75041958041958,187.10363636363635,0.9309090909090909,23.779773071395457,1.66,5.2,0.011,0.013200192567515102,0.0011295248766558833,0.3803,0.01925,2.13,3.18,7.68,17.6,4.8
2018-09-11 00:00:00+00:00,0.0008854166666666667,8.992847194444444,8.660555527777777,6.034305555555556,,0.9844444444444443,23.74177737847222,1.5942857142857143,5.192857142857143,0.010857142857142857,0.014198526459175909,0.001145660946322396,0.3719428571428572,0.020214285714285712,1.13,2.14,12.03,20.2,6.9
2018-09-12 00:00:00+00:00,0.0017872340425531916,7.810139811188812,8.397922577427822,5.971958041958042,912.6016666666668,0.7788111888111888,23.871932299270075,1.5285714285714285,5.185714285714286,0.010714285714285714,0.015196860350836715,0.0011617970159889086,0.3635857142857143,0.02117857142857143,1.9,2.63,11.69,21.5,4.2
2018-09-13 00:00:00+00:00,0.0006145833333333334,7.651597236111111,9.79277770138889,5.6554166666666665,,0.6576388888888889,24.44230203125,1.4628571428571429,5.178571428571429,0.010571428571428572,0.01619519424249752,0.0011779330856554213,0.35522857142857145,0.02214285714285714,2.25,3.53,16.8,22.7,1.9
2018-09-14 00:00:00+00:00,0.00010416666666666667,8.243661943661971,9.652112711267606,5.634577464788732,,0.5607746478873239,24.613359790940766,1.397142857142857,5.171428571428572,0.010428571428571428,0.01719352813415833,0.0011940691553219338,0.3468714285714286,0.023107142857142857,3.98,5.99,11.7,22.2,2.5
2018-09-15 00:00:00+00:00,0.00015625,8.236014,9.218181853146852,5.7494405594405595,,0.5931468531468531,24.070084486956524,1.3314285714285714,5.164285714285715,0.010285714285714285,0.018191862025819135,0.0012102052249884465,0.33851428571428577,0.02407142857142857,4.45,5.68,5.29,21.0,6.5
2018-09-16 00:00:00+00:00,0.006208333333333333,8.716901401408451,8.567957676056338,5.917535211267605,,0.6578169014084507,23.350736968641115,1.2657142857142856,5.1571428571428575,0.010142857142857143,0.01919019591747994,0.001226341294654959,0.33015714285714287,0.025035714285714286,4.79,5.63,4.99,19.6,14.1
2018-09-17 00:00:00+00:00,0.045802083333333334,9.567730489361702,7.158047513812155,6.7741134751773044,307.62666666666667,0.8367375886524823,22.848807606890826,1.2,5.15,0.01,0.020188529809140748,0.0012424773643214717,0.32180000000000003,0.026,4.78,6.5,15.52,21.9,40.8
2018-09-18 00:00:00+00:00,0.007625,10.214647894366196,8.793098549295774,6.858661971830985,,0.6627464788732395,23.143292804878048,1.3699999999999999,5.021428571428571,0.010214285714285714,0.017914547055913357,0.001145660946322396,0.3138571428571429,0.025364285714285714,3.24,5.07,14.19,22.0,4.4
2018-09-19 00:00:00+00:00,0.002135416666666667,9.264701485074626,9.18552230597015,6.995597014925373,,0.4922388059701492,23.356546549815498,1.54,4.892857142857143,0.01042857142857143,0.015640564302685962,0.0010488445283233204,0.30591428571428575,0.024728571428571426,2.41,3.04,20.02,21.8,0.0
2018-09-20 00:00:00+00:00,0.0008020833333333334,8.773916041958042,9.567552384615384,7.156013986013987,,0.3002797202797203,23.642560052173913,1.71,4.764285714285714,0.010642857142857143,0.013366581549458571,0.0009520281103242446,0.2979714285714286,0.02409285714285714,1.34,2.14,18.28,22.0,0.2
2018-09-21 00:00:00+00:00,0.0003333333333333333,8.40846153846154,9.132888700348431,7.347972027972028,1478.33,0.18916083916083917,23.838928641975308,1.88,4.635714285714286,0.010857142857142857,0.01109259879623118,0.0008552116923251688,0.29002857142857147,0.023457142857142853,2.45,3.83,17.67,23.0,0.3
2018-09-22 00:00:00+00:00,0.011802083333333333,5.0097202727272725,9.061398580419581,6.667482517482518,,0.06244755244755244,24.291240382608695,2.05,4.507142857142857,0.01107142857142857,0.008818616043003788,0.0007583952743260931,0.28208571428571433,0.02282142857142857,1.86,3.31,14.79,22.0,11.0
2018-09-23 00:00:00+00:00,0.0571875,6.512797216783217,8.770209811188812,7.911888146853147,,0.26307692307692304,23.02966808695652,2.2199999999999998,4.378571428571429,0.011285714285714286,0.006544633289776397,0.0006615788563270174,0.2741428571428572,0.02218571428571428,1.77,4.54,6.55,17.6,44.4
2018-09-24 00:00:00+00:00,0.011895833333333333,5.469545454545455,7.105734335833334,8.386363681818182,177.935,0.24000000000000002,21.92819096296296,2.39,4.25,0.0115,0.004270650536549004,0.0005647624383279417,0.26620000000000005,0.021549999999999996,2.12,2.91,5.06,16.7,3.4
2018-09-25 00:00:00+00:00,0.005729166666666667,3.1607692307692306,6.635384615384615,9.050769461538462,,0.20153846153846156,21.66503113537118,2.3657142857142857,4.314285714285714,0.011857142857142858,0.004381576524511316,0.0006454427866605047,0.2602714285714286,0.021107142857142852,2.02,3.18,10.19,19.1,2.7
2018-10-01 00:00:00+00:00,0.007010416666666667,5.2766233636363635,7.6450365839416055,9.194285675324675,284.782,0.15675324675324676,21.14096477496484,2.22,4.699999999999999,0.014,0.005047132452285187,0.0011295248766558833,0.22469999999999998,0.018449999999999998,1.2,2.56,14.27,19.4,0.3
2018-10-02 00:00:00+00:00,0.006072916666666667,5.4586805625,9.276736152777778,8.959166652777776,,0.15041666666666667,21.58864967013889,2.237142857142857,4.578571428571428,0.013928571428571429,0.005768151374040214,0.0011617970159889086,0.23149999999999998,0.018542857142857142,1.42,2.62,13.69,20.1,0.1
2018-10-03 00:00:00+00:00,0.00515625,4.706853146853147,9.518391622377623,8.813006958041958,,0.12335664335664336,21.906817617391305,2.2542857142857144,4.457142857142856,0.013857142857142858,0.0064891702957952406,0.0011940691553219338,0.23829999999999998,0.018635714285714283,2.05,3.12,16.73,21.1,0.0
2018-10-04 00:00:00+00:00,0.0039791666666666664,3.936643356643357,9.525804216783216,8.482447552447553,,0.08664335664335665,22.366357060869564,2.2714285714285714,4.335714285714285,0.013785714285714287,0.007210189217550267,0.001226341294654959,0.24509999999999998,0.018728571428571428,2.13,3.07,17.65,22.1,0.0
2018-10-05 00:00:00+00:00,0.00259375,5.028888888888889,8.569339294545456,8.667777770833332,1524.6785714285713,0.11826388888888889,22.542781372549022,2.2885714285714287,4.214285714285714,0.013714285714285714,0.007931208139305293,0.0012586134339879842,0.2519,0.018821428571428572,1.9,3.0,13.6,22.3,2.5
2018-10-06 00:00:00+00:00,0.0019895833333333332,6.692013881944444,9.855694416666667,9.146180527777778,,0.17298611111111112,22.225648020833333,2.3057142857142856,4.0928571428571425,0.013642857142857142,0.00865222706106032,0.0012908855733210095,0.2587,0.018914285714285717,1.71,2.66,8.84,20.9,1.0
2018-10-07 00:00:00+00:00,0.00178125,5.61875,9.597986090277779,8.643819444444444,,0.15215277777777778,22.582689288194445,2.322857142857143,3.9714285714285715,0.013571428571428571,0.009373245982815349,0.0013231577126540347,0.26549999999999996,0.019007142857142858,1.29,2.55,15.08,21.9,0.0
2018-10-08 00:00:00+00:00,0.0010869565217391304,4.700985915492957,8.80599182920792,8.572464767605634,361.1075,0.12323943661971831,22.889239448798328,2.34,3.85,0.0135,0.010094264904570374,0.00135542985198706,0.2723,0.019100000000000002,1.77,3.72,12.93,21.7,1.8
2018-10-09 00:00:00+00:00,0.0014166666666666668,5.11335662937063,9.358881097902099,8.352377622377624,,0.15657342657342657,22.717381304347825,2.1885714285714286,3.842857142857143,0.0135,0.01297834059159048,0.0019363283599815144,0.2719785714285714,0.01933571428571429,2.5,3.68,9.88,20.8,2.0
2018-10-10 00:00:00+00:00,0.0040416666666666665,6.037083340277778,8.653819354166666,8.755486118055556,,0.20722222222222222,22.332903784722223,2.037142857142857,3.835714285714286,0.0135,0.015862416278610587,0.002517226867975969,0.2716571428571429,0.019571428571428573,3.35,5.8,3.52,19.5,11.3
2018-10-11 00:00:00+00:00,0.11361458333333334,5.038819444444445,7.534375000000001,9.029861131944445,,0.18583333333333335,21.88552081597222,1.8857142857142857,3.8285714285714287,0.0135,0.018746491965630694,0.0030981253759704234,0.2713357142857143,0.01980714285714286,3.64,7.11,1.86,20.1,66.8
2018-10-12 00:00:00+00:00,0.09694791666666668,3.5687499999999996,6.494861111111111,9.451597208333332,,0.14145833333333335,19.80510463541667,1.7342857142857142,3.821428571428571,0.0135,0.021630567652650798,0.003679023883964878,0.2710142857142857,0.020042857142857144,5.67,8.1,18.41,12.7,0.0
2018-10-13 00:00:00+00:00,0.07494791666666666,3.4902797202797204,6.025594405594405,9.707972048951047,,0.13706293706293707,18.702481895652173,1.5828571428571427,3.814285714285714,0.0135,0.024514643339670905,0.004259922391959332,0.2706928571428571,0.02027857142857143,3.11,5.17,16.41,10.5,0.9
2018-10-14 00:00:00+00:00,0.07135416666666666,3.5522377622377626,5.8323776223776225,9.772447510489512,,0.14902097902097902,17.779177913043476,1.4314285714285715,3.807142857142857,0.0135,0.027398719026691012,0.004840820899953787,0.2703714285714286,0.020514285714285714,1.71,3.06,8.23,8.9,1.1
2018-10-15 00:00:00+00:00,0.07669148936170213,2.7413986013986014,5.574353981481481,9.638251727272728,366.88444444444445,0.0948951048951049,17.468672566807314,1.28,3.8,0.0135,0.03028279471371112,0.005421719407948241,0.27005,0.02075,1.67,3.13,8.96,14.9,1.8
2018-10-16 00:00:00+00:00,0.07927083333333333,3.362535211267606,6.454718309859155,9.613450732394366,,0.10492957746478873,17.606764773519163,1.3166666666666667,3.7928571428571427,0.0138,0.03245694407777243,0.005376538412882006,0.2726,0.02028,2.63,3.91,9.49,15.5,0.3
2018-10-17 00:00:00+00:00,0.07071875,3.0912587412587413,6.511888111888112,9.576293832167833,,0.08321678321678322,17.226862747826086,1.3533333333333333,3.7857142857142856,0.0141,0.03463109344183374,0.005331357417815771,0.27515,0.01981,3.26,5.25,16.57,13.4,3.9
2018-10-18 00:00:00+00:00,0.05878125,4.325972222222222,6.991944444444445,8.944652868055556,,0.12583333333333335,16.751889375,1.3900000000000001,3.7785714285714285,0.0144,0.036805242805895054,0.005286176422749535,0.2777,0.01934,2.71,4.28,17.24,9.9,0.0
2018-10-19 00:00:00+00:00,0.04661458333333333,4.311328671328671,6.2683608974358975,8.622097944055945,108.79642105263159,0.14776223776223776,16.06140952685422,1.4266666666666667,3.7714285714285714,0.0147,0.03897939216995636,0.0052409954276833,0.28025,0.01887,2.34,4.47,16.72,8.4,0.0
2018-10-20 00:00:00+00:00,0.04003125,5.5413194444444445,7.34875,8.653194375,,0.1904861111111111,15.9989515625,1.4633333333333334,3.7642857142857142,0.015,0.04115354153401767,0.0051958144326170646,0.2828,0.0184,2.67,4.42,8.82,12.8,4.4
2018-10-21 00:00:00+00:00,0.03303125,4.701748251748252,6.99497668997669,8.067692328671328,,0.16097902097902098,15.264984782608696,1.5,3.757142857142857,0.01375,0.03416520429239203,0.004631051994289122,0.2437,0.021125,5.43,7.72,16.77,6.8,0.2
2018-10-22 00:00:00+00:00,0.026979166666666665,5.8538461608391605,6.782019356388088,7.800699321678322,1404.0500000000002,0.20594405594405593,14.355879021464647,1.68,3.75,0.0125,0.02717686705076639,0.004066289555961181,0.2046,0.023850000000000003,2.37,4.24,15.32,5.7,0.0
2018-10-23 00:00:00+00:00,0.024583333333333332,7.434166680555555,7.766527791666667,7.963958375,,0.2849305555555556,14.049549322916667,1.7142857142857142,3.7214285714285715,0.0125,0.03017186872574881,0.0040017452772951306,0.20881428571428573,0.02270714285714286,2.73,4.21,16.13,9.9,0.0
2018-10-24 00:00:00+00:00,0.021395833333333333,6.088591556338028,8.136197147887325,7.881619718309859,,0.22190140845070425,14.014113588850174,1.7485714285714284,3.6928571428571426,0.0125,0.03316687040073123,0.00393720099862908,0.21302857142857143,0.021564285714285716,3.1,4.03,16.34,8.2,0.0
2018-10-25 00:00:00+00:00,0.01908333333333333,5.287762244755244,7.713286720279721,7.675384615384615,,0.21433566433566434,13.50291267826087,1.7828571428571427,3.664285714285714,0.0125,0.03616187207571365,0.0038726567199630292,0.21724285714285715,0.020421428571428573,1.74,2.83,11.48,5.5,0.0
2018-10-26 00:00:00+00:00,0.024958333333333332,4.835915485915494,7.650211267605633,7.7322535211267605,,0.17591549295774647,12.9719843728223,1.8171428571428572,3.6357142857142857,0.0125,0.03915687375069606,0.0038081124412969788,0.22145714285714285,0.01927857142857143,2.13,3.81,3.12,5.1,25.9
2018-10-27 00:00:00+00:00,0.02834375,5.0088888888888885,7.83625001388889,7.905277791666666,,0.1767361111111111,12.673718854166667,1.8514285714285714,3.607142857142857,0.0125,0.042151875425678484,0.0037435681626309283,0.22567142857142858,0.018135714285714286,3.19,5.08,7.06,8.5,8.8
2018-10-28 00:00:00+00:00,0.023249999999999996,3.6016666666666666,8.035694423611112,8.01784754861111,,0.12027777777777778,12.340625590277778,1.8857142857142857,3.5785714285714283,0.0125,0.0451468771006609,0.003679023883964878,0.2298857142857143,0.016992857142857143,4.39,6.31,10.27,9.5,0.0
2018-10-29 00:00:00+00:00,0.02047826086956522,4.3314685314685315,8.361925213043477,7.99475534965035,86.9285,0.15475524475524474,12.392912432432432,1.92,3.55,0.0125,0.04814187877564332,0.0036144796052988274,0.2341,0.01585,4.39,5.82,13.78,9.2,0.3
2018-10-30 00:00:00+00:00,0.018489583333333334,4.6623776223776225,8.765244867132868,8.02111902097902,,0.17244755244755244,12.193003060869565,1.929047619047619,3.5595238095238093,0.01261904761904762,0.04675530392611442,0.0038134911311858166,0.2312952380952381,0.015561904761904761,2.11,3.14,14.7,8.1,0.0
2018-10-31 00:00:00+00:00,0.016541666666666666,3.721489354609929,9.075602865248227,7.988297985815604,,0.13070921985815603,12.320000558464223,1.938095238095238,3.569047619047619,0.01273809523809524,0.045368729076585526,0.004012502657072805,0.2284904761904762,0.015273809523809523,1.84,3.73,13.32,10.9,0.0
2018-11-01 00:00:00+00:00,0.014614583333333334,3.6416783216783215,9.109720314685314,7.9836364755244755,,0.11748251748251749,12.561813965217391,1.947142857142857,3.5785714285714283,0.012857142857142857,0.043982154227056626,0.004211514182959794,0.2256857142857143,0.014985714285714286,2.86,5.52,7.02,13.5,0.2
2018-11-02 00:00:00+00:00,0.0180625,4.84496454609929,8.54917148,8.068865382978725,18.406200000000002,0.1802127659574468,12.91728152276295,1.956190476190476,3.588095238095238,0.012976190476190476,0.042595579377527726,0.0044105257088467836,0.22288095238095237,0.014697619047619048,3.55,6.0,3.84,15.6,16.2
2018-11-03 00:00:00+00:00,0.017437499999999998,5.716549302816901,9.512112647887324,8.064084577464788,,0.2154225352112676,12.827895609756098,1.9652380952380952,3.5976190476190473,0.013095238095238096,0.04120900452799883,0.004609537234733773,0.22007619047619048,0.01440952380952381,4.66,6.17,12.07,8.0,0.5
2018-11-04 00:00:00+00:00,0.014385416666666666,3.372638888888889,9.223819486111111,8.064375131944445,,0.10618055555555556,12.211081458333332,1.9742857142857142,3.607142857142857,0.013214285714285715,0.03982242967846993,0.004808548760620762,0.21727142857142856,0.014121428571428571,2.36,3.86,13.83,5.8,0.0
2018-11-05 00:00:00+00:00,0.014124999999999999,4.091118881118881,9.382237748251748,7.976713405594405,,0.13314685314685315,12.365715165217392,1.9833333333333332,3.6166666666666667,0.013333333333333334,0.03843585482894103,0.00500756028650775,0.21446666666666667,0.013833333333333333,1.81,3.31,5.12,10.0,8.2
2018-11-06 00:00:00+00:00,0.015260416666666667,6.385886517730496,9.249645347517731,8.011064028368795,,0.24929078014184397,12.423749162303665,1.9923809523809524,3.626190476190476,0.013452380952380952,0.03704927997941214,0.005206571812394739,0.21166190476190477,0.013545238095238096,1.95,3.84,3.94,12.6,13.9
2018-11-07 00:00:00+00:00,0.014541666666666666,4.3616666805555555,8.776739364431487,7.923750111111111,1059.2,0.173125,12.741176675224647,2.0014285714285713,3.6357142857142857,0.013571428571428571,0.03566270512988324,0.005405583338281728,0.20885714285714285,0.013257142857142858,2.81,4.55,12.74,11.1,0.0
2018-11-08 00:00:00+00:00,0.011697916666666667,3.3126573426573427,9.329375055555555,7.932361131944445,,0.11270833333333334,12.520179531250001,2.0104761904761905,3.645238095238095,0.01369047619047619,0.03427613028035434,0.005604594864168717,0.20605238095238096,0.01296904761904762,2.12,3.13,9.58,10.6,0.0
2018-11-09 00:00:00+00:00,0.011885416666666667,3.446433566433566,9.168541611111111,7.972847256944444,,0.109375,12.17112171875,2.0195238095238093,3.6547619047619047,0.01380952380952381,0.032889555430825446,0.005803606390055706,0.20324761904761904,0.012680952380952381,1.9,2.95,2.08,7.2,9.7
2018-11-10 00:00:00+00:00,0.01109375,3.5574305555555554,8.672013881944444,7.974513951388889,,0.13895833333333335,11.705457465277778,2.0285714285714285,3.664285714285714,0.013928571428571429,0.03150298058129655,0.006002617915942695,0.20044285714285714,0.012392857142857143,5.06,6.65,13.52,3.3,0.0
2018-11-11 00:00:00+00:00,0.009260416666666667,3.287361111111111,8.958263986111112,8.005972416666667,,0.1329861111111111,10.896812916666667,2.0376190476190477,3.6738095238095236,0.014047619047619048,0.03011640573176765,0.006201629441829684,0.19763809523809522,0.012104761904761906,2.03,3.33,13.71,-1.0,0.0
2018-11-12 00:00:00+00:00,0.01590625,7.0473049645390065,9.091319444444444,7.956388902777778,,0.2904861111111111,10.14096152951389,2.0466666666666664,3.683333333333333,0.014166666666666666,0.028729830882238752,0.006400640967716673,0.19483333333333333,0.011816666666666666,0.86,1.5,3.18,1.0,14.8
2018-11-13 00:00:00+00:00,0.032802083333333336,6.959020986013986,8.282228225396825,7.935594405594405,118.31410000000001,0.31230769230769234,9.787974169088507,2.0557142857142856,3.6928571428571426,0.014285714285714285,0.027343256032709855,0.006599652493603662,0.19202857142857144,0.01152857142857143,2.57,4.24,4.55,4.4,20.4
2018-11-14 00:00:00+00:00,0.026729166666666665,6.658888888888889,9.481111222222221,7.901597222222222,,0.2977083333333333,9.430697385416668,2.064761904761905,3.7023809523809526,0.014404761904761905,0.02595668118318096,0.0067986640194906515,0.18922380952380952,0.011240476190476191,2.85,4.9,5.62,3.3,0.0
2018-11-15 00:00:00+00:00,0.06478125,5.243566433566434,9.758951062937063,7.873286713286714,,0.34062937062937065,8.890394956521739,2.0738095238095235,3.711904761904762,0.014523809523809524,0.02457010633365206,0.006997675545377641,0.18641904761904762,0.010952380952380953,2.69,3.61,1.22,0.3,28.4
2018-11-16 00:00:00+00:00,0.08079166666666666,4.466573426573427,10.208601391608392,7.902867132867132,,0.23839160839160842,8.482129666086957,2.0828571428571427,3.7214285714285715,0.014642857142857141,0.023183531484123162,0.007196687071264629,0.18361428571428573,0.010664285714285716,3.88,6.68,12.53,2.4,0.5
2018-11-17 00:00:00+00:00,0.07151041666666667,3.439513888888889,10.311666666666667,7.831180576388888,,0.12979166666666667,8.375307296875,2.091904761904762,3.730952380952381,0.01476190476190476,0.021796956634594265,0.007395698597151618,0.1808095238095238,0.010376190476190476,2.44,3.54,12.1,4.2,0.0
2018-11-18 00:00:00+00:00,0.06653125,7.2581118811188805,10.347412587412588,7.821048951048952,,0.2653146853146853,8.119674626086956,2.1009523809523807,3.7404761904761905,0.01488095238095238,0.020410381785065365,0.007594710123038606,0.1780047619047619,0.01008809523809524,1.81,3.58,9.66,4.5,0.0
2018-11-19 00:00:00+00:00,0.06486021505376344,3.2661363636363636,9.940239703989704,7.591515151515152,302.8913888888889,0.14143939393939395,8.302353655604719,2.11,3.75,0.015,0.01902380693553647,0.0077937216489255955,0.1752,0.009800000000000001,1.74,2.39,9.94,6.5,0.0
2018-11-20 00:00:00+00:00,0.05982291666666667,3.535174825174825,10.813356643356643,7.395314685314685,,0.14706293706293708,8.706974433043477,2.102142857142857,3.710714285714286,0.014910714285714286,0.01845531124722962,0.0077332113876761735,0.17493214285714284,0.00964107142857143,3.32,5.39,4.47,7.3,0.2
2018-11-21 00:00:00+00:00,0.051375000000000004,3.8353846153846156,10.824265734265733,7.3970629440559446,,0.16496503496503495,8.408913363478261,2.0942857142857143,3.6714285714285713,0.01482142857142857,0.017886815558922773,0.007672701126426751,0.17466428571428572,0.009482142857142859,3.55,4.57,12.15,4.1,0.0
2018-11-22 00:00:00+00:00,0.04522916666666666,4.046433566433566,10.861818181818181,7.373776223776224,,0.17034965034965036,8.133109834782609,2.0864285714285713,3.632142857142857,0.014732142857142857,0.017318319870615925,0.007612190865177329,0.17439642857142856,0.009323214285714287,2.53,3.69,9.6,3.7,0.0
2018-11-23 00:00:00+00:00,0.038906249999999996,3.4247222222222224,10.805694444444445,7.393750000000001,,0.16375,7.648471548611111,2.0785714285714283,3.592857142857143,0.014642857142857143,0.016749824182309078,0.007551680603927907,0.1741285714285714,0.009164285714285715,2.59,3.74,9.53,-1.2,0.0
2018-11-24 00:00:00+00:00,0.053510416666666664,3.574305555555556,10.957152777777777,7.275902777777778,,0.17548611111111112,7.289594026041666,2.0707142857142857,3.5535714285714284,0.014553571428571428,0.01618132849400223,0.007491170342678484,0.17386071428571429,0.009005357142857145,1.72,2.83,2.71,-0.5,19.8
2018-11-25 00:00:00+00:00,0.057125,4.518309866197184,11.110281690140846,7.24669014084507,,0.21,7.1137127125435535,2.0628571428571427,3.5142857142857142,0.014464285714285714,0.015612832805695382,0.007430660081429062,0.17359285714285713,0.008846428571428573,2.19,3.55,10.33,5.8,0.0
2018-11-26 00:00:00+00:00,0.05204166666666666,4.648671328671329,11.207692307692309,7.1344755244755245,,0.21468531468531468,7.033483314782609,2.0549999999999997,3.475,0.014374999999999999,0.015044337117388534,0.007370149820179639,0.173325,0.0086875,4.11,6.32,6.1,6.2,3.0
2018-11-27 00:00:00+00:00,0.049406250000000006,5.49965034965035,11.432167832167831,6.972027972027972,,0.23013986013986015,6.761514704347825,2.047142857142857,3.435714285714286,0.014285714285714285,0.014475841429081687,0.007309639558930217,0.17305714285714285,0.00852857142857143,5.71,7.79,6.15,-0.1,0.0
2018-11-28 00:00:00+00:00,0.045083333333333336,5.878671314685315,11.737062937062937,6.925314685314686,,0.252937062937063,6.062901332173913,2.039285714285714,3.3964285714285714,0.014196428571428572,0.013907345740774839,0.007249129297680795,0.1727892857142857,0.008369642857142858,6.16,7.3,11.94,-3.4,0.0
2018-11-29 00:00:00+00:00,0.040864583333333336,6.153216783216783,12.100769230769231,6.847412587412587,,0.29125874125874124,5.478990942608696,2.031428571428571,3.357142857142857,0.014107142857142856,0.013338850052467991,0.007188619036431372,0.17252142857142858,0.008210714285714286,3.12,4.78,9.59,-0.9,0.0
2018-11-30 00:00:00+00:00,0.0386875,7.949647873239436,12.377887323943662,6.728309859154929,,0.3462676056338028,5.722534168989547,2.0235714285714286,3.317857142857143,0.014017857142857143,0.012770354364161143,0.00712810877518195,0.17225357142857142,0.008051785714285714,0.88,2.75,4.94,5.9,3.2
2018-12-01 00:00:00+00:00,0.03780208333333333,8.591818181818182,12.393916083916084,6.543426573426574,,0.3683916083916084,5.99316995826087,2.0157142857142856,3.2785714285714285,0.013928571428571429,0.012201858675854296,0.007067598513932528,0.17198571428571427,0.007892857142857144,2.15,3.05,1.88,5.2,3.9
2018-12-02 00:00:00+00:00,0.03465625,7.23118057638889,12.269097222222221,6.606041666666666,,0.29680555555555554,5.882671090277778,2.0078571428571426,3.2392857142857143,0.013839285714285714,0.011633362987547448,0.007007088252683105,0.17171785714285714,0.007733928571428572,1.71,4.4,7.31,7.6,2.2
2018-12-03 00:00:00+00:00,0.03440625,6.497482517482517,12.303916083916084,6.493916083916084,,0.2615492957746479,6.059083553043478,2.0,3.2,0.01375,0.0110648672992406,0.006946577991433683,0.17145,0.007575,3.13,4.28,10.75,9.1,0.0
2018-12-04 00:00:00+00:00,0.031,6.759300706293707,12.264895104895103,6.471958041958042,,0.2712587412587413,5.973033561739131,1.992142857142857,3.1607142857142856,0.013660714285714286,0.010496371610933752,0.006886067730184261,0.17118214285714284,0.007416071428571429,3.31,5.23,4.71,3.4,0.0
2018-12-05 00:00:00+00:00,0.0291875,7.080489524475524,12.244265734265735,6.492727272727273,,0.29699300699300696,5.766993300869565,1.9842857142857142,3.1214285714285714,0.013571428571428571,0.009927875922626905,0.006825557468934838,0.1709142857142857,0.007257142857142858,3.11,6.34,9.36,0.8,0.1
2018-12-06 00:00:00+00:00,0.0266875,7.1125174965034965,11.026990031152648,6.471748251748252,250.459,0.3051748251748252,5.366960615989515,1.9764285714285714,3.0821428571428573,0.013482142857142857,0.009359380234320057,0.006765047207685416,0.17064642857142856,0.007098214285714286,2.9,4.3,9.92,-0.9,0.0
2018-12-07 00:00:00+00:00,0.024999999999999998,6.8602797132867135,12.395384615384614,6.439020979020979,,0.2944755244755245,5.199808685217391,1.9685714285714284,3.0428571428571427,0.013392857142857144,0.00879088454601321,0.006704536946435994,0.1703785714285714,0.006939285714285715,2.67,3.66,9.05,0.5,0.0
2018-12-08 00:00:00+00:00,0.02313541666666667,7.462587426573427,12.543706293706293,6.397902097902098,,0.32426573426573424,5.039302594782609,1.9607142857142856,3.0035714285714286,0.013303571428571428,0.008222388857706361,0.0066440266851865715,0.17011071428571428,0.0067803571428571435,1.69,2.55,6.57,-1.0,0.0
2018-12-09 00:00:00+00:00,0.028010416666666666,8.61895106993007,12.529020979020979,6.396363636363636,,0.34118881118881117,4.467375132173913,1.9528571428571428,2.9642857142857144,0.013214285714285715,0.007653893169399514,0.0065835164239371495,0.16984285714285713,0.0066214285714285715,2.79,4.01,1.13,-2.7,29.4
2018-12-10 00:00:00+00:00,0.029666666666666664,7.106223755244755,12.696433566433566,6.233286713286714,,0.3086713286713287,3.72068872,1.9449999999999998,2.925,0.013125000000000001,0.007085397481092666,0.0065230061626877275,0.16957499999999998,0.0064625,2.23,3.63,8.68,-0.1,3.4
2018-12-11 00:00:00+00:00,0.028197916666666666,7.113146874125874,12.857552447552449,6.196223776223776,,0.30174825174825176,3.3500792226086955,,,,,,,,2.48,3.66,11.43,-5.5,0.0
2018-12-12 00:00:00+00:00,0.025885416666666664,7.755244734265735,13.033076923076923,6.201818181818182,,0.34426573426573426,3.039920086956522,,,,,,,,2.07,3.36,6.53,-2.8,0.0
2018-12-13 00:00:00+00:00,0.025374999999999998,8.17048611111111,13.178263888888889,6.17,,0.35291666666666666,3.122839611111111,,,,,,,,1.13,2.42,3.14,-0.1,0.0
2018-12-14 00:00:00+00:00,0.03426041666666667,9.34356644055944,13.293146853146853,6.11979020979021,,0.4002097902097902,3.2633483913043477,,,,,,,,1.33,2.63,2.21,-0.5,6.7
2018-12-15 00:00:00+00:00,0.07346875,9.381197161971832,13.116338028169015,6.062183098591549,,0.3671830985915493,3.676324902439024,,,,,,,,1.97,2.8,3.63,5.2,21.4
2018-12-16 00:00:00+00:00,0.08864583333333333,8.035972229166667,12.737916666666667,6.13875,,0.28861111111111115,4.502359487847222,,,,,,,,3.02,5.71,5.36,6.8,3.5
2018-12-17 00:00:00+00:00,0.08796875,7.526269833333333,11.478459845559845,6.051269841269842,758.0085714285714,0.30182539682539683,4.721527127511592,1.89,2.65,0.0125,0.00310592766294473,0.006099434333941771,0.1677,0.00535,4.92,5.66,10.43,6.7,0.0
2018-12-18 00:00:00+00:00,0.08829166666666666,6.183191489361702,12.700070921985816,5.8645390070921986,,0.24113475177304963,4.8198571710296685,1.896,2.6314285714285712,0.012285714285714287,0.0031392054593334237,0.0060090723438093,0.17313714285714285,0.00528,3.57,5.56,10.59,3.7,0.0
2018-12-19 00:00:00+00:00,0.08387499999999999,6.894236145833333,12.735972222222223,5.835833333333333,,0.25826388888888885,4.711610430555556,1.902,2.612857142857143,0.012071428571428571,0.003172483255722117,0.00591871035367683,0.1785742857142857,0.005209999999999999,1.55,2.95,9.08,2.1,0.0
2018-12-20 00:00:00+00:00,0.09494791666666667,7.603098626760564,12.749577464788732,5.737676056338028,,0.2892957746478873,4.770365041811847,1.908,2.5942857142857143,0.011857142857142858,0.0032057610521108106,0.005828348363544359,0.18401142857142855,0.00514,1.37,4.4,1.3,3.2,23.9
2018-12-21 00:00:00+00:00,0.115,7.497152784722222,12.6275,5.677361111111111,,0.28270833333333334,5.208679427083333,1.914,2.5757142857142856,0.011642857142857144,0.0032390388484995042,0.005737986373411888,0.1894485714285714,0.00507,3.25,5.95,4.24,9.0,35.1
2018-12-22 00:00:00+00:00,0.10123958333333333,7.270972222222222,12.417083333333332,5.815972222222222,,0.25909722222222226,5.66693034375,1.92,2.557142857142857,0.011428571428571429,0.003272316644888198,0.005647624383279417,0.19488571428571427,0.005,5.29,7.0,7.45,3.6,0.1
2018-12-23 00:00:00+00:00,0.09335416666666667,6.500972222222222,12.491597222222222,5.773680555555555,,0.25111111111111106,5.331907873263889,1.926,2.5385714285714287,0.011214285714285715,0.003305594441276891,0.005557262393146947,0.20032285714285714,0.0049299999999999995,2.23,4.25,8.97,1.6,0.1
2018-12-24 00:00:00+00:00,0.08986458333333332,6.594097243055556,12.515555555555556,5.683472222222222,,0.24284722222222221,5.2974882447916665,1.932,2.52,0.011000000000000001,0.003338872237665585,0.005466900403014476,0.20576,0.00486,3.85,5.66,10.03,3.0,0.0
2018-12-25 00:00:00+00:00,0.0873125,7.640972222222222,12.675625,5.568194444444445,,0.2752777777777778,5.217029368055556,1.938,2.5014285714285713,0.010785714285714286,0.0033721500340542785,0.005376538412882006,0.21119714285714283,0.00479,1.76,3.19,8.02,0.6,0.2
2018-12-26 00:00:00+00:00,0.08527083333333334,7.322269531914894,12.672340425531914,5.547163120567376,,0.2675177304964539,5.019696457242583,1.944,2.4828571428571427,0.010571428571428572,0.0034054278304429717,0.005286176422749535,0.2166342857142857,0.00472,1.59,2.37,10.46,-0.2,0.0
2018-12-27 00:00:00+00:00,0.08363541666666667,8.611619732394365,12.758732394366197,5.454718309859155,,0.29725352112676057,4.850514778745644,1.95,2.4642857142857144,0.010357142857142856,0.0034387056268316654,0.005195814432617064,0.22207142857142856,0.00465,1.52,2.42,5.54,0.5,0.3
2018-12-28 00:00:00+00:00,0.1020625,10.223636384615384,12.882517482517482,5.276643356643357,,0.3313986013986014,5.04938711826087,1.956,2.4457142857142857,0.010142857142857143,0.003471983423220359,0.005105452442484593,0.2275085714285714,0.00458,1.47,2.55,0.88,4.0,47.2
2018-12-29 00:00:00+00:00,0.09751041666666667,9.134652826388889,12.868958333333333,5.232291666666667,,0.3029861111111111,5.557232022569445,1.962,2.427142857142857,0.009928571428571429,0.0035052612196090523,0.005015090452352123,0.23294571428571426,0.00451,2.75,4.1,9.41,7.3,0.0
2018-12-30 00:00:00+00:00,0.09058333333333334,9.894930541666668,12.979097222222222,5.069166666666667,,0.31201388888888887,5.892739420138889,1.968,2.4085714285714284,0.009714285714285713,0.003538539015997746,0.004924728462219652,0.23838285714285712,0.0044399999999999995,1.68,3.05,7.11,5.4,0.0
2018-12-31 00:00:00+00:00,0.0848125,10.225625020833332,12.965625,4.984444444444445,,0.31583333333333335,5.913378222222223,1.974,2.39,0.0095,0.0035718168123864396,0.0048343664720871815,0.24381999999999998,0.00437,1.71,3.58,1.58,6.2,4.4
2019-01-01 00:00:00+00:00,0.08320833333333334,10.185208340277777,12.827083333333333,4.904930555555556,,0.30423611111111115,6.42005584375,1.98,2.3714285714285714,0.009285714285714286,0.0036050946087751333,0.004744004481954711,0.24925714285714284,0.0043,3.49,5.03,4.25,11.8,0.2
2019-01-02 00:00:00+00:00,0.08155208333333334,9.199696962121212,12.81060606060606,4.845151515151515,,0.27772727272727277,6.489080470370371,1.986,2.3528571428571428,0.00907142857142857,0.003638372405163827,0.00465364249182224,0.2546942857142857,0.004229999999999999,2.15,3.16,3.76,5.2,0.2
2019-01-03 00:00:00+00:00,0.08209375000000001,9.4021126971831,12.864507042253521,4.817676056338028,,0.2834507042253521,6.43715868466899,1.992,2.334285714285714,0.008857142857142857,0.00367165020155252,0.004563280501689769,0.26013142857142857,0.00416,2.09,3.91,4.04,5.9,7.7
2019-01-04 00:00:00+00:00,0.08176041666666667,11.471527770833333,12.908888888888889,4.801805555555556,,0.3577083333333333,6.323311875,1.998,2.315714285714286,0.008642857142857143,0.003704927997941214,0.0044729185115572985,0.2655685714285714,0.00409,1.65,3.0,1.89,2.9,5.3
2019-01-05 00:00:00+00:00,0.08170833333333334,10.040699286713286,12.782307692307691,4.776783216783217,,0.31664335664335663,6.364331328695652,2.004,2.297142857142857,0.008428571428571428,0.003738205794329907,0.004382556521424828,0.2710057142857143,0.004019999999999999,4.23,7.88,9.62,6.2,6.0
2019-01-06 00:00:00+00:00,0.07940625,9.586805527777777,12.752152777777777,4.7560416666666665,,0.3088888888888889,6.28869425,2.0100000000000002,2.2785714285714285,0.008214285714285714,0.0037714835907186007,0.004292194531292357,0.2764428571428571,0.0039499999999999995,3.57,4.4,9.69,6.9,0.0
2019-01-07 00:00:00+00:00,0.07869791666666666,8.000694451388888,12.64,4.779444444444445,,0.26722222222222225,6.113189217013889,2.016,2.26,0.008,0.0038047613871072944,0.004201832541159887,0.28187999999999996,0.0038799999999999998,2.57,3.44,6.94,2.9,0.0
2019-01-08 00:00:00+00:00,0.07869791666666666,7.535845056338028,12.599084507042253,4.751056338028169,,0.25366197183098593,6.037810951219512,,,,,,,,1.62,3.83,7.16,6.0,0.1
2019-01-09 00:00:00+00:00,0.0798125,6.966388909722222,12.619166666666667,4.704583333333334,,0.24409722222222222,6.014746967013888,,,,,,,,5.55,7.42,10.57,4.4,0.0
2019-01-10 00:00:00+00:00,0.08605208333333332,7.375944041958042,12.80118881118881,4.604125874125874,,0.25643356643356646,5.522914636521739,,,,,,,,6.18,7.5,11.29,-3.8,0.0
2019-01-11 00:00:00+00:00,0.08209375000000001,6.5836805555555555,13.083263888888888,4.5408333333333335,,0.25312500000000004,4.569741717013889,,,,,,,,3.46,5.03,11.42,-3.5,0.0
2019-01-12 00:00:00+00:00,0.07839583333333333,7.69867134965035,13.152237762237762,4.538251748251748,,0.2776923076923077,4.2403357078260875,,,,,,,,1.66,2.16,2.65,-1.8,1.3
2019-01-13 00:00:00+00:00,0.07860416666666667,8.97836874468085,13.306028368794326,4.455744680851064,,0.33602836879432624,3.723958296684119,,,,,,,,1.57,2.62,2.16,-2.6,19.3
2019-01-14 00:00:00+00:00,0.07217708333333334,8.860763875,13.440833333333334,4.405833333333334,,0.33472222222222225,3.4714437465277777,,,,,,,,1.54,2.19,4.67,-1.1,0.9
2019-01-15 00:00:00+00:00,0.073375,8.245214328571429,13.525116279069767,4.354357142857143,,0.29864285714285715,3.4869945457809695,,,,,,,,3.37,4.24,11.48,-0.3,0.0
2019-01-16 00:00:00+00:00,0.07047916666666666,7.548591556338028,13.638943661971831,4.330422535211268,,0.2626056338028169,3.330857144599303,,,,,,,,3.83,5.45,10.98,-1.0,0.0
2019-01-17 00:00:00+00:00,0.06578125,8.503521133802817,13.690915492957746,4.290211267605634,,0.2871830985915493,3.3211728745644598,,,,,,,,2.13,3.8,4.35,-0.6,1.4
2019-01-18 00:00:00+00:00,0.06279166666666668,8.373194458333334,13.723055555555556,4.233472222222222,,0.28951388888888885,3.461171732638889,,,,,,,,1.74,3.54,5.0,2.6,0.8
2019-01-19 00:00:00+00:00,0.061552083333333334,9.811249993055556,13.767916666666666,4.206527777777778,,0.32993055555555556,3.473543125,,,,,,,,2.37,3.71,1.98,2.6,6.7
2019-01-20 00:00:00+00:00,0.08239583333333333,8.926388861111112,13.74861111111111,4.175277777777778,,0.306875,3.5808086440972224,,,,,,,,4.66,9.42,11.95,0.3,11.3
2019-01-21 00:00:00+00:00,0.0800625,7.598111916083916,13.492668997668998,4.222587412587413,,0.3132167832167832,2.405546936231884,2.1,2.0,0.005,0.004270650536549004,0.002936764679305297,0.358,0.0029,5.66,7.78,13.1,-10.1,0.0
2019-01-22 00:00:00+00:00,0.0691875,7.482916645833334,14.20736111111111,4.202152777777778,,0.31125,1.9797506024305553,2.102222222222222,1.9722222222222223,0.005055555555555555,0.004227512652341438,0.0028049867770287775,0.35638888888888887,0.0029888888888888886,2.31,4.25,12.43,-6.4,0.0
2019-01-23 00:00:00+00:00,0.06306250000000001,9.59486113888889,14.290972222222223,4.166458333333334,,0.39381944444444444,2.4051691197916667,2.1044444444444443,1.9444444444444444,0.005111111111111111,0.004184374768133873,0.0026732088747522574,0.35477777777777775,0.0030777777777777774,3.26,5.02,3.9,0.4,0.3
2019-01-24 00:00:00+00:00,0.07595833333333334,9.156267605633802,14.121830985915492,4.1133098591549295,,0.3471830985915493,2.7276671655052267,2.106666666666667,1.9166666666666667,0.005166666666666667,0.004141236883926307,0.002541430972475738,0.35316666666666663,0.0031666666666666666,4.15,7.9,7.59,5.5,23.7
2019-01-25 00:00:00+00:00,0.07992708333333333,7.817291666666667,14.051875,4.061875,,0.3057638888888889,2.810045342013889,2.108888888888889,1.8888888888888888,0.005222222222222223,0.0040980989997187415,0.0024096530701992183,0.35155555555555557,0.0032555555555555554,4.0,5.28,12.83,-1.4,0.0
2019-01-26 00:00:00+00:00,0.07666666666666666,7.805277777777778,14.149999999999999,4.079861111111111,,0.30430555555555555,2.549889769097222,2.111111111111111,1.8611111111111112,0.005277777777777778,0.004054961115511175,0.0022778751679226983,0.34994444444444445,0.003344444444444444,2.24,4.83,9.75,-2.2,0.0
2019-01-27 00:00:00+00:00,0.06999999999999999,9.22657341958042,14.318391608391607,4.0403496503496505,,0.35279720279720284,2.4953433008695654,2.1133333333333333,1.8333333333333333,0.005333333333333333,0.004011823231303609,0.0021460972656461783,0.34833333333333333,0.003433333333333333,2.32,5.0,7.96,-0.2,0.0
2019-01-28 00:00:00+00:00,0.06325,8.597902104895104,14.27965034965035,3.992797202797203,,0.3148951048951049,2.8987600573913044,2.115555555555556,1.8055555555555556,0.005388888888888889,0.003968685347096044,0.0020143193633696587,0.3467222222222222,0.0035222222222222217,2.35,4.13,9.9,1.1,0.0
2019-01-29 00:00:00+00:00,0.06022916666666667,10.49520832638889,14.218125,3.906111111111111,,0.3318055555555556,3.3266669930555555,2.117777777777778,1.7777777777777777,0.0054444444444444445,0.003925547462888478,0.001882541461093139,0.3451111111111111,0.003611111111111111,2.75,5.42,2.46,0.9,2.9
2019-01-30 00:00:00+00:00,0.058645833333333335,9.79388886111111,14.385555555555555,3.8802777777777777,,0.3678472222222222,2.7040167187499997,2.12,1.75,0.0055,0.003882409578680913,0.0017507635588166193,0.3435,0.0036999999999999997,4.69,8.9,11.77,-5.1,0.0
2019-01-31 00:00:00+00:00,0.05544791666666667,8.297142842857141,14.607357142857143,3.8074999999999997,,0.32457142857142857,2.5958097884615383,2.1222222222222222,1.7222222222222223,0.005555555555555556,0.003839271694473347,0.0016189856565400995,0.3418888888888889,0.0037888888888888885,3.01,4.72,13.57,-7.5,0.0
2019-02-01 00:00:00+00:00,0.05203125,9.273309894366198,14.848661971830987,3.7637323943661976,,0.3207042253521127,2.8149544024390245,2.1244444444444444,1.6944444444444444,0.005611111111111111,0.0037961338102657813,0.0014872077542635797,0.3402777777777778,0.0038777777777777777,1.49,2.73,4.17,-2.7,0.1
2019-02-02 00:00:00+00:00,0.05086458333333333,9.479861125,14.928402777777778,3.7636805555555557,,0.329375,3.153254048611111,2.126666666666667,1.6666666666666667,0.005666666666666667,0.0037529959260582156,0.00135542985198706,0.33866666666666667,0.003966666666666666,1.41,2.62,12.72,1.9,0.0
2019-02-03 00:00:00+00:00,0.049708333333333334,8.011538433566434,14.8606993006993,3.742867132867133,,0.26713286713286716,3.4934217582608698,2.128888888888889,1.6388888888888888,0.005722222222222222,0.00370985804185065,0.0012236519497105403,0.33705555555555555,0.004055555555555555,1.91,2.66,11.17,4.5,0.0
2019-02-04 00:00:00+00:00,0.04828125,8.70673611111111,14.576666666666666,3.743333333333333,,0.30215277777777777,3.7499858559027777,2.131111111111111,1.6111111111111112,0.0057777777777777775,0.0036667201576430844,0.0010918740474340205,0.33544444444444443,0.004144444444444444,1.78,2.83,13.95,5.5,0.0
2019-02-05 00:00:00+00:00,0.046260416666666665,7.646923090909091,14.483916083916082,3.572027972027972,,0.2641258741258741,4.381000954782609,2.1333333333333333,1.5833333333333333,0.005833333333333334,0.0036235822734355183,0.0009600961451575007,0.3338333333333333,0.004233333333333333,2.33,3.61,12.92,9.8,0.0
2019-02-06 00:00:00+00:00,0.0440625,8.658333354166666,14.588194444444444,3.4752083333333332,,0.2588194444444445,5.134702154513889,2.135555555555556,1.5555555555555556,0.005888888888888889,0.0035804443892279527,0.0008283182428809811,0.33222222222222225,0.004322222222222222,2.32,4.11,6.18,9.3,2.2
2019-02-07 00:00:00+00:00,0.044614583333333326,9.321249993055556,14.474097222222222,3.464236111111111,,0.2561805555555556,5.871424689236111,2.137777777777778,1.5277777777777777,0.005944444444444445,0.003537306505020387,0.0006965403406044611,0.33061111111111113,0.0044111111111111104,1.72,4.5,7.26,13.4,9.0
2019-02-08 00:00:00+00:00,0.042410526315789475,7.794714292857144,12.193688827838828,3.498642857142857,17.796944444444446,0.2102857142857143,5.794803059805284,2.14,1.5,0.006,0.0034941686208128215,0.0005647624383279417,0.329,0.0045,4.72,6.38,11.7,11.3,0.9
2019-02-09 00:00:00+00:00,0.03858333333333333,7.530000006993007,14.083496503496503,3.461188811188811,,0.2248251748251748,5.640085168695652,2.1363157894736844,1.5039473684210527,0.005973684210526316,0.0035554698246867307,0.0006479905871341646,0.3305526315789474,0.004602631578947368,3.84,7.5,13.55,-0.6,0.0
2019-02-10 00:00:00+00:00,0.035791666666666666,8.442657391608392,14.03006993006993,3.475804195804196,,0.25153846153846154,5.1878601600000005,2.1326315789473687,1.5078947368421052,0.005947368421052632,0.00361677102856064,0.0007312187359403877,0.33210526315789474,0.004705263157894737,1.79,2.33,6.48,-2.4,0.0
2019-02-11 00:00:00+00:00,0.03783333333333333,9.01916670138889,14.019097222222221,3.4937500000000004,,0.27402777777777776,4.974783215277778,2.128947368421053,1.5118421052631579,0.0059210526315789476,0.0036780722324345487,0.0008144468847466106,0.3336578947368421,0.004807894736842105,1.54,2.86,5.75,1.6,6.8
2019-02-12 00:00:00+00:00,0.0475625,9.251468503496504,13.993706293706293,3.488111888111888,,0.25965034965034967,4.8720435808695655,2.1252631578947367,1.5157894736842106,0.005894736842105263,0.003739373436308458,0.0008976750335528336,0.3352105263157895,0.004910526315789474,2.23,2.92,2.49,0.7,20.4
2019-02-13 00:00:00+00:00,0.050375,7.414444437499999,13.859097222222223,3.481736111111111,,0.22777777777777775,4.806242300347222,2.121578947368421,1.519736842105263,0.005868421052631579,0.003800674640182367,0.0009809031823590567,0.3367631578947369,0.005013157894736842,5.2,6.89,16.02,2.8,5.1
2019-02-14 00:00:00+00:00,0.04588541666666667,7.607342650349651,13.844545454545454,3.4944055944055945,,0.22160839160839163,4.720285154782609,2.1178947368421053,1.5236842105263158,0.005842105263157895,0.0038619758440562764,0.0010641313311652795,0.33831578947368424,0.005115789473684211,3.16,5.2,12.64,3.9,0.0
2019-02-15 00:00:00+00:00,0.04338541666666667,8.608461524475524,13.791328671328673,3.47965034965035,,0.24454545454545454,4.859690914782608,2.1142105263157895,1.5276315789473685,0.005815789473684211,0.003923277047930185,0.0011473594799715028,0.3398684210526316,0.005218421052631579,3.34,5.25,7.47,9.5,1.1
2019-02-16 00:00:00+00:00,0.04761458333333333,7.061944430555555,13.695763888888889,3.415277777777778,,0.200625,5.376622550347222,2.110526315789474,1.531578947368421,0.005789473684210527,0.003984578251804095,0.0012305876287777256,0.34142105263157896,0.005321052631578948,2.76,3.96,6.71,4.7,5.1
2019-02-17 00:00:00+00:00,0.05123958333333334,8.238521154929579,13.630774647887323,3.4188028169014086,,0.21394366197183098,5.281351721254356,2.106842105263158,1.5355263157894736,0.005763157894736842,0.004045879455678004,0.0013138157775839487,0.3429736842105263,0.005423684210526316,2.19,3.85,3.88,-0.4,6.2
2019-02-18 00:00:00+00:00,0.063875,7.599370643356644,13.539020979020979,3.4217482517482516,,0.2097902097902098,5.190187059130435,2.1031578947368423,1.5394736842105263,0.005736842105263158,0.004107180659551913,0.0013970439263901718,0.3445263157894737,0.005526315789473685,3.44,6.05,8.21,2.7,9.5
2019-02-19 00:00:00+00:00,0.06013541666666666,7.0594444375,13.563472222222224,3.439513888888889,,0.19645833333333332,5.148874484375,2.0994736842105266,1.543421052631579,0.005710526315789474,0.004168481863425822,0.0014802720751963946,0.34607894736842104,0.005628947368421053,2.28,4.24,12.57,0.8,0.0
2019-02-20 00:00:00+00:00,0.07671875,9.240833368055554,13.472222222222221,3.4866666666666664,,0.22743055555555555,4.777297475694445,2.0957894736842104,1.5473684210526315,0.00568421052631579,0.004229783067299731,0.0015635002240026175,0.34763157894736846,0.005731578947368421,2.58,4.19,2.95,-0.7,19.8
2019-02-21 00:00:00+00:00,0.10067708333333332,7.688951048951049,13.488181818181818,3.4755944055944057,,0.20692307692307693,4.915441147826087,2.0921052631578947,1.5513157894736842,0.005657894736842106,0.0042910842711736405,0.0016467283728088407,0.3491842105263158,0.00583421052631579,2.19,4.11,12.68,4.9,1.5
2019-02-22 00:00:00+00:00,0.11345833333333333,8.280277770833333,13.447916666666666,3.592222222222222,,0.21194444444444444,5.1846190086805555,2.088421052631579,1.555263157894737,0.0056315789473684215,0.004352385475047549,0.0017299565216150636,0.3507368421052632,0.005936842105263158,2.18,4.27,3.5,5.5,18.6
2019-02-23 00:00:00+00:00,0.13285416666666666,11.275524496503497,13.426783216783216,3.6813986013986018,,0.28293706293706294,5.09990712,2.084736842105263,1.5592105263157894,0.005605263157894737,0.004413686678921459,0.0018131846704212869,0.35228947368421054,0.006039473684210527,1.62,2.69,2.15,2.7,35.2
2019-02-24 00:00:00+00:00,0.12189583333333333,8.687552454545456,13.328111888111888,3.7447552447552446,,0.23433566433566433,5.165511490434783,2.0810526315789475,1.563157894736842,0.005578947368421053,0.004474987882795368,0.0018964128192275097,0.3538421052631579,0.006142105263157895,3.74,8.19,15.23,6.2,6.8
2019-02-25 00:00:00+00:00,0.1026875,7.91333332638889,13.192152777777778,3.857847222222222,,0.20645833333333333,5.413800809027778,2.0773684210526318,1.5671052631578948,0.005552631578947369,0.0045362890866692766,0.0019796409680337326,0.35539473684210526,0.006244736842105264,6.27,7.47,18.46,3.8,0.0
2019-02-26 00:00:00+00:00,0.09751041666666667,9.272777756944445,13.202291666666667,4.079791666666667,,0.2357638888888889,5.517879866319444,2.073684210526316,1.5710526315789473,0.005526315789473685,0.004597590290543186,0.002062869116839956,0.3569473684210526,0.006347368421052632,2.41,3.72,17.73,4.2,0.0
2019-02-27 00:00:00+00:00,0.09227083333333334,8.606319423611112,13.2175,4.004027777777778,,0.20645833333333333,5.994344427083333,2.0700000000000003,1.575,0.0055,0.004658891494417095,0.0021460972656461787,0.35850000000000004,0.006450000000000001,1.85,3.58,16.24,4.2,0.0
2019-02-28 00:00:00+00:00,0.08663541666666667,9.04195804895105,13.277412587412588,3.801048951048951,,0.220979020979021,6.195327766956522,2.066315789473684,1.5789473684210527,0.005473684210526316,0.004720192698291005,0.0022293254144524015,0.3600526315789474,0.006552631578947369,2.61,4.48,12.38,7.7,0.0
2019-03-01 00:00:00+00:00,0.08623958333333333,0.7195833333333334,13.187152777777778,3.031111111111111,,0.07111111111111111,6.600147458333334,2.0626315789473684,1.5828947368421051,0.005447368421052631,0.0047814939021649135,0.002312553563258625,0.36160526315789476,0.006655263157894737,2.9,4.02,2.78,3.2,12.5
2019-03-02 00:00:00+00:00,0.08741666666666666,0.4385314685314685,13.026293706293707,3.1418181818181816,,0.06811188811188812,6.862753151304348,,,,,,,,2.27,5.47,17.0,4.2,1.1
2019-03-03 00:00:00+00:00,0.08654166666666667,0.5013888888888889,12.831458333333334,3.29375,,0.0654861111111111,6.757278126736111,,,,,,,,2.34,3.83,2.65,3.3,11.9
2019-03-04 00:00:00+00:00,0.09136458333333332,0.47034965034965037,12.684125874125874,3.35056338028169,,0.06685314685314686,6.461562606956521,,,,,,,,4.5,6.59,15.53,1.0,3.6
2019-03-05 00:00:00+00:00,0.08795833333333332,0.45125000000000004,12.588680555555555,3.382361111111111,,0.07138888888888889,6.066905333333334,,,,,,,,3.15,4.92,20.02,-2.8,0.0
2019-03-06 00:00:00+00:00,0.086625,0.42430555555555555,12.581666666666667,3.3314583333333334,,0.07347222222222222,5.730258612847222,,,,,,,,4.5,5.24,20.15,-4.0,0.0
2019-03-07 00:00:00+00:00,0.08285416666666667,0.46020833333333333,12.595625,3.29,,0.07305555555555555,5.591963199652778,,,,,,,,2.66,3.54,13.89,-1.7,0.0
2019-03-08 00:00:00+00:00,0.08178125,0.4560416666666667,12.604791666666666,3.2203496503496503,,0.06881944444444445,5.606250175347222,,,,,,,,1.5,2.27,4.77,-0.2,4.1
2019-03-09 00:00:00+00:00,0.08257291666666668,0.49713286713286714,12.59909090909091,3.242027972027972,,0.07874125874125874,5.279566363478261,,,,,,,,1.65,2.91,5.79,0.9,0.9
2019-03-10 00:00:00+00:00,0.0805,0.6406944444444445,12.610555555555557,3.2231944444444443,,0.07784722222222223,5.301311223958333,,,,,,,,2.32,5.26,17.02,7.0,9.2
2019-03-11 00:00:00+00:00,0.08498958333333334,0.812887323943662,12.623661971830986,3.0894366197183096,,0.07401408450704225,6.136381592334494,,,,,,,,3.13,4.18,11.2,9.0,0.0
2019-03-12 00:00:00+00:00,0.08322916666666667,0.8583216783216783,12.642797202797203,2.9981118881118882,,0.07244755244755244,6.585689556521739,,,,,,,,2.92,4.02,20.59,5.5,0.0
2019-03-13 00:00:00+00:00,0.0823125,0.9391666666666667,12.669027777777778,3.018263888888889,,0.07236111111111111,6.378240944444444,,,,,,,,2.19,4.0,15.7,4.4,0.0
2019-03-14 00:00:00+00:00,0.08246875000000001,1.1588732394366197,12.68161971830986,3.011056338028169,,0.07429577464788732,6.76759249825784,,,,,,,,3.45,6.15,15.34,10.5,0.0
2019-03-15 00:00:00+00:00,0.08388541666666667,1.8589583333333333,12.63451388888889,2.9591666666666665,,0.07479166666666666,7.847070203125,,,,,,,,3.87,5.8,11.67,15.9,2.4
2019-03-16 00:00:00+00:00,0.08420833333333333,2.293636363636364,12.362657342657341,2.87013986013986,,0.08391608391608392,8.914923389565217,,,,,,,,5.21,6.53,21.25,7.2,0.0
2019-03-17 00:00:00+00:00,0.083625,2.786180555555555,12.50951388888889,2.8972916666666664,,0.07909722222222222,8.305301473958332,,,,,,,,2.53,4.33,20.76,4.1,0.0
2019-03-18 00:00:00+00:00,0.08421978021978023,3.3320833333333333,12.343993055555556,2.799027777777778,,0.09486111111111112,8.651597144965278,2.0,1.65,0.005,0.005823614368021369,0.0037274320929644154,0.388,0.008400000000000001,2.85,4.83,20.02,3.8,0.0
2019-03-19 00:00:00+00:00,0.08351041666666666,3.3593006993006993,12.656153846153845,2.81013986013986,,0.09748251748251748,8.362743926956522,1.9928571428571429,1.6714285714285713,0.005071428571428571,0.005851345865011947,0.0035176631872997515,0.3692857142857143,0.007800000000000001,1.76,3.68,22.14,1.9,0.0
2019-03-20 00:00:00+00:00,0.08295833333333334,3.4699305555555555,12.842083333333333,2.613680555555556,,0.09555555555555556,8.398000859375,1.9857142857142858,1.6928571428571428,0.005142857142857143,0.005879077362002525,0.0033078942816350872,0.3505714285714286,0.0072000000000000015,1.53,2.69,21.05,3.7,0.0
2019-03-21 00:00:00+00:00,0.08359375000000001,2.69013986013986,12.817202797202796,2.291888111888112,,0.09846153846153846,8.873498001739131,1.9785714285714286,1.7142857142857142,0.005214285714285715,0.005906808858993103,0.0030981253759704234,0.33185714285714285,0.006600000000000001,2.79,5.11,9.7,5.5,12.1
2019-03-22 00:00:00+00:00,0.08272916666666667,3.160555555555556,12.639791666666667,2.4028472222222224,,0.10583333333333333,8.798853430555555,1.9714285714285713,1.7357142857142855,0.005285714285714286,0.00593454035598368,0.002888356470305759,0.31314285714285717,0.006000000000000001,6.14,9.12,16.94,6.0,0.3
2019-03-23 00:00:00+00:00,0.07707291666666667,2.8443055555555556,12.447083333333333,2.460763888888889,,0.09354166666666668,8.946626461805556,1.9642857142857142,1.7571428571428571,0.005357142857142857,0.005962271852974259,0.0026785875646410952,0.29442857142857143,0.0054,4.69,6.16,23.11,5.0,0.0
2019-03-24 00:00:00+00:00,0.07763541666666667,3.6504255319148937,12.529078014184396,2.5848226950354607,,0.10404255319148936,8.605852972076788,1.957142857142857,1.7785714285714285,0.0054285714285714284,0.0059900033499648364,0.002468818658976431,0.2757142857142857,0.0048000000000000004,2.55,4.2,21.97,6.6,0.0
2019-03-25 00:00:00+00:00,0.07541666666666667,3.737622377622378,12.471538461538461,2.5056643356643358,,0.10307692307692308,9.398343916521739,1.95,1.7999999999999998,0.0055,0.006017734846955414,0.002259049753311767,0.257,0.004200000000000001,1.91,4.52,10.28,10.4,4.3
2019-03-26 00:00:00+00:00,0.07358333333333333,3.932097902097902,12.38923076923077,2.5634507042253523,,0.10076923076923076,9.799912146086957,1.9428571428571428,1.8214285714285714,0.005571428571428572,0.0060454663439459926,0.0020492808476471032,0.2382857142857143,0.0036000000000000008,2.21,4.05,14.44,7.2,2.6
2019-03-27 00:00:00+00:00,0.070125,4.279929577464789,12.434647887323944,2.592183098591549,,0.12507042253521128,9.298620074912892,1.9357142857142857,1.8428571428571427,0.005642857142857143,0.00607319784093657,0.0018395119419824392,0.21957142857142858,0.003000000000000001,1.78,2.94,23.85,4.0,0.0
2019-03-28 00:00:00+00:00,0.06971875000000001,3.7378321678321678,12.51104895104895,2.586993006993007,,0.1055944055944056,9.49419992521739,1.9285714285714286,1.8642857142857143,0.005714285714285714,0.006100929337927149,0.001629743036317775,0.20085714285714287,0.0024000000000000002,2.03,4.3,23.12,5.7,0.0
2019-03-29 00:00:00+00:00,0.0709375,3.581958041958042,12.437902097902098,2.582167832167832,,0.08503496503496503,10.34899399826087,1.9214285714285713,1.8857142857142857,0.0057857142857142855,0.006128660834917726,0.0014199741306531108,0.18214285714285716,0.0018000000000000004,1.97,3.85,18.69,11.4,0.0
2019-03-30 00:00:00+00:00,0.07126041666666666,3.4699305555555555,12.370138888888889,2.5501408450704224,,0.08777777777777779,10.914558675347223,1.9142857142857141,1.907142857142857,0.005857142857142858,0.006156392331908304,0.001210205224988447,0.16342857142857142,0.0012000000000000005,2.77,6.15,19.32,12.5,0.0
2019-03-31 00:00:00+00:00,0.07290624999999999,3.4338571428571427,11.936357142857142,2.599785714285714,,0.07642857142857144,12.103284527972027,1.907142857142857,1.9285714285714284,0.005928571428571429,0.006184123828898882,0.001000436319323783,0.1447142857142857,0.0006000000000000007,5.17,7.94,21.2,10.5,1.5
2019-04-01 00:00:00+00:00,0.07682291666666667,2.618472222222222,11.4415625,2.533333333333333,,0.08597222222222223,11.092754186631945,1.9,1.95,0.006,0.00621185532588946,0.0007906674136591186,0.126,0.0,2.88,5.67,24.42,1.7,0.0
2019-04-02 00:00:00+00:00,0.07626041666666666,3.520909090909091,11.94916083916084,2.626408450704225,,0.08846153846153847,10.58164503652174,1.8007142857142857,2.1,0.006321428571428572,0.006239586822880038,0.0008874838316581942,0.13125,0.0008785714285714285,1.32,2.42,12.93,2.6,0.1
2019-04-03 00:00:00+00:00,0.07163541666666666,3.4355633802816903,12.047042253521127,2.653943661971831,,0.08774647887323944,10.496196172473867,1.7014285714285713,2.25,0.006642857142857143,0.006267318319870616,0.00098430024965727,0.1365,0.001757142857142857,3.13,5.05,24.4,7.5,0.0
2019-04-04 00:00:00+00:00,0.06353125,2.960559440559441,12.032587412587413,2.5538461538461537,,0.08321678321678322,11.145475775652173,1.602142857142857,2.4,0.0069642857142857145,0.006295049816861194,0.0010811166676563456,0.14175000000000001,0.002635714285714286,2.29,3.33,21.84,10.2,0.0
2019-04-05 00:00:00+00:00,0.060447916666666664,2.8509929078014187,11.861560283687943,2.5125531914893617,,0.05347517730496454,11.810017713787087,1.5028571428571427,2.5500000000000003,0.007285714285714286,0.006322781313851771,0.0011779330856554215,0.14700000000000002,0.003514285714285714,2.67,3.91,4.41,9.6,18.4
2019-04-06 00:00:00+00:00,0.059520833333333335,2.807361111111111,11.832916666666668,2.5435416666666666,,0.05923611111111111,12.022544531249999,1.4035714285714285,2.7,0.0076071428571428575,0.00635051281084235,0.0012747495036544972,0.15225,0.004392857142857143,1.34,2.87,15.58,11.6,0.5
2019-04-07 00:00:00+00:00,0.05472916666666666,3.352222222222222,11.81861111111111,2.6644444444444444,,0.06645833333333334,12.404098524305557,1.3042857142857143,2.85,0.007928571428571429,0.0063782443078329275,0.0013715659216535728,0.1575,0.005271428571428572,2.53,4.93,8.34,13.1,0.8
2019-04-08 00:00:00+00:00,0.06406250000000001,2.2303521126760564,11.397464788732394,2.6216901408450703,,0.05535211267605634,13.29904212543554,1.205,3.0,0.00825,0.006405975804823506,0.0014683823396526487,0.16275,0.00615,1.91,3.61,12.0,15.2,5.0
2019-04-09 00:00:00+00:00,0.06990625,2.45125,11.150347222222223,2.7982638888888887,,0.05347222222222223,14.181561041666667,1.1057142857142856,3.1500000000000004,0.008571428571428572,0.006433707301814084,0.0015651987576517242,0.168,0.007028571428571428,2.33,4.19,16.88,15.6,0.4
2019-04-10 00:00:00+00:00,0.06164583333333334,2.511118881118881,10.995944055944056,2.846993006993007,,0.053916083916083914,14.668125113043478,1.0064285714285712,3.3000000000000003,0.008892857142857143,0.006461438798804661,0.0016620151756508,0.17325000000000002,0.007907142857142857,2.32,3.28,25.04,13.8,0.0
2019-04-11 00:00:00+00:00,0.055875,3.3042957746478874,11.28830985915493,3.178661971830986,,0.06549295774647888,14.434183292682926,0.9071428571428571,3.45,0.009214285714285715,0.00648917029579524,0.0017588315936498758,0.17850000000000002,0.008785714285714286,2.32,4.95,21.44,14.5,0.0
2019-04-12 00:00:00+00:00,0.057291666666666664,4.700769230769231,11.117902097902098,3.355874125874126,,0.08734265734265735,14.45979664347826,0.8078571428571428,3.6000000000000005,0.009535714285714286,0.006516901792785817,0.0018556480116489514,0.18375000000000002,0.009664285714285714,3.26,5.73,7.17,15.1,28.0
2019-04-13 00:00:00+00:00,0.06734375,4.954475524475525,10.765664335664336,3.243916083916084,,0.09258741258741258,14.9011548,0.7085714285714286,3.7500000000000004,0.009857142857142858,0.006544633289776395,0.0019524644296480271,0.189,0.010542857142857144,1.78,3.42,10.46,16.2,5.8
2019-04-14 00:00:00+00:00,0.12190625,6.9900000208333335,10.784097222222222,4.094097222222222,,0.12486111111111112,14.480768819444442,0.6092857142857142,3.9000000000000004,0.01017857142857143,0.006572364786766973,0.0020492808476471032,0.19425000000000003,0.011421428571428572,3.25,8.34,5.34,15.2,7.1
2019-04-15 00:00:00+00:00,0.13884375000000002,5.348601395104895,10.590652680652681,5.502027972027972,,0.13272727272727272,14.480182092074593,0.51,4.050000000000001,0.0105,0.006600096283757551,0.0021460972656461787,0.1995,0.0123,6.56,8.02,22.32,10.2,3.2
2019-04-16 00:00:00+00:00,0.09783333333333333,6.8220833125,10.784027777777778,5.298958333333333,,0.16777777777777778,13.338029184027778,0.6085714285714285,4.0357142857142865,0.0105,0.006600096283757551,0.0019524644296480273,0.1945714285714286,0.01152857142857143,3.16,4.97,25.08,8.3,0.0
2019-04-17 00:00:00+00:00,0.09301041666666666,6.414791673611111,11.200972222222223,5.010555555555555,,0.14958333333333332,13.914823211805556,0.7071428571428572,4.021428571428572,0.0105,0.006600096283757551,0.0017588315936498758,0.18964285714285714,0.010757142857142857,2.17,3.42,23.3,15.5,0.0
2019-04-18 00:00:00+00:00,0.09085416666666667,6.733028140845071,11.378521126760564,4.779432624113475,,0.1480281690140845,14.596737125435542,0.8057142857142857,4.007142857142858,0.0105,0.006600096283757551,0.0015651987576517244,0.18471428571428572,0.009985714285714285,2.88,6.23,24.18,16.8,0.0
2019-04-19 00:00:00+00:00,0.09666666666666666,8.007446836879431,10.964397163120568,4.715106382978724,,0.15843971631205675,15.130357260034904,0.9042857142857144,3.9928571428571433,0.0105,0.006600096283757551,0.0013715659216535728,0.1797857142857143,0.009214285714285715,4.55,8.01,6.48,17.4,22.7
2019-04-20 00:00:00+00:00,0.09810416666666666,8.301875020833332,10.731736111111111,5.0008333333333335,,0.19354166666666667,14.711725000000001,1.002857142857143,3.978571428571429,0.0105,0.006600096283757551,0.0011779330856554215,0.17485714285714288,0.008442857142857144,5.05,7.78,18.62,12.4,5.2
2019-04-21 00:00:00+00:00,0.09095833333333332,6.197214285714286,10.628357142857142,4.5795,,0.14978571428571427,15.061584125874125,1.1014285714285714,3.9642857142857144,0.0105,0.006600096283757551,0.0009843002496572701,0.16992857142857143,0.007671428571428572,2.19,4.14,14.67,8.4,0.1
2019-04-22 00:00:00+00:00,0.09079166666666666,4.3572535211267605,10.733368544600939,4.315633802816902,,0.12549295774647887,14.934024375725901,1.2,3.95,0.0105,0.006600096283757551,0.0007906674136591186,0.165,0.006900000000000001,2.62,4.27,26.61,11.6,0.0
2019-04-23 00:00:00+00:00,0.09200000000000001,4.335763888888889,10.861319444444444,4.195069444444445,,0.10930555555555556,15.50411359375,1.3342857142857143,3.7214285714285715,0.010071428571428571,0.006600096283757551,0.0007099870653265554,0.17939285714285716,0.007742857142857143,2.17,3.28,25.63,15.7,0.0
2019-04-24 00:00:00+00:00,0.09082291666666666,3.818055555555555,10.70513888888889,3.989513888888889,,0.07819444444444444,16.43231046875,1.4685714285714286,3.492857142857143,0.009642857142857144,0.006600096283757551,0.0006293067169939923,0.19378571428571428,0.008585714285714287,3.12,4.89,20.44,18.2,0.1
2019-04-25 00:00:00+00:00,0.08916666666666666,3.564154929577465,10.846338028169015,4.054718309859155,,0.06929577464788732,16.695719337979092,1.6028571428571428,3.2642857142857142,0.009214285714285715,0.006600096283757551,0.0005486263686614293,0.20817857142857144,0.009428571428571429,2.03,3.5,19.06,17.1,0.0
2019-04-26 00:00:00+00:00,0.09055208333333332,3.5511347517730494,10.84709219858156,4.183404255319149,,0.08,16.405170279232113,1.737142857142857,3.035714285714286,0.008785714285714286,0.006600096283757551,0.0004679460203288661,0.22257142857142856,0.010271428571428572,4.69,8.7,15.31,16.0,12.2
2019-04-27 00:00:00+00:00,0.08886458333333332,2.3771328671328673,10.359300699300698,4.014895104895105,,0.06923076923076923,15.871328208695653,1.8714285714285714,2.8071428571428574,0.008357142857142858,0.006600096283757551,0.000387265671996303,0.2369642857142857,0.011114285714285715,4.34,6.03,27.47,12.2,0.0
2019-04-28 00:00:00+00:00,0.09014583333333333,1.7486805555555556,10.246111111111112,3.851944444444444,,0.051180555555555556,16.70451138888889,2.005714285714286,2.5785714285714287,0.007928571428571429,0.006600096283757551,0.00030658532366373986,0.25135714285714283,0.011957142857142857,2.68,5.61,21.18,15.2,0.5
2019-04-29 00:00:00+00:00,0.087625,1.7648251748251749,10.30503493006993,3.8988111888111887,,0.05384615384615385,16.402821773913043,2.14,2.35,0.0075,0.006600096283757551,0.00022590497533117671,0.26575,0.0128,2.84,5.33,17.17,11.7,0.0
2019-04-30 00:00:00+00:00,0.08883333333333333,1.6592253521126759,10.355915492957747,3.746197183098592,,0.045140845070422535,16.631010783972126,2.1714285714285717,2.3071428571428574,0.007571428571428571,0.007487504187456045,0.0002743131843307146,0.2842142857142857,0.012328571428571428,1.71,3.4,23.42,16.8,0.2
2019-05-01 00:00:00+00:00,0.088875,1.4666666666666666,10.272916666666667,3.5144444444444445,,0.03638888888888889,17.736915364583336,2.202857142857143,2.2642857142857142,0.007642857142857143,0.00837491209115454,0.0003227213933302524,0.3026785714285714,0.011857142857142858,2.74,4.93,25.75,20.4,0.0
2019-05-02 00:00:00+00:00,0.08818749999999999,1.8564084507042256,10.046619605633802,3.3197887323943664,,0.02556338028169014,18.94075933797909,2.2342857142857144,2.2214285714285715,0.007714285714285714,0.009262319994853035,0.00037112960232979026,0.3211428571428572,0.011385714285714285,1.84,3.8,20.58,20.0,0.4
2019-05-03 00:00:00+00:00,0.08727083333333334,2.3933566433566433,9.899090937062937,3.2595804195804194,,0.023566433566433568,19.653158017391306,2.2657142857142856,2.1785714285714284,0.007785714285714286,0.010149727898551529,0.00041953781132932815,0.3396071428571429,0.010914285714285715,1.7,4.24,22.75,19.6,0.9
2019-05-04 00:00:00+00:00,0.08584375,2.8858333333333333,9.710000027777777,3.2475694444444443,,0.028124999999999997,20.113157847222222,2.297142857142857,2.1357142857142857,0.007857142857142858,0.011037135802250023,0.000467946020328866,0.3580714285714286,0.010442857142857143,1.82,3.36,20.05,19.2,1.3
2019-05-05 00:00:00+00:00,0.08378125000000002,3.0724647887323946,9.493591471830987,3.1569718309859156,,0.02380281690140845,20.156726324041813,2.3285714285714283,2.0928571428571425,0.007928571428571429,0.011924543705948518,0.0005163542293284038,0.3765357142857143,0.009971428571428572,1.87,4.47,12.87,17.7,8.3
2019-05-06 00:00:00+00:00,0.08057894736842106,2.4194755244755246,9.464195772727273,3.2621678321678322,,0.024195804195804197,20.078686391304345,2.36,2.05,0.008,0.012811951609647012,0.0005647624383279417,0.395,0.0095,2.44,4.69,25.6,17.0,0.0
2019-05-07 00:00:00+00:00,0.07565625,3.254861111111111,9.783819319444444,3.450416666666667,,0.025416666666666667,19.73503421875,2.3585714285714285,2.0214285714285714,0.007857142857142858,0.011702691730023893,0.0005163542293284038,0.3625714285714286,0.009171428571428572,1.81,3.22,20.88,16.4,0.8
2019-05-08 00:00:00+00:00,0.07015625,3.0096503496503497,9.72055955944056,3.3522377622377624,,0.023146853146853146,20.172119913043478,2.357142857142857,1.9928571428571427,0.007714285714285714,0.010593431850400776,0.000467946020328866,0.3301428571428572,0.008842857142857142,1.65,4.1,23.14,18.8,0.2
2019-05-09 00:00:00+00:00,0.06409375,3.764577464788733,10.040070373239436,3.5702816901408454,,0.02443661971830986,20.397046271777004,2.355714285714286,1.9642857142857142,0.007571428571428572,0.00948417197077766,0.00041953781132932815,0.2977142857142857,0.008514285714285714,3.17,4.75,23.7,19.6,1.0
2019-05-10 00:00:00+00:00,0.057479166666666665,4.350902777777778,10.068333326388888,3.7026388888888886,,0.02791666666666667,20.56204347222222,2.354285714285714,1.9357142857142857,0.0074285714285714285,0.00837491209115454,0.00037112960232979026,0.2652857142857143,0.008185714285714286,2.81,3.61,19.14,20.0,1.3
2019-05-11 00:00:00+00:00,0.0556875,5.144084514084507,9.663521169014084,3.4799295774647887,,0.034014084507042255,20.83993599303136,2.3528571428571428,1.9071428571428573,0.007285714285714286,0.007265652211531423,0.0003227213933302524,0.23285714285714287,0.007857142857142858,2.08,4.0,6.99,17.8,13.6
2019-05-12 00:00:00+00:00,0.061135416666666664,5.759236111111111,9.709444430555557,3.6462499999999998,,0.03854166666666667,20.546492760416665,2.3514285714285714,1.8785714285714286,0.007142857142857143,0.006156392331908305,0.0002743131843307146,0.20042857142857146,0.007528571428571428,2.3,3.07,9.95,18.0,8.7
2019-05-13 00:00:00+00:00,0.06009375,4.003426573426573,9.83561772960373,3.7311888111888107,,0.03622377622377622,20.326138950724637,2.35,1.85,0.007,0.005047132452285187,0.00022590497533117671,0.168,0.0072,3.01,5.57,21.43,14.9,5.1
2019-05-14 00:00:00+00:00,0.053812500000000006,5.185734265734266,9.746573447552448,3.747972027972028,,0.04300699300699301,19.38864652173913,2.4114285714285715,1.8,0.008666666666666666,0.005435373410153278,0.0003012066337749023,0.20583333333333334,0.007033333333333333,4.8,7.01,21.36,11.7,0.0
2019-05-15 00:00:00+00:00,0.0471875,4.512127659574468,10.055886468085106,3.774964539007092,,0.04624113475177305,18.515244415357763,2.472857142857143,1.75,0.010333333333333333,0.005823614368021369,0.0003765082922186279,0.24366666666666664,0.006866666666666667,2.35,2.69,23.73,12.4,0.0
2019-05-16 00:00:00+00:00,0.042093750000000006,3.8356250000000003,10.10083323611111,3.6538888888888885,,0.03833333333333334,18.710252135416667,2.5342857142857143,1.7,0.012,0.00621185532588946,0.00045180995066235343,0.2815,0.0067,2.64,3.72,26.8,15.5,0.0
2019-05-17 00:00:00+00:00,0.038114583333333334,3.695972222222222,10.071666638888889,3.5896527777777774,,0.02722222222222222,19.11943262152778,2.5957142857142856,2.025,0.0105,0.006114795086422437,0.0004800480725787505,0.24074999999999996,0.006225,2.69,5.02,20.42,18.2,0.8
2019-05-18 00:00:00+00:00,0.03448958333333333,3.176388888888889,9.860486111111111,3.4522222222222223,,0.02090277777777778,20.150841093750003,2.657142857142857,2.35,0.009000000000000001,0.006017734846955414,0.0005082861944951476,0.19999999999999998,0.00575,2.61,3.8,25.68,22.1,0.0
2019-05-19 00:00:00+00:00,0.03129166666666667,2.957202797202797,10.202097874125874,3.5770629370629368,,0.01888111888111888,20.499965060869567,2.7185714285714284,2.675,0.0075,0.005920674607488392,0.0005365243164115446,0.15924999999999997,0.005275,2.53,5.58,23.83,22.5,0.1
2019-05-20 00:00:00+00:00,0.028895833333333332,2.678485915492958,10.20269957629108,3.656901408450704,,0.015774647887323946,21.464798597560975,2.78,3.0,0.006,0.005823614368021369,0.0005647624383279417,0.1185,0.0048,2.85,5.1,22.74,21.9,0.2
2019-05-21 00:00:00+00:00,0.025760416666666664,3.155070422535211,10.821478852112676,3.962394366197183,,0.01767605633802817,21.578132351916377,2.867142857142857,2.6333333333333333,0.007666666666666666,0.006470682631134855,0.0006024132675498045,0.198,0.005166666666666667,2.39,3.05,27.53,19.5,0.0
2019-05-22 00:00:00+00:00,0.023333333333333334,2.8528671328671327,10.918111888111888,4.065734265734266,,0.015594405594405595,21.272736452173913,2.954285714285714,2.2666666666666666,0.009333333333333332,0.007117750894248339,0.0006400640967716674,0.27749999999999997,0.005533333333333334,2.37,4.0,26.3,18.0,0.0
2019-05-23 00:00:00+00:00,0.02303125,3.1210416666666667,10.799791666666668,4.098958333333333,,0.01673611111111111,21.763199375,3.0414285714285714,1.9,0.011,0.007764819157361825,0.0006777149259935302,0.357,0.005900000000000001,2.33,5.63,23.31,21.6,0.0
2019-05-24 00:00:00+00:00,0.021833333333333333,3.732027972027972,10.766223776223775,4.137412587412587,,0.027132867132867132,22.395532991304346,3.1285714285714286,2.0125,0.0095,0.007085397481092666,0.0006777149259935302,0.3255625,0.0056125,3.71,5.51,25.12,24.6,0.1
2019-05-25 00:00:00+00:00,0.0220625,3.4008333333333334,11.061805555555557,4.120694444444444,,0.03395833333333333,22.798884583333333,3.2157142857142857,2.125,0.008,0.006405975804823506,0.0006777149259935302,0.29412499999999997,0.005325,1.84,3.35,23.45,23.7,0.6
2019-05-26 00:00:00+00:00,0.023802083333333335,2.928391608391608,11.138951048951048,4.175524475524476,,0.04825174825174825,23.481837791304347,3.302857142857143,2.2375,0.0065,0.005726554128554346,0.0006777149259935302,0.2626875,0.0050375,2.65,4.21,25.26,24.9,0.0
2019-05-27 00:00:00+00:00,0.024344086021505375,2.408576388888889,10.199861107638888,4.180208333333334,,0.061666666666666675,23.89901518229167,3.39,2.35,0.005,0.005047132452285187,0.0006777149259935302,0.23125,0.00475,3.09,4.24,24.85,24.1,0.2
2019-05-28 00:00:00+00:00,0.022427083333333334,2.73125,11.532291666666667,4.580486111111111,,0.08715277777777779,23.96019920138889,3.06,2.533333333333333,0.004,0.006988337241625643,0.0006024132675498046,0.23508333333333334,0.0054666666666666665,2.97,5.07,27.76,25.1,0.0
2019-05-29 00:00:00+00:00,0.021354166666666664,2.730694444444444,11.232430555555556,4.540208333333333,,0.1326388888888889,24.166177708333336,2.73,2.716666666666667,0.003,0.0089295420309661,0.000527111609106079,0.23891666666666667,0.006183333333333334,3.31,4.8,22.2,25.0,0.2
2019-05-30 00:00:00+00:00,0.020458333333333332,3.233566433566433,9.84545465034965,3.8625874125874127,,0.13076923076923078,24.098238695652174,2.4,2.9,0.002,0.010870746820306556,0.00045180995066235343,0.24275,0.006900000000000001,3.43,5.51,21.41,24.0,0.0
2019-05-31 00:00:00+00:00,0.020739583333333332,2.614513888888889,10.025763868055556,3.8018750000000003,,0.2084027777777778,24.28663982638889,2.3754545454545455,2.8,0.0035,0.008735421552032054,0.0003670955849131622,0.2623125,0.0086,2.47,4.04,19.64,22.5,2.4
2019-06-01 00:00:00+00:00,0.020229166666666666,2.650902777777778,10.1640278125,3.9140972222222223,,0.21381944444444445,23.948105868055556,2.3509090909090906,2.7,0.005,0.006600096283757552,0.0002823812191639709,0.281875,0.0103,2.34,3.72,27.17,20.7,1.6
2019-06-02 00:00:00+00:00,0.01815625,2.88056338028169,10.133239408450704,3.9056338028169018,,0.20950704225352113,23.689122595818816,2.326363636363636,2.6,0.006500000000000001,0.00446477101548305,0.0001976668534147796,0.3014375,0.012,2.62,4.18,24.2,22.1,0.0
2019-06-03 00:00:00+00:00,0.013092307692307691,3.5457692307692303,9.766754470385674,3.559020979020979,383.90999999999997,0.1674125874125874,23.858202621145374,2.3018181818181818,2.5,0.008,0.0023294457472085475,0.00011295248766558836,0.321,0.013699999999999999,3.56,5.17,29.22,19.9,0.0
2019-06-04 00:00:00+00:00,,3.1409790209790214,10.256783251748251,3.8588811188811194,,0.17748251748251748,22.902533982608695,2.2772727272727273,2.6333333333333333,0.009666666666666667,0.0036235822734355183,0.00015060331688745114,0.28500000000000003,0.012433333333333333,2.01,4.2,29.27,17.8,0.0
2019-06-05 00:00:00+00:00,,3.5056338028169014,10.21499997887324,3.8096478873239437,,0.20161971830985914,22.79308162020906,2.2527272727272725,2.7666666666666666,0.011333333333333332,0.00491771879966249,0.00018825414610931394,0.249,0.011166666666666667,1.72,3.27,14.65,20.1,2.8
2019-06-06 00:00:00+00:00,0.025863636363636363,3.9836805555555554,9.987121634020617,3.8831249999999997,786.4955555555556,0.2136111111111111,23.048700298329358,2.228181818181818,2.9,0.013,0.00621185532588946,0.00022590497533117671,0.213,0.0099,2.16,3.52,23.34,22.9,0.3
2019-06-07 00:00:00+00:00,0.03507291666666667,3.708881118881119,10.109440552447552,3.8244755244755244,,0.21062937062937065,23.236537008695652,2.2036363636363636,4.45,0.011875,0.006794216762691597,0.0003388574629967651,0.24056249999999998,0.0088875,1.79,3.3,6.18,20.0,11.8
2019-06-08 00:00:00+00:00,0.06364583333333333,3.3456643356643356,9.541748195804196,3.679160839160839,,0.19475524475524478,22.387718486956523,2.1790909090909087,6.0,0.01075,0.007376578199493734,0.0004518099506623535,0.268125,0.007875,3.42,4.85,4.56,17.5,75.0
2019-06-09 00:00:00+00:00,0.062,3.6016666666666666,9.695902701388889,4.107083333333333,,0.22972222222222222,21.440081180555556,2.1545454545454543,4.875,0.009625,0.007958939636295872,0.0005647624383279418,0.2956875,0.0068625,3.5,4.22,7.8,17.8,7.4
2019-06-10 00:00:00+00:00,0.06978125,5.4428214285714285,9.31479569479966,5.019645390070922,242.6342105263158,0.28290780141843974,21.428981869918697,2.13,3.75,0.0085,0.008541301073098008,0.0006777149259935302,0.32325,0.005849999999999999,1.64,3.75,15.79,20.6,7.3
2019-06-11 00:00:00+00:00,0.07642708333333333,2.8640140845070423,10.051338,4.392042253521127,,0.2221830985915493,21.838229860627177,2.0866666666666664,3.3,0.009333333333333334,0.006988337241625643,0.0006024132675498046,0.3155,0.0072,3.87,5.16,30.26,18.8,4.1
2019-06-12 00:00:00+00:00,0.06530208333333333,3.402013888888889,10.342499965277778,4.563194444444445,,0.2347222222222222,21.49031904513889,2.0433333333333334,2.8499999999999996,0.010166666666666666,0.005435373410153278,0.000527111609106079,0.30774999999999997,0.00855,2.5,4.72,24.47,16.7,0.3
2019-06-13 00:00:00+00:00,0.06008333333333333,3.736223776223776,9.782283443708609,4.633496503496504,321.6286206896552,0.29041958041958044,21.380987942332894,2.0,2.4,0.011,0.0038824095786809125,0.00045180995066235343,0.3,0.0099,2.61,5.79,24.4,17.4,5.6
2019-06-14 00:00:00+00:00,0.04933333333333333,3.2343055555555558,10.477569444444445,4.5136111111111115,,0.30243055555555554,21.16962342013889,1.8675,2.425,0.010124999999999999,0.0038824095786809125,0.00045180995066235343,0.287625,0.009675,4.04,5.47,30.66,16.5,0.0
2019-06-15 00:00:00+00:00,0.043625,2.901048951048951,10.675174825174825,4.4201398601398605,,0.3125174825174825,21.280572347826087,1.7349999999999999,2.45,0.00925,0.003882409578680913,0.00045180995066235343,0.27525,0.00945,2.32,5.06,27.91,17.9,0.0
2019-06-16 00:00:00+00:00,0.0415625,3.1675524475524472,10.874125874125873,4.45048951048951,,0.35251748251748255,21.847263860869564,1.6025,2.475,0.008375,0.003882409578680913,0.00045180995066235343,0.26287499999999997,0.009225,2.44,4.16,23.45,22.0,0.2
2019-06-17 00:00:00+00:00,0.04131914893617022,4.878848924460431,9.997284205710955,4.592877697841726,450.57,0.39258992805755394,22.767923536699392,1.47,2.5,0.0075,0.003882409578680913,0.00045180995066235343,0.2505,0.009,1.87,3.55,22.69,23.4,3.0
2019-06-18 00:00:00+00:00,0.03829166666666667,3.665734265734266,11.674265734265735,4.945174825174825,,0.41202797202797203,22.874236695652176,1.53,2.7333333333333334,0.008,0.0060824416732667645,0.0006777149259935301,0.3115,0.007933333333333334,1.69,3.24,14.53,21.8,7.5
2019-06-19 00:00:00+00:00,0.0369375,4.437986111111112,12.059027777777779,5.116180555555555,,0.4584027777777778,23.045180000000002,1.5899999999999999,2.966666666666667,0.008499999999999999,0.008282473767852615,0.0009036199013247067,0.3725,0.006866666666666667,1.46,3.18,18.0,21.3,14.0
2019-06-20 00:00:00+00:00,0.035520833333333335,5.695902784722223,10.87647229299363,5.310833333333333,180.07000000000002,0.5575,23.564249813084114,1.65,3.2,0.009,0.010482505862438466,0.0011295248766558833,0.4335,0.0058000000000000005,2.45,5.71,16.1,21.3,2.3
2019-06-21 00:00:00+00:00,0.031145833333333334,4.710489510489511,11.108251748251748,4.565524475524476,,0.4028671328671329,23.548824852173915,1.625,3.0500000000000003,0.00925,0.009317782988834192,0.0009600961451575008,0.39975,0.005625,5.2,7.35,25.1,21.1,0.0
2019-06-22 00:00:00+00:00,0.028270833333333332,5.19625,10.491597222222222,4.2839583333333335,,0.39493055555555556,23.332671649305556,1.5999999999999999,2.9000000000000004,0.0095,0.008153060115229918,0.0007906674136591183,0.366,0.00545,1.75,3.39,19.25,19.9,6.4
2019-06-23 00:00:00+00:00,0.026052083333333333,4.510972222222223,10.881041659722221,4.349236111111111,,0.40652777777777777,23.20413828125,1.575,2.75,0.00975,0.006988337241625643,0.0006212386821607359,0.33225,0.005275,1.77,3.41,25.83,19.4,0.0
2019-06-24 00:00:00+00:00,0.027720430107526884,5.320839160839161,10.42386138211382,4.241468531468532,1293.142857142857,0.37258741258741257,23.696384773722627,1.55,2.6,0.01,0.005823614368021369,0.00045180995066235343,0.2985,0.0050999999999999995,2.0,4.12,24.79,22.9,0.0
2019-06-25 00:00:00+00:00,0.030760416666666665,4.70830985915493,11.823380281690142,4.986338028169014,,0.4297887323943662,24.43296216027875,1.5133333333333334,2.9333333333333336,0.010833333333333334,0.007894232809984523,0.000527111609106079,0.328,0.006133333333333333,3.62,5.0,24.75,23.8,3.7
2019-06-26 00:00:00+00:00,0.026614583333333334,3.881818181818182,11.3646153986014,4.497132867132867,,0.3788111888111888,24.833132452173913,1.4766666666666666,3.2666666666666666,0.011666666666666667,0.009964851251947677,0.0006024132675498046,0.3575,0.007166666666666666,2.26,2.92,27.18,22.9,0.0
2019-06-27 00:00:00+00:00,0.02521978021978022,5.4653125000000005,10.276753436065574,4.460486111111111,1225.285,0.3692361111111111,25.059372235609104,1.44,3.6,0.0125,0.01203546969391083,0.0006777149259935302,0.387,0.008199999999999999,1.73,2.56,23.86,24.0,0.1
2019-06-28 00:00:00+00:00,0.02575,4.506223776223776,11.9755943986014,4.847202797202797,,0.43832167832167834,25.585590226086957,1.455,3.55,0.01175,0.010870746820306556,0.000621238682160736,0.3645,0.007225,1.64,3.03,22.77,25.0,0.0
2019-06-29 00:00:00+00:00,0.018875,4.6959440559440555,11.235944048951048,4.356993006993006,,0.42524475524475525,25.85786245217391,1.47,3.5,0.011,0.009706023946702282,0.0005647624383279418,0.34199999999999997,0.0062499999999999995,1.97,2.78,24.33,25.0,0.0
2019-06-30 00:00:00+00:00,0.010479166666666666,5.787361111111111,11.785763868055556,4.769722222222223,,0.5447222222222222,25.94065690972222,1.4849999999999999,3.45,0.01025,0.008541301073098008,0.0005082861944951476,0.3195,0.005275,3.54,5.74,26.13,25.7,0.0
2019-07-01 00:00:00+00:00,0.00909375,9.109965031468532,9.370134326018809,5.004825174825174,1138.413,0.6044055944055945,26.229654047306177,1.5,3.4,0.0095,0.007376578199493734,0.00045180995066235343,0.297,0.0043,2.47,3.47,28.67,25.1,0.0
2019-07-02 00:00:00+00:00,0.015604166666666667,6.704166666666667,11.082847263888889,4.400069444444444,,0.5290277777777779,26.308702239583333,1.5,3.4,0.01075,0.006794216762691597,0.014570870908860898,0.32999999999999996,0.0072499999999999995,1.96,4.16,23.31,24.7,0.4
2019-07-03 00:00:00+00:00,0.013927083333333333,7.796923076923077,8.820508042145594,4.589370629370629,1079.15625,0.6371328671328671,26.313203766048503,1.5,3.4,0.012,0.00621185532588946,0.02868993186705944,0.363,0.010199999999999999,2.5,3.5,24.47,25.6,0.0
2019-07-04 00:00:00+00:00,0.013479166666666667,8.822430555555556,11.39625,5.221041666666667,,0.8505555555555556,26.262114739583335,1.5,3.44,0.011300000000000001,0.006444799900610315,0.02304230748378002,0.38839999999999997,0.009519999999999999,1.66,2.56,20.05,24.8,4.9
2019-07-05 00:00:00+00:00,0.012374999999999999,10.049440580419581,11.643846153846154,5.60006993006993,,1.0246153846153847,26.293887721739132,1.5,3.48,0.0106,0.00667774447533117,0.017394683100500605,0.4138,0.008839999999999999,1.71,3.5,22.07,24.3,2.9
2019-07-06 00:00:00+00:00,0.010625,9.333888881944445,11.540416673611112,5.547222222222222,,1.0816666666666666,26.72077515625,1.5,3.52,0.0099,0.006910689050052024,0.01174705871722119,0.4392,0.008159999999999999,1.29,3.77,23.69,25.4,2.0
2019-07-07 00:00:00+00:00,0.00915625,9.824930527777777,12.403055569444444,6.324583333333333,,1.3003472222222223,26.922661770833333,1.5,3.56,0.0092,0.007143633624772879,0.006099434333941771,0.4646,0.00748,1.78,3.02,18.92,25.1,6.4
2019-07-08 00:00:00+00:00,0.009010416666666667,8.908916094405594,9.32088052112676,5.369020979020979,1788.207142857143,0.7314685314685314,27.161275375722543,1.5,3.6,0.0085,0.007376578199493734,0.00045180995066235343,0.49,0.0068,2.02,3.34,24.35,24.7,0.9
2019-07-09 00:00:00+00:00,0.008697916666666666,7.678732422535212,10.89859156338028,6.116056338028169,,0.7726056338028169,26.77442268292683,1.477142857142857,3.6357142857142857,0.009142857142857144,0.006766485265701019,0.0004195378113293282,0.4725,0.006857142857142857,2.02,4.01,14.31,22.5,0.3
2019-07-10 00:00:00+00:00,0.007375,6.114615398601399,9.804265727272726,5.230349650349651,,0.5518881118881119,26.581920208695653,1.4542857142857144,3.6714285714285713,0.009785714285714286,0.006156392331908305,0.0003872656719963029,0.45499999999999996,0.006914285714285714,1.53,3.11,20.52,23.9,0.7
2019-07-11 00:00:00+00:00,0.008291666666666668,6.650209804195804,9.694755293706294,5.176433566433567,,0.5429370629370629,26.86771276521739,1.4314285714285715,3.707142857142857,0.01042857142857143,0.005546299398115589,0.0003549935326632777,0.4375,0.006971428571428571,1.43,4.22,15.86,23.9,6.7
2019-07-12 00:00:00+00:00,0.007729166666666666,7.314791666666666,9.34027775,4.689166666666667,,0.39208333333333334,27.13897512152778,1.4085714285714286,3.742857142857143,0.011071428571428572,0.004936206464322875,0.00032272139333025247,0.42,0.007028571428571428,2.38,3.42,23.79,24.9,0.3
2019-07-13 00:00:00+00:00,0.0070729166666666675,9.031180555555556,10.210416666666667,5.21,,0.5041666666666667,27.34771138888889,1.3857142857142857,3.7785714285714285,0.011714285714285714,0.004326113530530159,0.0002904492539972272,0.40249999999999997,0.0070857142857142855,1.75,2.62,27.32,25.5,0.0
2019-07-14 00:00:00+00:00,0.006510416666666667,9.984265720279721,10.11433565034965,4.879370629370629,,0.38405594405594407,27.62422836521739,1.362857142857143,3.814285714285714,0.012357142857142856,0.003716020596737445,0.00025817711466420197,0.385,0.007142857142857143,2.34,3.72,28.34,25.8,0.0
2019-07-15 00:00:00+00:00,0.0074375,21.069236104166666,10.056548323420074,4.915763888888889,173.15411764705883,0.3761805555555556,27.61844459610028,1.34,3.8499999999999996,0.013,0.00310592766294473,0.00022590497533117671,0.3675,0.0072,1.64,3.04,24.39,25.9,0.3
2019-07-16 00:00:00+00:00,0.006958333333333334,16.593380288732394,10.76781690140845,5.1856737588652475,,0.4657746478873239,27.71741637630662,1.298888888888889,4.1,0.011666666666666665,0.0056942007153986725,0.0004518099506623535,0.3655,0.008166666666666666,1.6,2.8,18.71,26.3,0.0
2019-07-17 00:00:00+00:00,0.007385416666666666,20.397323943661974,11.747615376923077,5.765140845070422,,0.5667605633802817,27.662857280858677,1.2577777777777779,4.35,0.010333333333333333,0.008282473767852613,0.0006777149259935302,0.3635,0.009133333333333334,1.88,4.03,17.26,25.7,1.3
2019-07-18 00:00:00+00:00,0.0077395833333333336,18.817534722222224,10.121118458461538,5.023541666666667,393.74899999999997,0.4952777777777777,27.66018988265971,1.2166666666666668,4.6,0.009,0.010870746820306556,0.0009036199013247069,0.3615,0.0101,2.71,3.92,22.59,26.0,2.6
2019-07-19 00:00:00+00:00,0.0069375,25.22244755244755,10.904055937062937,4.757552447552448,,0.4907692307692308,28.15737805217391,1.1755555555555557,4.7375,0.009625,0.009706023946702282,0.0008753817794083098,0.364125,0.0101,2.3,4.1,22.43,26.9,0.0
2019-07-20 00:00:00+00:00,0.006791666666666667,28.89845070422535,11.428450676056338,4.964929577464789,,0.5372535211267606,28.432992212543553,1.1344444444444446,4.875,0.010249999999999999,0.008541301073098008,0.0008471436574919128,0.36675,0.0101,2.23,3.67,25.68,28.0,0.0
2019-07-21 00:00:00+00:00,0.0088125,30.661805555555556,10.308055555555555,4.302499999999999,,0.51375,28.394376788194442,1.0933333333333333,5.0125,0.010875,0.007376578199493734,0.0008189055355755157,0.369375,0.0101,2.08,3.28,18.91,26.9,9.7
2019-07-22 00:00:00+00:00,0.009270833333333334,25.59829861111111,9.669222081395349,4.625694444444445,267.6644444444444,0.6877083333333334,27.3316173962804,1.0522222222222222,5.15,0.0115,0.00621185532588946,0.0007906674136591186,0.372,0.0101,2.3,4.2,14.19,24.4,2.5
2019-07-23 00:00:00+00:00,0.015635416666666666,44.87797202797203,10.135804181818182,5.0569930069930065,,0.8672027972027972,26.207553547826087,1.011111111111111,4.9,0.012333333333333333,0.005953028020644066,0.0015060331688745115,0.429,0.0097,2.18,3.35,7.58,19.3,18.0
2019-07-24 00:00:00+00:00,0.011020833333333334,48.06830985915493,10.533521112676056,5.3409154929577465,,0.9878169014084508,25.335718240418117,0.97,4.65,0.013166666666666667,0.005694200715398672,0.0022213989240899043,0.486,0.009300000000000001,2.21,3.12,27.92,20.1,0.0
2019-07-25 00:00:00+00:00,0.009375,53.826875,10.948749999999999,5.155347222222222,,1.102638888888889,25.369939149305555,1.0133333333333334,4.4,0.014,0.005435373410153278,0.002936764679305297,0.4896,0.00924,2.24,3.38,23.39,20.5,0.0
2019-07-26 00:00:00+00:00,0.00915625,55.66433566433567,11.663356643356643,5.434685314685314,,1.1743356643356644,25.299517739130437,1.0566666666666666,4.5,0.013375,0.006308915565356483,0.002372002240977355,0.49319999999999997,0.00918,1.44,2.24,23.22,21.3,0.0
2019-07-27 00:00:00+00:00,0.008895833333333334,51.26479166666667,11.810069444444444,5.313611111111111,,1.1540277777777779,25.48725894097222,1.1,4.6000000000000005,0.012750000000000001,0.007182457720559688,0.0018072398026494135,0.4968,0.00912,1.36,2.86,24.63,22.1,0.0
2019-07-28 00:00:00+00:00,0.008822916666666666,48.5379020979021,11.955594405594406,5.35937062937063,,1.141188811188811,25.867064347826087,1.0,4.7,0.012125,0.008055999875762894,0.0012424773643214717,0.5004,0.00906,1.49,2.53,24.99,23.9,0.1
2019-07-29 00:00:00+00:00,0.008322916666666666,32.21627659574468,10.323120512820513,5.649078014184397,1441.6000000000001,1.2068794326241135,26.0810609672619,0.9,4.8,0.0115,0.008929542030966098,0.0006777149259935302,0.504,0.009,2.02,3.06,23.15,24.3,0.0
2019-07-30 00:00:00+00:00,0.0098125,40.57503496503496,12.026013986013986,5.40972027972028,,1.1497902097902097,26.181913008695652,0.9333333333333333,4.733333333333333,0.011666666666666667,0.007247164546871037,0.0007530165844372558,0.686,0.008466666666666666,1.67,2.88,22.1,24.9,0.0
2019-07-31 00:00:00+00:00,0.015395833333333333,33.17951388888889,10.258194416666667,4.615208333333333,,1.0538194444444444,26.01044845486111,0.9666666666666667,4.666666666666666,0.011833333333333333,0.005564787062775974,0.0008283182428809813,0.8680000000000001,0.007933333333333334,1.58,3.45,18.91,23.8,0.1
2019-08-01 00:00:00+00:00,0.012822916666666665,35.77006993006993,9.293321447949527,4.988741258741259,1079.7454545454545,1.1930769230769231,25.765235986842104,1.0,4.6,0.012,0.0038824095786809125,0.0009036199013247069,1.05,0.0074,1.31,2.5,20.89,22.6,3.0
2019-08-02 00:00:00+00:00,0.011187500000000001,31.74513888888889,10.056527770833334,5.401458333333333,,1.162986111111111,25.53651041666667,1.0257142857142858,4.8625,0.010750000000000001,0.004561831254950072,0.0008189055355755156,0.896625,0.0085,1.66,2.6,15.84,21.6,8.0
2019-08-03 00:00:00+00:00,0.008562499999999999,24.799236111111114,10.099305506944445,5.589583333333334,,1.0720833333333333,25.620970815972225,1.0514285714285714,5.125,0.009500000000000001,0.005241252931219232,0.0007341911698263243,0.74325,0.009600000000000001,1.08,1.8,23.25,22.8,1.3
2019-08-04 00:00:00+00:00,0.007666666666666666,18.55076923076923,10.112517468531468,5.5122377622377625,,0.9047552447552447,26.25393702608696,1.0771428571428572,5.3875,0.00825,0.005920674607488392,0.000649476804077133,0.5898749999999999,0.010700000000000001,1.63,3.92,24.91,24.8,0.0
2019-08-05 00:00:00+00:00,0.008010416666666667,22.703958333333333,8.836117457671959,5.707762237762238,671.7999090909092,0.9689583333333334,26.26375095953757,1.1028571428571428,5.65,0.007,0.006600096283757551,0.0005647624383279417,0.4365,0.011800000000000001,1.71,2.41,12.55,22.3,0.2
2019-08-06 00:00:00+00:00,0.043812500000000004,12.397708333333334,9.417708333333334,6.276180555555555,,0.736875,26.022212586805555,1.1285714285714286,5.4,0.0074285714285714285,0.006932874247644486,0.0006777149259935301,0.4765,0.012133333333333335,1.5,4.5,22.32,23.8,0.2
2019-08-07 00:00:00+00:00,0.027802083333333335,12.09678323076923,9.300349664335664,6.97055944055944,,0.7565734265734265,25.734815095652174,1.1542857142857141,5.15,0.007857142857142858,0.007265652211531422,0.0007906674136591185,0.5165,0.012466666666666668,1.98,2.96,19.25,23.9,0.7
2019-08-08 00:00:00+00:00,0.024072916666666666,10.103263875,8.546816250980394,6.457361111111111,881.4,0.7407638888888889,25.70662027496382,1.18,4.9,0.008285714285714285,0.007598430175418357,0.0009036199013247067,0.5565,0.0128,2.74,4.29,23.67,24.5,0.0
2019-08-09 00:00:00+00:00,0.021260416666666667,10.806180555555555,9.528888833333333,6.538055555555555,,0.7922916666666667,25.618106649305556,1.2,4.75,0.008714285714285714,0.007931208139305292,0.0010165723889902951,0.499375,0.01595,3.13,4.44,22.51,24.7,0.0
2019-08-10 00:00:00+00:00,0.017875,10.998671328671328,9.941328636363636,6.050909090909091,,0.8054545454545455,25.568492486956522,1.22,4.6,0.009142857142857144,0.008263986103192228,0.0011295248766558835,0.44225000000000003,0.0191,2.01,4.3,19.88,23.1,0.4
2019-08-11 00:00:00+00:00,0.015416666666666667,12.078741251748253,10.207902083916084,6.172517482517482,,0.9413986013986014,25.43695716521739,1.24,4.45,0.009571428571428571,0.008596764067079163,0.001242477364321472,0.385125,0.02225,1.9,2.91,26.29,22.4,0.0
2019-08-12 00:00:00+00:00,0.011687500000000002,23.76336879078014,9.216435146757679,6.48241134751773,999.1054545454546,1.1202127659574468,25.394789849315067,1.26,4.3,0.01,0.008929542030966098,0.0013554298519870603,0.328,0.0254,1.43,3.8,23.01,23.5,0.5
2019-08-13 00:00:00+00:00,0.009239583333333334,16.90527777777778,12.01548611111111,6.752638888888889,,1.4704166666666667,25.81883079861111,1.28,4.675,0.01025,0.007570698678427779,0.0008471436574919128,0.3497142857142857,0.025328571428571426,1.71,4.61,13.27,25.1,7.1
2019-08-14 00:00:00+00:00,0.0076875,13.758671328671328,9.089388450757577,6.49986013986014,617.5264893617021,1.4453846153846153,26.410076484607746,1.3,5.05,0.0105,0.00621185532588946,0.0003388574629967651,0.37142857142857144,0.025257142857142856,2.66,4.03,22.67,26.4,0.0
2019-08-15 00:00:00+00:00,0.009947916666666666,13.354615398601398,8.730399034918277,6.676153846153847,200.85051979166667,1.5553146853146853,26.10744804004215,1.24,5.28,0.0106,0.006910689050052024,0.000813257911192236,0.3931428571428571,0.025185714285714284,1.93,3.26,20.58,24.8,0.4
2019-08-16 00:00:00+00:00,0.010531249999999999,14.693521126760563,12.381549295774649,6.924366197183098,,1.79443661971831,26.359057195121952,1.18,5.51,0.0107,0.007609522774214589,0.001287658359387707,0.41485714285714287,0.025114285714285714,1.69,2.88,20.83,24.0,4.5
2019-08-17 00:00:00+00:00,0.00903125,13.42326388888889,12.571180555555555,7.016944444444444,,1.8491666666666664,26.788731961805556,1.12,5.74,0.0108,0.008308356498377153,0.0017620588075831778,0.43657142857142855,0.02504285714285714,1.43,3.09,21.92,24.4,0.7
2019-08-18 00:00:00+00:00,0.007604166666666666,12.486853146853147,12.80020979020979,7.164055944055944,,1.7826573426573427,26.785402260869564,1.06,5.97,0.0109,0.009007190222539718,0.002236459255778649,0.4582857142857143,0.02497142857142857,1.4,3.56,22.29,25.5,0.0
2019-08-19 00:00:00+00:00,0.00696875,19.18223775874126,11.054143265306124,7.03874127972028,1071.8500000000001,1.8316783216783217,26.986067920937046,1.0,6.2,0.011,0.009706023946702282,0.00271085970397412,0.48,0.0249,1.39,2.2,20.11,25.1,2.6
2019-08-20 00:00:00+00:00,0.0064375,10.959027770833334,12.39625,7.375833354166667,,1.7636111111111112,26.691424166666664,0.9888888888888889,5.8,0.009833333333333333,0.008541301073098008,0.002372002240977355,0.60025,0.027916666666666666,1.97,5.26,21.88,25.8,0.9
2019-08-21 00:00:00+00:00,0.006187499999999999,8.983958347222222,11.727361111111112,7.130069451388888,,1.6806944444444445,26.633444444444443,0.9777777777777777,5.4,0.008666666666666666,0.007376578199493734,0.0020331447779805903,0.7205,0.030933333333333334,2.21,4.0,19.74,25.3,0.0
2019-08-22 00:00:00+00:00,0.006333333333333333,22.376964282142858,10.26518578680203,7.398214292857142,778.9639999999999,1.6737142857142857,26.733390362776024,0.9666666666666667,5.0,0.0075,0.00621185532588946,0.001694287314983825,0.84075,0.03395,2.59,4.01,20.6,26.3,0.3
2019-08-23 00:00:00+00:00,0.01165625,7.633749979166666,10.652083305555557,6.518541666666667,,1.8518750000000002,26.608527743055554,0.9555555555555556,4.958333333333333,0.007583333333333333,0.005823614368021369,0.001637811071151031,0.807125,0.032108333333333336,1.61,2.6,16.52,23.2,5.9
2019-08-24 00:00:00+00:00,0.010593749999999999,8.659999992647059,8.124338235294118,6.863308823529412,,1.2416176470588234,25.663657904929575,0.9444444444444444,4.916666666666667,0.007666666666666666,0.005435373410153278,0.0015813348273182367,0.7735,0.030266666666666667,1.78,3.01,10.0,19.2,2.3
2019-08-25 00:00:00+00:00,0.007927083333333333,7.104685335664336,9.068181776223776,6.377202797202797,,1.7957342657342659,24.910154539130435,0.9333333333333333,4.875,0.00775,0.005047132452285186,0.0015248585834854425,0.7398750000000001,0.028425,1.84,3.21,16.06,18.4,0.0
2019-08-26 00:00:00+00:00,0.00721875,6.098472222222222,9.163055576388889,6.220902777777777,,1.7058333333333333,24.26476095486111,0.9222222222222223,4.833333333333333,0.007833333333333333,0.004658891494417095,0.0014683823396526483,0.70625,0.026583333333333334,1.93,2.56,16.95,18.7,0.7
2019-08-27 00:00:00+00:00,0.0079375,6.088251734265734,8.450139895104895,6.166223776223776,,1.6511188811188813,23.825525530434785,0.9111111111111111,4.791666666666667,0.007916666666666667,0.004270650536549004,0.001411906095819854,0.672625,0.02474166666666667,1.84,2.7,7.73,18.6,5.1
2019-08-28 00:00:00+00:00,0.0071666666666666675,14.646909722222222,6.395202873508354,6.199513888888889,161.63888888888889,1.7329861111111111,23.79947006976744,0.9,4.75,0.008,0.0038824095786809125,0.00135542985198706,0.639,0.0229,2.14,4.64,19.17,21.3,1.7
2019-08-29 00:00:00+00:00,0.0077083333333333335,4.811458333333333,8.921527833333334,5.939791666666667,,1.6146527777777777,23.983449288194446,0.9130434782608696,4.76,0.0078000000000000005,0.005357725218579659,0.001219886866788354,0.6573,0.0245,2.56,4.1,25.01,20.3,0.0
2019-08-30 00:00:00+00:00,0.0071875,4.823617021276596,8.779148907801417,5.850851063829787,,1.5297872340425531,23.69980403141361,0.9260869565217391,4.77,0.0076,0.006833040858478407,0.001084343881589648,0.6756,0.026099999999999998,1.74,2.9,23.84,20.4,0.0
2019-08-31 00:00:00+00:00,0.00709375,4.470422535211267,9.18971833802817,6.093521126760563,,1.513732394366197,23.86717566202091,0.9391304347826087,4.78,0.0074,0.008308356498377153,0.000948800896390942,0.6939000000000001,0.0277,2.16,4.08,21.73,22.7,0.1
2019-09-01 00:00:00+00:00,0.007510416666666666,4.7352816901408445,10.007957788732394,6.417253521126761,,1.8149295774647884,24.108677891986062,0.9521739130434783,4.79,0.0072,0.0097836721382759,0.0008132579111922362,0.7122,0.0293,1.94,3.32,21.6,23.1,0.0
2019-09-02 00:00:00+00:00,0.006927083333333334,4.620349650349651,8.904668782178218,6.557832167832168,882.2325,2.073986013986014,24.29122942367601,0.9652173913043478,4.8,0.007,0.011258987778174646,0.0006777149259935302,0.7305,0.030899999999999997,1.17,1.78,20.61,22.9,0.0
2019-09-03 00:00:00+00:00,0.006291666666666667,3.888461538461538,10.211118853146854,6.345454545454546,,1.6344755244755245,24.606731704347826,0.9782608695652174,4.844444444444444,0.007,0.01052564374664603,0.0006024132675498046,0.7170000000000001,0.030088888888888887,1.73,2.95,21.57,23.4,0.1
2019-09-04 00:00:00+00:00,0.006135416666666667,4.547832167832168,9.856712727272727,6.995454545454546,1317.316875,2.246993006993007,24.76126176646707,0.991304347826087,4.888888888888888,0.007,0.009792299715117412,0.000527111609106079,0.7035,0.029277777777777778,1.62,2.48,22.55,24.9,0.0
2019-09-05 00:00:00+00:00,0.0062187499999999995,4.271249999999999,11.201250027777778,6.807986111111111,,2.241736111111111,25.219176354166667,1.0043478260869565,4.933333333333334,0.007,0.009058955683588795,0.00045180995066235343,0.6900000000000001,0.028466666666666664,2.56,4.26,14.48,24.1,0.0
2019-09-06 00:00:00+00:00,0.006416666666666667,3.281118881118881,8.457692293706295,5.765104895104895,,0.893006993006993,25.072493634782607,1.017391304347826,4.977777777777778,0.007,0.008325611652060179,0.00037650829221862783,0.6765,0.027655555555555555,3.68,4.74,22.59,23.1,0.0
2019-09-07 00:00:00+00:00,0.006270833333333333,4.71664334965035,8.680489503496505,5.858461538461539,,1.0627972027972028,24.601271826086954,1.0304347826086957,5.022222222222222,0.007,0.0075922676205315625,0.0003012066337749023,0.663,0.026844444444444445,2.99,3.97,20.34,22.9,0.0
2019-09-08 00:00:00+00:00,0.006447916666666667,4.875416673611111,8.740833319444445,5.933402777777777,,1.0404166666666665,24.221693767361113,1.0434782608695652,5.066666666666666,0.007,0.006858923589002946,0.0002259049753311767,0.6495,0.026033333333333335,1.87,3.66,22.41,21.5,0.0
2019-09-09 00:00:00+00:00,0.006124999999999999,6.3392307762237765,9.117622370629372,6.322237762237762,,1.1913986013986013,24.385628556521738,1.0565217391304347,5.111111111111112,0.007,0.006125579557474329,0.0001506033168874511,0.636,0.025222222222222222,1.17,2.75,15.51,22.6,0.4
2019-09-10 00:00:00+00:00,0.006333333333333333,5.044042553191489,9.402978773049645,6.441985815602838,,1.4215602836879433,24.417538516579405,1.0695652173913044,5.155555555555556,0.007,0.005392235525945712,7.530165844372549e-05,0.6225,0.024411111111111113,1.51,2.79,11.49,22.2,0.3
2019-09-11 00:00:00+00:00,0.006604166666666667,2.946993006993007,8.869022088353415,6.159300699300699,960.4166666666666,1.3912587412587412,24.689832865497074,1.0826086956521739,5.2,0.007,0.004658891494417095,0.0,0.609,0.023600000000000003,1.28,3.83,19.71,25.1,0.0
2019-09-12 00:00:00+00:00,0.007458333333333333,3.0784722222222225,10.232013868055555,6.325833333333333,,1.5974305555555555,25.267807100694444,1.0956521739130434,5.127777777777778,0.007,0.0075491297363239965,0.00040160884503320305,0.6060277777777777,0.024255555555555558,1.93,2.57,19.18,25.8,0.0
2019-09-13 00:00:00+00:00,0.006833333333333334,3.2738194444444444,10.420694430555555,6.410416666666666,,1.9036111111111111,24.988760017361113,1.108695652173913,5.055555555555555,0.007,0.010439367978230897,0.0008032176900664061,0.6030555555555556,0.024911111111111113,2.39,4.52,9.94,23.0,1.8
2019-09-14 00:00:00+00:00,0.007197916666666668,3.7178169014084506,8.859154887323944,6.152676056338028,,1.5148591549295776,24.17213170731707,1.1217391304347826,4.983333333333333,0.007,0.013329606220137801,0.0012048265350996091,0.6000833333333333,0.025566666666666668,2.13,3.1,10.97,20.6,1.0
2019-09-15 00:00:00+00:00,0.007020833333333334,3.276111111111111,9.70340273611111,6.025138888888889,,2.0580555555555557,24.221096562499998,1.134782608695652,4.911111111111111,0.007,0.0162198444620447,0.0016064353801328122,0.5971111111111111,0.026222222222222223,1.46,2.6,21.86,22.9,0.0
2019-09-16 00:00:00+00:00,0.0064375,2.5892957746478875,9.477746457746479,5.983943661971831,,2.0769718309859155,24.28363768292683,1.1478260869565218,4.838888888888889,0.007,0.019110082703951602,0.0020080442251660152,0.5941388888888889,0.026877777777777778,1.22,2.14,20.5,22.8,0.0
2019-09-17 00:00:00+00:00,0.006229166666666667,2.1966901408450705,8.775985929577464,6.126408450704226,,1.766619718309859,24.37428454703833,1.1608695652173913,4.766666666666667,0.007,0.022000320945858506,0.0024096530701992183,0.5911666666666667,0.027533333333333333,2.35,5.0,16.57,22.3,0.0
2019-09-18 00:00:00+00:00,0.006135416666666667,2.8749305555555558,8.44791670138889,6.252291666666667,,1.6885416666666666,23.835085156250003,1.1739130434782608,4.694444444444445,0.007,0.024890559187765407,0.0028112619152324213,0.5881944444444445,0.02818888888888889,1.73,3.61,10.58,19.8,1.1
2019-09-19 00:00:00+00:00,0.006156249999999999,3.0415972222222223,8.509513847222221,5.869305555555555,,1.902638888888889,23.06436482638889,,4.622222222222222,0.007,0.027780797429672308,0.0032128707602656244,0.5852222222222223,0.028844444444444443,1.88,2.61,17.33,16.4,0.1
2019-09-20 00:00:00+00:00,0.00634065934065934,15.826180555555556,6.14912253626943,5.836041666666667,172.7328571428571,1.9049305555555556,22.21190372121212,1.2,4.55,0.007,0.030671035671579208,0.0036144796052988274,0.58225,0.0295,1.09,2.2,21.13,16.1,0.0
2019-09-21 00:00:00+00:00,0.006093749999999999,4.301527777777777,8.413472215277778,5.776944444444444,,1.7564583333333335,22.448235381944446,1.1714285714285715,4.614285714285714,0.007071428571428571,0.027509645014653323,0.003291758211968575,0.5896071428571429,0.027935714285714282,1.58,2.63,16.96,20.6,0.8
2019-09-22 00:00:00+00:00,0.006052083333333333,4.250555555555556,8.35638886111111,5.878611111111111,,1.4038194444444445,22.62053157986111,1.1428571428571428,4.678571428571429,0.007142857142857143,0.024348254357727438,0.0029690368186383225,0.5969642857142857,0.02637142857142857,1.85,3.01,18.04,22.5,0.0
2019-09-23 00:00:00+00:00,0.005781250000000001,4.473636363636364,8.727202804195803,5.928811188811189,,1.525944055944056,22.80166794782609,1.1142857142857143,4.742857142857143,0.007214285714285714,0.02118686370080155,0.0026463154253080702,0.6043214285714286,0.024807142857142854,2.81,3.65,16.32,23.6,0.0
2019-09-24 00:00:00+00:00,0.005968750000000001,5.001608391608392,9.820279706293706,5.768111888111888,,1.9344055944055945,23.01080233043478,1.0857142857142856,4.807142857142857,0.007285714285714286,0.018025473043875667,0.002323594031977818,0.6116785714285715,0.02324285714285714,2.67,3.4,21.18,21.5,0.0
2019-09-25 00:00:00+00:00,0.005927083333333334,5.3423076993007,9.470699244755245,5.683286713286714,,1.8625874125874127,22.38421384347826,1.0571428571428572,4.871428571428571,0.007357142857142857,0.014864082386949778,0.0020008726386475653,0.6190357142857144,0.021678571428571426,2.02,3.11,18.69,18.9,0.0
2019-09-26 00:00:00+00:00,0.005916666666666667,5.617112676056338,9.591971802816902,5.559929577464788,,1.7433098591549296,22.40206991289199,1.0285714285714285,4.935714285714286,0.0074285714285714285,0.011702691730023893,0.0016781512453173128,0.6263928571428572,0.02011428571428571,2.77,5.09,15.73,21.8,0.4
2019-09-27 00:00:00+00:00,0.005958333333333334,4.483687943262412,7.37879248015873,5.553758865248227,171.96,1.6019148936170213,22.304125181950507,1.0,5.0,0.0075,0.008541301073098008,0.0013554298519870603,0.63375,0.018549999999999997,1.87,2.97,17.73,21.4,0.0
2019-09-28 00:00:00+00:00,0.006197916666666667,4.671538461538462,8.991398622377623,5.754055944055945,,1.4234265734265734,22.535281443478258,0.9714285714285714,5.214285714285714,0.007928571428571429,0.008042134127267606,0.0013070216429875224,0.6629642857142858,0.02019642857142857,1.56,3.18,14.15,22.2,6.1
2019-09-29 00:00:00+00:00,0.005979166666666667,3.210277777777778,9.254652784722222,5.6325,,1.5285416666666665,23.205353263888888,0.9428571428571428,5.428571428571429,0.008357142857142856,0.007542967181437202,0.0012586134339879847,0.6921785714285714,0.02184285714285714,1.7,2.48,15.98,23.2,0.2
2019-09-30 00:00:00+00:00,0.005916666666666667,2.918041958041958,9.134685300699301,5.933986013986013,,1.1467132867132865,23.167052052173915,0.9142857142857144,5.642857142857143,0.008785714285714286,0.007043800235606799,0.0012102052249884467,0.7213928571428572,0.023489285714285713,1.52,2.41,9.45,22.5,1.4
2019-10-01 00:00:00+00:00,0.005958333333333334,2.334895104895105,8.75062934965035,5.977062937062938,,1.1163636363636364,23.40089819130435,0.8857142857142857,5.857142857142858,0.009214285714285715,0.006544633289776397,0.0011617970159889088,0.7506071428571429,0.025135714285714282,1.37,2.41,15.48,23.7,0.1
2019-10-02 00:00:00+00:00,0.005645833333333333,1.8085416666666667,6.904221225519288,6.004513888888889,246.92714285714285,1.2118055555555556,23.708929432989688,0.8571428571428572,6.071428571428571,0.009642857142857144,0.0060454663439459926,0.0011133888069893708,0.7798214285714287,0.026782142857142855,2.33,3.91,17.52,25.3,0.0
2019-10-03 00:00:00+00:00,0.005458333333333333,2.901,9.549714278571429,5.941071428571429,,1.962642857142857,23.732484195804197,0.8285714285714286,6.285714285714286,0.010071428571428571,0.00554629939811559,0.001064980597989833,0.8090357142857143,0.028428571428571428,2.47,3.45,18.88,25.3,0.0
2019-10-04 00:00:00+00:00,0.005239583333333333,20.59996527777778,5.811702134020618,5.970416666666667,896.7031034482759,1.400486111111111,23.505111807017546,0.8,6.5,0.0105,0.005047132452285187,0.0010165723889902951,0.83825,0.030074999999999998,2.91,3.33,18.88,24.1,0.0
2019-10-05 00:00:00+00:00,0.005854166666666667,3.972916666666667,9.276736111111111,5.600208333333333,,2.595902777777778,22.447764392361112,0.7857142857142857,6.335714285714285,0.010285714285714287,0.00554629939811559,0.0010649805979898329,0.8420357142857143,0.029678571428571426,3.12,3.85,11.35,14.8,0.0
2019-10-06 00:00:00+00:00,0.007302083333333333,3.7196527777777777,7.002152777777777,5.632152777777778,,2.0482638888888887,21.20850800347222,0.7714285714285715,6.171428571428572,0.010071428571428571,0.0060454663439459926,0.0011133888069893708,0.8458214285714286,0.029282142857142857,2.04,4.02,10.86,15.8,0.1
2019-10-07 00:00:00+00:00,0.006093749999999999,4.554857142857142,7.158062007751938,5.677,,2.315714285714286,20.850035072202164,0.7571428571428571,6.007142857142857,0.009857142857142858,0.006544633289776396,0.0011617970159889086,0.8496071428571429,0.028885714285714285,2.42,3.91,11.02,18.6,0.1
2019-10-08 00:00:00+00:00,0.007791666666666666,4.814097222222222,7.983333374999999,5.620555555555556,,2.946597222222222,20.324616909722224,0.7428571428571429,5.8428571428571425,0.009642857142857142,0.007043800235606799,0.0012102052249884465,0.8533928571428572,0.028489285714285714,2.69,4.03,7.42,16.1,0.2
2019-10-09 00:00:00+00:00,0.00665625,4.125174825174825,7.217062937062937,5.574405594405595,,2.794825174825175,19.802561565217392,0.7285714285714285,5.678571428571428,0.009428571428571429,0.0075429671814372014,0.0012586134339879842,0.8571785714285715,0.02809285714285714,1.94,2.61,14.31,14.3,2.2
2019-10-10 00:00:00+00:00,0.006458333333333333,4.424507042253521,7.589295767605633,5.616619718309859,,2.890070422535211,19.9092531184669,0.7142857142857142,5.514285714285714,0.009214285714285713,0.008042134127267606,0.0013070216429875222,0.8609642857142857,0.027696428571428573,1.56,2.66,17.64,15.8,0.0
2019-10-11 00:00:00+00:00,0.006458333333333333,4.792406015037594,5.976756702614379,5.647744360902255,125.66,2.8801503759398495,19.5847418258427,0.7,5.35,0.009,0.008541301073098008,0.00135542985198706,0.86475,0.0273,1.34,2.38,17.6,15.9,0.0
2019-10-12 00:00:00+00:00,0.006062499999999999,3.8426056338028167,8.184577464788733,5.693732394366197,,3.2021830985915494,19.5837837456446,0.71,4.3374999999999995,0.008,0.011258987778174646,0.0016491063199175896,0.849,0.02731,2.05,5.23,11.28,16.2,0.0
2019-10-13 00:00:00+00:00,0.006000000000000001,4.00979020979021,7.7891608391608385,5.70041958041958,,2.7250349650349652,18.709722504347827,0.72,3.3249999999999997,0.006999999999999999,0.013976674483251284,0.0019427827878481193,0.83325,0.02732,2.5,4.11,11.81,14.0,3.6
2019-10-14 00:00:00+00:00,0.006208333333333333,4.204166666666667,8.151805555555555,5.622916666666667,,2.8824305555555556,18.28402013888889,0.73,2.3124999999999996,0.006,0.016694361188327924,0.0022364592557786492,0.8175,0.027330000000000004,2.26,3.41,18.28,14.5,0.0
2019-10-15 00:00:00+00:00,0.005906250000000001,4.6550349650349645,8.062727272727273,5.527202797202797,,3.011118881118881,17.71242276521739,0.74,1.3,0.005,0.01941204789340456,0.0025301357237091787,0.8017500000000001,0.027340000000000003,2.39,3.45,17.54,13.1,0.0
2019-10-16 00:00:00+00:00,0.01084375,5.539647887323944,8.31323943661972,5.57943661971831,,3.05556338028169,17.44135400696864,0.75,4.75,0.004,0.0221297345984812,0.0028238121916397086,0.786,0.027350000000000003,2.84,6.24,6.96,12.1,22.0
2019-10-17 00:00:00+00:00,0.00721875,4.442657342657342,7.896013986013987,5.356503496503497,,2.525944055944056,16.410348799999998,0.7666666666666667,4.628571428571428,0.003785714285714286,0.026233996153086737,0.0026140432859750443,0.7756071428571429,0.027014285714285716,6.03,7.39,15.06,9.2,0.0
2019-10-18 00:00:00+00:00,0.00678125,4.597816901408451,8.171267605633803,5.289647887323944,,2.593732394366197,15.693581951219514,0.7833333333333333,4.507142857142857,0.0035714285714285718,0.030338257707692273,0.0024042743803103805,0.7652142857142857,0.02667857142857143,3.11,4.35,17.32,9.8,0.0
2019-10-19 00:00:00+00:00,0.006583333333333333,3.564375,8.241319444444445,5.454166666666667,,2.5909027777777776,15.00587498263889,0.8,4.385714285714286,0.003357142857142857,0.034442519262297806,0.002194505474645716,0.7548214285714286,0.026342857142857144,1.61,3.38,12.64,8.1,0.0
2019-10-20 00:00:00+00:00,0.0196875,4.052499999999999,9.079791666666667,5.560833333333333,,2.720416666666667,14.872211145833335,0.8166666666666667,4.264285714285714,0.003142857142857143,0.038546780816903346,0.0019847365689810523,0.7444285714285714,0.02600714285714286,2.58,4.37,5.63,11.1,62.7
2019-10-21 00:00:00+00:00,0.008,4.320902777777778,9.120694444444444,5.675138888888889,,2.8353472222222225,14.841448368055556,0.8333333333333334,4.142857142857142,0.002928571428571429,0.04265104237150888,0.001774967663316388,0.7340357142857143,0.025671428571428574,1.91,3.31,8.82,12.9,0.1
2019-10-22 00:00:00+00:00,0.012447916666666668,5.492097902097902,6.511195767494357,5.766013986013986,1038.5582857142858,3.2044755244755248,14.938916178861788,0.85,4.021428571428571,0.0027142857142857142,0.04675530392611442,0.001565198757651724,0.7236428571428571,0.025335714285714288,2.91,3.98,3.38,14.0,24.0
2019-10-23 00:00:00+00:00,0.008572916666666666,5.024685314685314,7.291409831460674,5.788881118881118,757.33375,3.2355244755244756,14.81908993718593,0.8666666666666667,3.9,0.0025,0.05085956548071995,0.00135542985198706,0.71325,0.025,3.06,4.27,16.48,11.3,0.0
2019-10-24 00:00:00+00:00,0.007385416666666666,4.141408450704225,9.58605633802817,5.785211267605634,,2.947112676056338,14.44838149825784,0.8833333333333333,4.325,0.0034999999999999996,0.043482987281226224,0.0019201922903150017,0.7678571428571429,0.027592857142857145,1.95,2.51,16.26,8.9,0.0
2019-10-25 00:00:00+00:00,0.007020833333333334,5.16943661971831,6.989549801061007,5.715633802816901,324.64051020408164,3.420492957746479,14.234045182186234,0.9,4.75,0.0045,0.03610640908173249,0.0024849547286429434,0.8224642857142858,0.030185714285714288,1.47,2.76,8.28,9.8,0.0
2019-10-26 00:00:00+00:00,0.0071666666666666675,6.997916666666667,11.025138888888888,5.623333333333333,,4.620208333333333,14.505603506944444,0.8333333333333334,4.566666666666666,0.004333333333333333,0.027435694356011786,0.0021837480948680415,0.8770714285714286,0.03277857142857143,2.14,4.34,7.81,13.1,0.4
2019-10-27 00:00:00+00:00,0.017843750000000002,8.063958333333334,11.071527777777778,5.806180555555556,,3.7077777777777774,15.139943854166667,0.7666666666666666,4.383333333333334,0.004166666666666667,0.01876497963029108,0.001882541461093139,0.9316785714285714,0.035371428571428574,3.77,5.5,14.88,17.1,18.7
2019-10-28 00:00:00+00:00,0.009010416666666667,7.529285714285714,8.75583672413793,5.890928571428572,625.1133333333333,4.1778571428571425,15.23397595862069,0.7,4.2,0.004,0.010094264904570374,0.0015813348273182371,0.9862857142857142,0.037964285714285714,2.48,3.54,15.17,13.2,0.0
2019-10-29 00:00:00+00:00,0.008,6.799300699300699,11.197202797202797,6.0458041958041955,,3.504265734265734,15.071788730434783,0.6,5.325,0.00625,0.007182457720559689,0.0010730486328230893,1.040892857142857,0.04055714285714286,1.27,2.0,6.11,12.7,0.8
2019-10-30 00:00:00+00:00,0.010531249999999999,5.164685314685315,8.616295751633986,6.204545454545454,24.308600000000002,1.8593706293706294,15.053718263795423,0.5,6.45,0.0085,0.004270650536549004,0.0005647624383279417,1.0955,0.04315,1.47,3.19,2.57,13.3,6.0
2019-10-31 00:00:00+00:00,0.021781250000000002,4.289444444444444,9.779305555555556,6.301666666666666,,1.1788194444444444,14.987167447916667,0.62,6.133333333333334,0.008,0.009878575483532544,0.0008910696249174191,1.034111111111111,0.041911111111111114,4.11,8.41,5.46,17.6,31.2
2019-11-01 00:00:00+00:00,0.01592708333333333,5.11972027972028,10.044195804195803,6.1605633802816895,,2.736153846153846,14.57365864347826,0.74,5.816666666666666,0.007500000000000001,0.015486500430516083,0.0012173768115068965,0.9727222222222222,0.04067222222222222,5.05,9.94,15.2,5.0,5.8
2019-11-02 00:00:00+00:00,0.010395833333333333,3.612361111111111,9.070555555555556,5.988333333333333,,2.0034027777777776,13.625210625000001,0.8600000000000001,5.5,0.007,0.021094425377499622,0.001543683998096374,0.9113333333333333,0.039433333333333334,1.95,4.3,14.77,4.1,0.0
2019-11-03 00:00:00+00:00,0.009010416666666667,3.7390209790209785,9.641748251748252,6.0609090909090915,,2.141958041958042,13.21757464347826,0.98,5.183333333333334,0.006500000000000001,0.026702350324483162,0.0018699911846858513,0.8499444444444444,0.03819444444444445,2.68,3.45,14.73,5.0,0.0
2019-11-04 00:00:00+00:00,0.008520833333333333,3.797412587412587,8.187134810126583,6.146503496503497,162.74,2.0781118881118883,12.674821500742942,1.1,4.866666666666666,0.006,0.0323102752714667,0.002196298371275329,0.7885555555555556,0.036955555555555554,2.0,4.2,14.06,4.7,0.0
2019-11-05 00:00:00+00:00,0.008052083333333333,4.635625,10.042291666666666,6.155,,2.2299305555555557,12.384771649305556,1.06,4.55,0.0055,0.03791820021845024,0.0025226055578648062,0.7271666666666667,0.03571666666666667,2.16,3.45,13.32,7.7,0.0
2019-11-06 00:00:00+00:00,0.007885416666666667,4.6107092198581565,10.37758865248227,6.154468085106383,,2.3907801418439716,12.243204659685864,1.02,4.2333333333333325,0.005,0.04352612516543378,0.0028489127444542837,0.6657777777777778,0.03447777777777778,2.59,4.96,14.12,8.3,0.0
2019-11-07 00:00:00+00:00,0.008,5.344125874125875,10.614685314685316,6.1513986013986015,,2.5004195804195803,12.0787468,0.98,3.9166666666666665,0.0045000000000000005,0.049134050112417324,0.003175219931043761,0.6043888888888889,0.03323888888888889,1.43,2.94,6.74,8.3,1.2
2019-11-08 00:00:00+00:00,0.008052083333333333,5.514405594405594,8.526279769736842,6.151328671328671,102.44,2.5704895104895105,11.72272608930988,0.94,3.5999999999999996,0.004,0.054741975059400864,0.0035015271176332386,0.543,0.032,4.54,6.55,14.42,4.0,0.4
2019-11-09 00:00:00+00:00,0.00790625,5.994027777777777,10.835486111111111,6.206736111111111,,2.647777777777778,11.051420364583333,0.9533333333333333,3.641666666666666,0.00425,0.05047132452285186,0.0033226856788293904,0.5521458333333333,0.03165,1.83,3.32,12.2,-0.2,0.0
2019-11-10 00:00:00+00:00,0.00778125,5.411608391608392,11.198951048951049,6.282447552447552,,2.7754545454545454,10.505857443478261,0.9666666666666667,3.683333333333333,0.0045000000000000005,0.046200673986302856,0.003143844240025542,0.5612916666666667,0.0313,1.84,3.32,13.09,5.3,0.0
2019-11-11 00:00:00+00:00,0.00778125,6.3282517482517475,11.622237762237763,6.237902097902098,,2.8995804195804196,10.537096417391304,0.98,3.7249999999999996,0.00475,0.041930023449753856,0.002965002801221694,0.5704375,0.03095,1.94,4.0,12.24,8.9,0.0
2019-11-12 00:00:00+00:00,0.008458333333333333,6.649645390070922,11.809507042253522,6.1862676056338035,,3.1019014084507046,10.436355167247386,0.9933333333333333,3.766666666666666,0.005,0.03765937291320485,0.002786161362417846,0.5795833333333333,0.0306,4.84,7.48,6.55,4.7,2.8
2019-11-13 00:00:00+00:00,0.008041666666666667,7.515416666666667,11.81201388888889,6.2195833333333335,,3.0552083333333333,9.27475009375,1.0066666666666666,3.808333333333333,0.00525,0.03338872237665585,0.0026073199236139977,0.5887291666666667,0.03025,3.11,5.44,13.42,-4.4,0.0
2019-11-14 00:00:00+00:00,0.007791666666666666,6.516503496503496,11.92111888111888,6.2903496503496505,,2.9265034965034964,8.486965116521738,1.02,3.8499999999999996,0.0055,0.029118071840106844,0.0024284784848101495,0.597875,0.0299,1.51,2.62,9.59,-2.0,0.0
2019-11-15 00:00:00+00:00,0.007947916666666667,6.607552447552448,12.27878787878788,6.2615384615384615,,3.013286713286713,8.21977475795053,1.0333333333333334,3.891666666666666,0.00575,0.02484742130355784,0.0022496370460063013,0.6070208333333333,0.02955,1.92,2.83,8.89,2.2,0.0
2019-11-16 00:00:00+00:00,0.007927083333333333,5.841888111888112,12.625,6.236666666666667,,3.038819444444444,8.076742017361111,1.0466666666666666,3.933333333333333,0.006,0.020576770767008833,0.0020707956072024527,0.6161666666666668,0.0292,3.03,4.1,12.97,1.7,0.0
2019-11-17 00:00:00+00:00,0.008,7.3514583333333325,12.82798611111111,6.249027777777778,,3.094513888888889,7.8308439045138885,1.06,3.9749999999999996,0.00625,0.016306120230459832,0.0018919541683986047,0.6253125,0.02885,2.22,3.35,6.94,1.7,0.0
2019-11-18 00:00:00+00:00,0.008666666666666666,8.166056338028168,12.949366197183098,6.274718309859155,,3.1057042253521128,7.668113867595819,1.0733333333333335,4.016666666666667,0.006500000000000001,0.012035469693910832,0.0017131127295947565,0.6344583333333333,0.028499999999999998,0.92,1.6,2.07,3.1,4.3
2019-11-19 00:00:00+00:00,0.00815625,6.822727272727272,12.921818181818182,6.236643356643357,,3.03972027972028,7.575796429565218,1.0866666666666667,4.058333333333333,0.00675,0.007764819157361824,0.0015342712907909085,0.6436041666666668,0.028149999999999998,2.03,3.71,7.34,3.4,0.0
2019-11-20 00:00:00+00:00,0.008020833333333333,7.001388881944445,10.197120607028754,6.169097222222223,1209.8,3.0580555555555557,7.7887385635876845,1.1,4.1,0.007,0.0034941686208128215,0.0013554298519870603,0.65275,0.0278,3.48,5.73,12.14,4.5,0.0
2019-11-21 00:00:00+00:00,0.00775,6.832816908450704,12.86774647887324,6.226690140845071,,3.001408450704225,7.517204054006969,1.1025,4.0874999999999995,0.006965277777777778,0.00348338414976093,0.0013413107910288618,0.6490798611111112,0.027793055555555553,2.13,3.38,8.22,4.0,0.0
2019-11-22 00:00:00+00:00,0.007947916666666667,7.2404166736111115,12.924305555555556,6.2058041958041965,,3.0278472222222224,7.565233635416667,1.105,4.074999999999999,0.006930555555555556,0.0034725996787090384,0.0013271917300706633,0.6454097222222223,0.02778611111111111,2.49,5.71,2.83,7.3,3.7
2019-11-23 00:00:00+00:00,0.009520833333333334,7.230985922535211,12.697535211267605,6.232323943661972,,2.995492957746479,7.4059702526132405,1.1075000000000002,4.0625,0.006895833333333334,0.003461815207657147,0.0013130726691124646,0.6417395833333334,0.027779166666666664,2.27,4.11,2.05,3.0,10.9
2019-11-24 00:00:00+00:00,0.009875,6.767222215277778,12.576805555555556,6.199652777777778,,2.894236111111111,7.379985234375001,1.11,4.05,0.006861111111111111,0.003451030736605256,0.0012989536081542661,0.6380694444444445,0.02777222222222222,4.44,7.61,11.62,4.6,13.4
2019-11-25 00:00:00+00:00,0.008364583333333333,6.64307693006993,12.636783216783217,6.16909090909091,,2.861958041958042,7.275855878260869,1.1125,4.0375,0.006826388888888889,0.0034402462655533646,0.0012848345471960676,0.6343993055555556,0.027765277777777778,2.81,4.76,11.7,4.7,0.0
2019-11-26 00:00:00+00:00,0.007927083333333333,6.097552447552448,12.601958041958042,6.154545454545454,,2.8704895104895107,7.076793206956522,1.115,4.0249999999999995,0.006791666666666666,0.003429461794501473,0.0012707154862378691,0.6307291666666667,0.027758333333333333,1.78,2.82,10.83,5.8,0.0
2019-11-27 00:00:00+00:00,0.008989583333333334,6.976993006993007,12.619300699300698,6.152027972027972,,2.8294405594405596,7.362768994782608,1.1175,4.012499999999999,0.006756944444444445,0.0034186773234495815,0.0012565964252796704,0.6270590277777778,0.027751388888888888,2.55,5.3,6.35,8.8,9.5
2019-11-28 00:00:00+00:00,0.008718749999999999,6.991538447552447,12.47034965034965,6.145034965034965,,2.760839160839161,7.008464676521739,1.12,3.9999999999999996,0.006722222222222222,0.0034078928523976902,0.001242477364321472,0.623388888888889,0.027744444444444443,5.37,6.94,11.38,5.9,0.0
2019-11-29 00:00:00+00:00,0.008145833333333333,8.660367639705882,12.603750000000002,6.0775,,2.7679411764705883,7.002453720070422,1.1225,3.9875,0.0066875,0.0033971083813457985,0.0012283583033632734,0.6197187500000001,0.0277375,2.54,5.45,9.37,4.3,0.0
2019-11-30 00:00:00+00:00,0.009708333333333333,7.36314686013986,12.601468531468532,6.091398601398602,,2.7161538461538464,7.040848862608696,1.125,3.9749999999999996,0.006652777777777778,0.003386323910293907,0.001214239242405075,0.6160486111111112,0.027730555555555553,1.59,2.68,2.14,4.4,11.5
2019-12-01 00:00:00+00:00,0.025145833333333336,6.979280568345324,12.378633093525181,6.160071942446043,,2.652589928057554,6.809629250437829,1.1275,3.9625,0.006618055555555556,0.003375539439242016,0.0012001201814468765,0.6123784722222223,0.02772361111111111,2.06,3.89,3.17,4.8,23.1
2019-12-02 00:00:00+00:00,0.015270833333333332,7.4562936993007005,12.221468531468531,6.194825174825175,,2.619020979020979,6.6439721460869565,1.13,3.9499999999999997,0.006583333333333333,0.0033647549681901246,0.0011860011204886777,0.6087083333333334,0.027716666666666667,4.5,7.39,6.16,3.6,0.6
2019-12-03 00:00:00+00:00,0.011666666666666665,6.5587323943661975,12.332464788732395,6.261267605633803,,2.5853521126760564,6.2941737682926835,1.1324999999999998,3.9374999999999996,0.006548611111111111,0.003353970497138233,0.0011718820595304792,0.6050381944444445,0.027709722222222222,5.23,7.01,10.11,1.9,0.0
2019-12-04 00:00:00+00:00,0.009760416666666666,8.079999992957747,12.334718309859154,6.309859154929577,,2.5514084507042254,5.954995120209059,1.135,3.925,0.0065138888888888885,0.0033431860260863416,0.0011577629985722808,0.6013680555555556,0.027702777777777778,4.38,6.86,11.09,2.8,0.0
2019-12-05 00:00:00+00:00,0.015104166666666667,7.1929167013888895,12.408541666666666,6.293541666666666,,2.5766666666666667,5.825465897569445,1.1375,3.9124999999999996,0.006479166666666667,0.0033324015550344503,0.0011436439376140823,0.5976979166666667,0.027695833333333333,5.16,8.1,10.95,4.8,0.0
2019-12-06 00:00:00+00:00,0.012895833333333334,7.133758872340426,9.287565492957746,6.312553191489362,281.4373076923077,2.5803546099290777,5.639367252873563,1.14,3.9,0.0064444444444444445,0.0033216170839825586,0.0011295248766558835,0.5940277777777778,0.027688888888888888,1.89,2.97,3.47,3.4,0.0
2019-12-07 00:00:00+00:00,0.008395833333333333,8.434609921985816,12.459718309859154,6.366056338028169,,2.4927464788732396,5.488757148083624,1.1477647058823528,3.8874999999999997,0.006409722222222222,0.0033108326129306673,0.001115405815697685,0.5903576388888889,0.027681944444444443,2.19,3.56,9.77,4.5,0.0
2019-12-08 00:00:00+00:00,0.00828125,7.021831,12.44992957746479,6.375211267605634,,2.4258450704225356,5.278683728222997,1.1555294117647057,3.875,0.0063750000000000005,0.003300048141878776,0.0011012867547394866,0.5866875,0.027674999999999998,1.71,2.64,10.3,0.5,0.0
2019-12-09 00:00:00+00:00,0.011427083333333332,7.154930548611111,12.508333333333333,6.355972222222222,,2.518472222222222,5.162580534722222,1.1632941176470588,3.8625,0.006340277777777778,0.0032892636708268842,0.001087167693781288,0.5830173611111111,0.027668055555555553,1.81,4.03,1.23,2.3,10.0
2019-12-10 00:00:00+00:00,0.010656249999999999,8.221748272727272,12.56201388888889,6.309652777777778,,2.429027777777778,5.356560857638889,1.1710588235294117,3.8499999999999996,0.006305555555555556,0.003278479199774993,0.0010730486328230896,0.5793472222222222,0.02766111111111111,2.89,5.23,1.97,8.1,4.3
2019-12-11 00:00:00+00:00,0.010604166666666666,7.857708340277778,12.567916666666667,6.285833333333333,,2.390902777777778,5.303084032986111,1.1788235294117646,3.8375,0.006270833333333333,0.0032676947287231016,0.0010589295718648908,0.5756770833333333,0.027654166666666667,4.52,5.73,11.12,0.6,5.5
2019-12-12 00:00:00+00:00,0.009520833333333333,7.779510503496503,12.562587412587414,6.300352112676056,,2.4332167832167833,4.936642671304348,1.1865882352941175,,,,,,,2.16,3.34,10.83,-1.9,0.0
2019-12-13 00:00:00+00:00,0.011916666666666666,7.551338028169014,12.611619718309859,6.298802816901408,,2.4235211267605634,4.710041641114982,1.1943529411764704,,,,,,,1.5,2.57,1.99,-1.2,15.6
2019-12-14 00:00:00+00:00,0.019864583333333335,8.418333326388888,12.607222222222223,6.2936805555555555,,2.4059027777777775,4.754695289930556,1.2021176470588235,,,,,,,3.02,6.31,7.17,4.2,12.3
2019-12-15 00:00:00+00:00,0.0151875,6.984929598591549,12.681468531468532,6.238811188811189,,2.3723076923076922,4.8665447043478265,1.2098823529411764,,,,,,,3.25,4.93,9.27,4.3,0.0
2019-12-16 00:00:00+00:00,0.012052083333333333,7.5041549295774646,12.786433566433567,6.245104895104895,,2.343916083916084,4.9083497530434785,1.2176470588235293,,,,,,,1.73,3.14,4.33,5.2,0.7
2019-12-17 00:00:00+00:00,0.01121875,7.457762223776224,12.75173611111111,6.230625,,2.305972222222222,5.072273651041666,1.2254117647058822,,,,,,,3.16,7.0,4.49,7.7,4.9
2019-12-18 00:00:00+00:00,0.0101875,8.363888895833334,12.756319444444445,6.219861111111111,,2.245277777777778,4.834512076388889,1.2331764705882353,,,,,,,5.05,7.14,10.84,-0.5,0.0
2019-12-19 00:00:00+00:00,0.0094375,6.989930090909091,12.919166666666666,6.200763888888889,,2.2574305555555556,4.214916432291667,1.2409411764705882,,,,,,,3.31,5.16,10.71,-2.4,0.0
2019-12-20 00:00:00+00:00,0.008619565217391304,6.97861111111111,13.080763888888889,6.130138888888889,,2.294861111111111,3.844921248263889,1.248705882352941,,,,,,,1.89,2.91,10.42,0.0,0.0
2019-12-21 00:00:00+00:00,0.009166666666666667,6.400763881944445,13.161805555555555,6.105277777777777,,2.3046527777777777,3.736121604166667,1.256470588235294,,,,,,,1.26,2.73,7.15,0.3,0.0
2019-12-22 00:00:00+00:00,0.00896875,7.44347223611111,13.231666666666666,6.072986111111111,,2.3886805555555557,3.647058142361111,1.264235294117647,,,,,,,1.55,2.78,6.42,1.6,0.0
2019-12-23 00:00:00+00:00,0.008989583333333334,8.187272713286713,13.239305555555555,6.067361111111111,,2.3670833333333334,3.7851552569444444,1.272,,,,,,,1.54,2.95,6.87,3.8,0.0
2019-12-24 00:00:00+00:00,0.008270833333333333,7.710839174825176,13.274055944055945,6.037622377622378,,2.352027972027972,3.9840392782608696,1.279764705882353,,,,,,,2.15,3.31,10.43,4.6,0.0
2019-12-25 00:00:00+00:00,0.008343749999999999,7.994335671328671,13.336923076923078,5.995734265734265,,2.253076923076923,4.206210012173913,1.2875294117647058,,,,,,,1.36,2.41,9.41,4.0,0.0
2019-12-26 00:00:00+00:00,0.00784375,7.703286720279721,13.353496503496503,5.964265734265735,,2.2573426573426576,4.308520099130435,1.2952941176470587,,,,,,,1.8,2.95,10.19,5.3,0.0
2019-12-27 00:00:00+00:00,0.008020833333333333,8.26964539716312,13.444545454545453,5.849720279720279,,2.218811188811189,4.826742820869565,1.3030588235294118,,,,,,,1.17,3.05,7.64,6.7,0.0
2019-12-28 00:00:00+00:00,0.00796875,9.801458340277778,13.476041666666667,5.806944444444444,,2.1952083333333334,5.1917033125,,,,,,,,1.86,2.55,9.4,8.2,0.0
2019-12-29 00:00:00+00:00,0.009354166666666667,8.975944069930069,13.362307692307692,5.802307692307693,,2.182797202797203,5.298214671304347,,,,,,,,1.42,2.42,1.8,9.6,5.2
2019-12-30 00:00:00+00:00,0.009052083333333334,8.82845066197183,13.21958041958042,5.75020979020979,,2.108111888111888,5.973979711304348,,,,,,,,4.19,6.1,9.62,14.7,5.6
2019-12-31 00:00:00+00:00,0.008135416666666668,9.885416687500001,13.08236111111111,5.683680555555556,,2.099097222222222,6.352857069444444,,,,,,,,3.37,4.9,7.1,6.0,0.0
2020-01-01 00:00:00+00:00,0.007427083333333333,9.113402784722222,13.03298611111111,5.722916666666666,,2.118472222222222,5.949983645833333,,,,,,,,3.56,5.16,10.5,4.4,0.0
2020-01-02 00:00:00+00:00,0.007833333333333333,9.907183105633804,13.043521126760563,5.715774647887324,,2.143380281690141,5.889677078397212,,,,,,,,2.03,2.85,5.8,3.6,0.4
2020-01-03 00:00:00+00:00,0.009270833333333334,10.163263916666667,13.086666666666666,5.691944444444444,,2.0977777777777775,6.107690355902778,,,,,,,,1.59,3.09,2.39,6.8,13.6
2020-01-04 00:00:00+00:00,0.009645833333333333,10.630909083916084,13.077342657342657,5.692447552447552,,2.0634265734265735,6.473658005217391,,,,,,,,2.87,7.21,5.64,9.1,4.4
2020-01-05 00:00:00+00:00,0.0088125,10.75478873943662,12.986503496503497,5.613286713286714,,2.1123776223776223,6.367406290434783,,,,,,,,5.62,8.23,9.66,2.1,0.0
2020-01-06 00:00:00+00:00,0.008239583333333333,8.835104923076923,12.807762237762237,5.6541258741258735,,2.0512587412587413,5.986329116521739,,,,,,,,3.18,5.27,11.16,3.6,0.0
2020-01-07 00:00:00+00:00,0.008947916666666667,8.934513888888889,12.657708333333334,5.691111111111111,,2.0430555555555556,5.62584009375,,,,,,,,2.56,5.79,3.89,-0.3,4.9
2020-01-08 00:00:00+00:00,0.0074375,8.769930527777777,12.574791666666666,5.711111111111111,,1.975138888888889,5.231585001736111,,,,,,,,4.28,6.76,11.28,2.4,0.0
2020-01-09 00:00:00+00:00,0.0076875,8.371678335664337,12.642937062937063,5.72048951048951,,2.0024475524475527,4.8337802678260875,,,,,,,,2.31,3.58,10.95,-0.0,0.0
2020-01-10 00:00:00+00:00,0.008416666666666666,8.228881125874125,12.72027972027972,5.715034965034965,,1.9793006993006994,4.801606469565217,,,,,,,,2.04,3.37,5.01,3.5,0.1
2020-01-11 00:00:00+00:00,0.013229166666666667,9.527916659722223,12.739791666666667,5.684444444444445,,1.9670138888888888,5.1325535625,,,,,,,,3.34,5.9,1.98,11.4,8.5
2020-01-12 00:00:00+00:00,0.028989583333333332,8.559577450704225,12.7,5.73006993006993,,1.8620979020979018,6.485183055652175,,,,,,,,4.46,7.9,11.21,14.4,3.9
2020-01-13 00:00:00+00:00,0.01617708333333333,8.956713307692308,12.664055944055944,6.068951048951049,,1.7477622377622377,7.213111954782609,,,,,,,,0.8,1.68,5.64,8.8,0.0
2020-01-14 00:00:00+00:00,0.013104166666666667,9.114685314685316,12.922237762237764,5.937202797202797,,1.8437062937062936,7.091647219130435,,,,,,,,1.11,2.22,3.33,7.9,2.2
2020-01-15 00:00:00+00:00,0.011125000000000001,10.295492950704224,12.931188811188811,6.1209790209790205,,1.7927972027972028,7.5523563634782604,,,,,,,,2.38,3.54,5.41,8.8,0.0
2020-01-16 00:00:00+00:00,0.009291666666666667,10.92174827972028,12.990839160839162,5.995804195804196,,1.7523076923076923,7.800385591304347,,,,,,,,4.09,6.34,11.13,8.7,0.0
2020-01-17 00:00:00+00:00,0.009125,8.49062501388889,12.697083333333333,5.899375,,1.7193055555555556,6.687239352430556,,,,,,,,3.21,5.95,10.59,0.3,0.0
2020-01-18 00:00:00+00:00,0.011583333333333333,9.167777784722222,12.321944444444444,5.877638888888889,,1.6516666666666666,5.846478892361111,,,,,,,,3.09,5.08,3.21,0.4,4.6
2020-01-19 00:00:00+00:00,0.009864583333333333,8.518591549295776,12.245734265734265,5.919090909090909,,1.6315384615384616,5.58671572,,,,,,,,4.68,7.32,12.33,2.7,0.6
2020-01-20 00:00:00+00:00,0.01078125,8.277342664335665,12.55118881118881,5.908811188811189,,1.7089510489510489,4.8919453008695655,,,,,,,,3.8,5.06,12.48,-4.5,0.0
2020-01-21 00:00:00+00:00,0.011427083333333332,8.130839153846154,12.748741258741259,5.890489510489511,,1.712797202797203,4.070739673043478,,,,,,,,2.78,4.46,12.84,-4.4,0.0
2020-01-22 00:00:00+00:00,0.010635416666666666,7.172847215277778,12.95861111111111,5.821527777777778,,1.7621527777777777,3.5068792274305554,,,,,,,,1.62,4.14,12.77,-3.2,0.0
2020-01-23 00:00:00+00:00,0.010677083333333332,7.337132867132867,13.062657342657342,5.791398601398601,,1.7496503496503495,3.4235494852173916,,,,,,,,1.32,2.14,7.73,-1.6,0.0
2020-01-24 00:00:00+00:00,0.018083333333333333,8.188601370629371,13.072569444444445,5.778124999999999,,1.8391666666666664,3.4505812204861113,,,,,,,,1.88,4.61,1.89,0.8,8.7
2020-01-25 00:00:00+00:00,0.025427083333333333,8.032535204225352,12.91937062937063,5.802587412587412,,1.8374125874125875,3.8003213026086957,,,,,,,,3.32,5.1,11.31,5.3,26.3
2020-01-26 00:00:00+00:00,0.016697916666666666,8.175664335664337,12.844965034965034,5.824475524475524,,1.770909090909091,3.859926274782609,,,,,,,,3.63,5.37,12.55,1.8,0.0
2020-01-27 00:00:00+00:00,0.013166666666666667,8.10090276388889,12.804444444444444,5.837222222222222,,1.7302777777777778,3.8109231510416666,,,,,,,,2.55,5.04,7.77,2.3,0.0
2020-01-28 00:00:00+00:00,0.011187500000000001,7.933819465277777,12.799791666666668,5.858472222222222,,1.6558333333333333,3.9676802170138887,,,,,,,,3.61,4.53,13.09,2.4,0.0
2020-01-29 00:00:00+00:00,0.010302083333333333,7.6083916153846145,12.817972027972028,5.843776223776223,,1.5201398601398601,4.028536523478261,,,,,,,,2.17,3.58,12.33,0.6,0.0
2020-01-30 00:00:00+00:00,0.009572916666666665,8.329860118881118,12.74048951048951,5.827692307692308,,1.4955944055944057,4.05250636173913,,,,,,,,1.27,2.79,8.45,0.7,0.0
2020-01-31 00:00:00+00:00,0.009770114942528735,8.741366935251799,12.75953125,5.83431654676259,,1.5098561151079137,3.9064695454545455,,3.2,0.0045,0.002717686705076639,0.0003388574629967651,0.3885,0.0273,1.08,1.7,4.91,-0.3,3.0
2020-02-01 00:00:00+00:00,0.009333333333333332,9.122291638888889,12.813125,5.820972222222222,,1.614236111111111,3.9011336944444444,,3.1982758620689657,0.004603448275862069,0.0029452762321027616,0.00036612185657121745,0.3857758620689655,0.027298275862068965,1.98,3.19,8.59,1.9,0.4
2020-02-02 00:00:00+00:00,0.0090625,9.7629166875,12.739583333333334,5.789513888888888,,1.4992361111111112,4.153911029513889,,3.1965517241379313,0.004706896551724137,0.003172865759128884,0.00039338625014566977,0.38305172413793104,0.027296551724137932,4.11,5.01,13.52,5.9,0.0
2020-02-03 00:00:00+00:00,0.00884375,9.152447552447551,12.732307692307693,5.750909090909091,,1.4725874125874128,4.530568671304348,,3.194827586206897,0.004810344827586206,0.003400455286155006,0.00042065064372012213,0.38032758620689655,0.027294827586206896,3.65,6.77,10.52,12.2,0.0
2020-02-04 00:00:00+00:00,0.008739583333333334,9.242291652777778,12.694722222222222,5.67875,,1.448263888888889,5.045959319444445,,3.193103448275862,0.004913793103448276,0.0036280448131811287,0.0004479150372945745,0.37760344827586206,0.027293103448275863,2.42,3.7,5.8,12.4,0.8
2020-02-05 00:00:00+00:00,0.010333333333333333,10.236760556338028,12.674929577464788,5.6374647887323945,,1.3938028169014083,5.799801282229965,,3.1913793103448276,0.005017241379310345,0.0038556343402072514,0.0004751794308690268,0.3748793103448276,0.027291379310344827,1.74,3.88,3.5,10.5,14.0
2020-02-06 00:00:00+00:00,0.043625,9.973736285714287,12.657472527472526,5.554175824175824,,1.3218681318681318,6.2031137802197795,,3.189655172413793,0.005120689655172413,0.004083223867233374,0.0005024438244434792,0.3721551724137931,0.027289655172413795,1.61,3.64,1.13,5.2,58.0
2020-02-07 00:00:00+00:00,0.04839583333333333,8.374761952380952,12.256190476190476,5.945714285714286,,1.1595238095238096,5.6623751547619054,,3.1879310344827587,0.005224137931034482,0.004310813394259496,0.0005297082180179316,0.3694310344827586,0.02728793103448276,5.66,9.68,9.0,5.9,10.7
2020-02-08 00:00:00+00:00,0.02677083333333333,8.33460525,12.202857142857143,6.053116883116883,,1.1044155844155845,5.378761385350319,,3.1862068965517243,0.005327586206896552,0.0045384029212856185,0.0005569726115923839,0.36670689655172417,0.027286206896551726,2.94,4.8,11.16,0.1,0.0
2020-02-09 00:00:00+00:00,0.0188125,8.535694458333333,12.200277777777778,6.262083333333333,,1.0724305555555556,5.450731565972222,,3.18448275862069,0.005431034482758621,0.00476599244831174,0.0005842370051668362,0.3639827586206897,0.02728448275862069,2.03,3.58,14.25,1.0,0.0
2020-02-10 00:00:00+00:00,0.01684375,9.57727274125874,12.164685314685315,6.3086013986013985,,1.033076923076923,5.656399033043478,,3.1827586206896554,0.005534482758620689,0.004993581975337863,0.0006115013987412887,0.3612586206896552,0.027282758620689657,2.57,3.67,2.09,4.0,10.1
2020-02-11 00:00:00+00:00,0.017322916666666667,11.134857135714286,12.263357142857142,6.296857142857142,,0.997642857142857,6.390344534965035,,3.1810344827586206,0.005637931034482758,0.005221171502363986,0.0006387657923157409,0.3585344827586207,0.02728103448275862,1.95,4.25,5.06,9.9,12.1
2020-02-12 00:00:00+00:00,0.016885416666666667,10.153584924528301,12.090566037735849,6.176981132075472,,0.8865094339622641,7.085446042452831,,3.179310344827586,0.0057413793103448275,0.005448761029390108,0.0006660301858901933,0.3558103448275862,0.027279310344827588,2.92,6.31,5.55,6.4,0.9
2020-02-13 00:00:00+00:00,0.021750000000000002,11.817358490566038,12.153207547169812,6.138867924528302,,0.9520754716981132,6.652377128440367,,3.1775862068965517,0.005844827586206896,0.005676350556416231,0.0006932945794646457,0.35308620689655174,0.02727758620689655,3.06,5.79,3.32,7.7,15.5
2020-02-14 00:00:00+00:00,0.020583333333333332,11.093333319444445,12.193125,6.074583333333333,,0.9100694444444445,6.5553381562499995,,3.1758620689655173,0.005948275862068965,0.005903940083442354,0.000720558973039098,0.35036206896551725,0.02727586206896552,4.34,5.45,15.56,1.8,0.0
2020-02-15 00:00:00+00:00,0.017604166666666667,9.172499979166666,11.99638888888889,6.166458333333334,,0.8773611111111111,5.7680283333333335,,3.174137931034483,0.006051724137931034,0.006131529610468475,0.0007478233666135504,0.34763793103448276,0.027274137931034483,2.39,4.25,16.15,-4.0,0.0
2020-02-16 00:00:00+00:00,0.01569791666666667,9.139650356643356,12.111958041958042,6.148531468531469,,0.8548951048951049,5.469340419130435,,3.1724137931034484,0.0061551724137931035,0.006359119137494598,0.0007750877601880026,0.3449137931034483,0.02727241379310345,1.3,2.41,9.12,1.1,0.6
2020-02-17 00:00:00+00:00,0.014458333333333332,10.2414583125,12.190972222222221,6.099027777777778,,0.8668055555555556,5.480824519097222,,3.170689655172414,0.006258620689655173,0.00658670866452072,0.0008023521537624551,0.3421896551724138,0.027270689655172414,2.11,3.19,15.11,3.7,0.0
2020-02-18 00:00:00+00:00,0.013583333333333334,11.395208291666668,12.366597222222222,6.0,,0.8589583333333333,5.809423588541667,,3.1689655172413795,0.006362068965517241,0.0068142981915468425,0.0008296165473369074,0.3394655172413793,0.02726896551724138,2.62,4.47,11.17,6.1,0.8
2020-02-19 00:00:00+00:00,0.013208333333333334,10.525277743055556,12.431319444444444,5.828333333333333,,0.8236805555555555,6.195642085069444,,3.1672413793103447,0.00646551724137931,0.007041887718572965,0.0008568809409113598,0.3367413793103448,0.027267241379310345,3.21,5.19,12.51,6.7,1.4
2020-02-20 00:00:00+00:00,0.011937499999999998,11.155486118055556,12.313611111111111,5.867222222222222,,0.8507638888888889,5.991491751736111,,3.1655172413793102,0.0065689655172413795,0.007269477245599088,0.0008841453344858121,0.3340172413793103,0.027265517241379312,1.78,3.52,4.78,0.6,2.1
2020-02-21 00:00:00+00:00,0.011677083333333333,10.552916659722221,12.367152777777779,5.819305555555555,,0.8290972222222223,5.8427855399305555,,3.163793103448276,0.006672413793103448,0.0074970667726252105,0.0009114097280602645,0.3312931034482759,0.027263793103448276,2.59,3.91,17.78,-1.2,0.2
2020-02-22 00:00:00+00:00,0.011447916666666667,11.329513875,12.59736111111111,5.774652777777778,,0.8477083333333334,5.697981498263889,,,,,,,,2.95,4.33,17.87,0.5,0.0
2020-02-23 00:00:00+00:00,0.011072916666666667,12.736363643356643,12.726083916083915,5.776153846153846,,0.8732167832167832,5.611499549565217,,,,,,,,2.48,3.48,17.36,2.6,0.0
2020-02-24 00:00:00+00:00,0.01109375,12.986923097902098,12.851678321678321,5.615944055944056,,0.8551048951048951,5.948318486956522,,,,,,,,2.27,3.32,8.0,4.9,0.4
2020-02-25 00:00:00+00:00,0.01209375,11.739444479166668,12.875277777777777,5.6807638888888885,,0.8131944444444444,5.913417251736111,,,,,,,,1.92,3.26,11.43,8.8,6.5
2020-02-26 00:00:00+00:00,0.011697916666666667,13.465594391608391,13.125384615384617,5.498811188811189,,0.8242657342657344,6.989121060869565,,,,,,,,2.94,5.26,13.6,9.4,0.4
2020-02-27 00:00:00+00:00,0.01153125,12.366180534722222,13.00423611111111,5.474097222222222,,0.7986805555555556,6.797721232638889,,,,,,,,6.22,7.71,16.17,1.4,5.5
2020-02-28 00:00:00+00:00,0.01096875,11.697762265734266,12.803076923076922,5.526713286713286,,0.7716783216783216,6.083631335652174,,,,,,,,3.6,6.07,12.61,-0.1,0.2
2020-02-29 00:00:00+00:00,0.011000000000000001,10.449583381944445,12.47111111111111,5.449583333333333,,0.6880555555555555,5.820549346354166,1.8,3.15,0.0075,0.00931778298883419,0.0011295248766558833,0.3095,0.02725,4.04,6.2,18.77,-1.3,0.1
2020-03-01 00:00:00+00:00,0.010395833333333333,10.195763868055556,12.67548611111111,5.400833333333334,,0.6636805555555556,5.9764886822916665,1.765625,3.143333333333333,0.0075,0.009136603875162415,0.001110699462044952,0.3071833333333333,0.027275833333333332,2.44,3.61,18.33,0.8,0.0
2020-03-02 00:00:00+00:00,0.010197916666666666,13.460208326388889,12.769583333333333,5.3694444444444445,,0.6851388888888889,5.9287478784722225,1.73125,3.1366666666666667,0.0075,0.008955424761490638,0.0010918740474340205,0.3048666666666667,0.027301666666666665,2.16,4.84,8.64,5.3,0.8
2020-03-03 00:00:00+00:00,0.010708333333333334,13.290704218309859,12.686830985915492,5.3549999999999995,,0.6721830985915493,6.070360059233449,1.6968750000000001,3.13,0.0075,0.008774245647818863,0.0010730486328230891,0.30255,0.0273275,2.33,4.1,7.28,8.6,4.7
2020-03-04 00:00:00+00:00,0.010083333333333333,12.9954166875,12.73027777777778,5.321458333333333,,0.6259722222222223,6.383334657986111,1.6625,3.123333333333333,0.0075,0.008593066534147086,0.0010542232182121577,0.30023333333333335,0.027353333333333334,3.21,4.88,18.12,9.9,0.0
2020-03-05 00:00:00+00:00,0.010041666666666666,11.960769223776223,12.76055944055944,5.230349650349651,,0.5690909090909091,7.140054678260869,1.628125,3.1166666666666667,0.0075,0.00841188742047531,0.0010353978036012263,0.29791666666666666,0.027379166666666666,2.36,3.41,12.12,7.5,0.0
2020-03-06 00:00:00+00:00,0.0104375,13.186350357664233,12.861190476190476,5.18,,0.5898540145985401,7.110460664233576,1.59375,3.11,0.0075,0.008230708306803534,0.001016572388990295,0.2956,0.027405,4.09,8.27,16.98,4.6,0.3
2020-03-07 00:00:00+00:00,0.01015625,9.802777756944444,12.67236111111111,5.133958333333333,,0.48666666666666664,6.965568361111111,1.559375,3.1033333333333335,0.0075,0.008049529193131759,0.0009977469743793635,0.29328333333333334,0.02743083333333333,5.73,7.26,19.91,2.5,0.0
2020-03-08 00:00:00+00:00,0.00965625,9.83291667361111,12.546180555555557,5.149027777777778,,0.45743055555555556,6.766380946180556,1.525,3.0966666666666667,0.0075,0.007868350079459983,0.0009789215597684321,0.29096666666666665,0.027456666666666667,2.64,4.2,20.13,3.0,0.0
2020-03-09 00:00:00+00:00,0.009677083333333334,12.19430554861111,12.671875,5.114791666666666,,0.5058333333333334,7.173566519097223,1.490625,3.09,0.0075,0.0076871709657882065,0.0009600961451575008,0.28865,0.0274825,2.22,4.31,18.42,8.2,0.0
2020-03-10 00:00:00+00:00,0.009885416666666666,12.34780140425532,12.729020979020978,5.077412587412588,,0.4856643356643357,7.69778468173913,1.45625,3.0833333333333335,0.0075,0.00750599185211643,0.0009412707305465694,0.28633333333333333,0.027508333333333333,3.23,6.02,9.16,12.5,3.0
2020-03-11 00:00:00+00:00,0.009916666666666666,9.285763888888889,12.833402777777778,4.994375000000001,,0.37312500000000004,8.856397079861111,1.421875,3.0766666666666667,0.0075,0.007324812738444654,0.000922445315935638,0.28401666666666664,0.027534166666666665,2.27,3.93,11.91,13.0,0.6
2020-03-12 00:00:00+00:00,0.009760416666666667,10.978125006944445,12.992777777777778,4.961875,,0.39590277777777777,9.551206284722221,1.3875,3.07,0.0075,0.007143633624772879,0.0009036199013247066,0.2817,0.027559999999999998,1.96,4.0,17.73,10.8,0.0
2020-03-13 00:00:00+00:00,0.013270833333333334,12.638521126760564,12.95718309859155,4.900422535211268,,0.4030985915492958,10.524040590592335,1.353125,3.0633333333333335,0.0075,0.006962454511101102,0.0008847944867137753,0.2793833333333333,0.027585833333333334,3.33,5.99,17.03,14.3,17.2
2020-03-14 00:00:00+00:00,0.010802083333333332,13.793426573426574,12.555664335664336,4.8691608391608385,,0.3692307692307692,10.95259699652174,1.31875,3.0566666666666666,0.0075,0.006781275397429327,0.000865969072102844,0.2770666666666667,0.027611666666666666,2.05,4.1,9.19,8.6,0.0
2020-03-15 00:00:00+00:00,0.011437499999999998,14.543750006944444,12.398472222222223,4.8075,,0.35458333333333336,10.777569182291666,1.284375,3.05,0.0075,0.006600096283757551,0.0008471436574919125,0.27475,0.0276375,1.88,2.62,5.15,5.5,6.5
2020-03-16 00:00:00+00:00,0.010895833333333334,16.05572463768116,12.442513020833333,5.036043165467626,,0.38057553956834533,10.179883120203836,1.25,3.0433333333333334,0.0075,0.006418917170085775,0.0008283182428809811,0.2724333333333333,0.02766333333333333,1.74,2.94,9.46,5.5,0.0
2020-03-17 00:00:00+00:00,0.010854166666666666,19.077816908450703,12.67951048951049,5.045704225352113,,0.3888111888111888,10.40048664173913,1.3125,3.0366666666666666,0.0075,0.006237738056413999,0.0008094928282700497,0.27011666666666667,0.027689166666666664,1.82,4.13,11.87,8.9,2.1
2020-03-18 00:00:00+00:00,0.010635416666666666,15.434609914893617,12.759219858156028,5.026808510638298,,0.3274468085106383,10.607549342059336,1.375,3.0300000000000002,0.0075,0.006056558942742223,0.0007906674136591183,0.2678,0.027715,2.64,3.96,9.73,8.2,0.1
2020-03-19 00:00:00+00:00,0.011489583333333333,15.18,12.838888888888889,5.0460416666666665,,0.34784722222222225,10.882509755208334,1.4375,3.0233333333333334,0.0075,0.005875379829070448,0.000771841999048187,0.26548333333333335,0.027740833333333333,1.74,3.63,14.26,13.9,6.0
2020-03-20 00:00:00+00:00,0.011374999999999998,11.305000014084507,12.832500000000001,5.043611111111111,,0.260625,11.580820348958333,1.5,3.0166666666666666,0.0075,0.005694200715398671,0.0007530165844372556,0.26316666666666666,0.027766666666666665,2.63,5.14,10.08,18.3,0.3
2020-03-21 00:00:00+00:00,0.011510416666666667,11.204154943661973,12.200281690140846,4.800281690140845,,0.1936619718309859,13.062167477351917,1.5625,3.0100000000000002,0.0075,0.005513021601726896,0.0007341911698263242,0.26084999999999997,0.027792499999999998,2.67,4.2,10.85,13.5,9.6
2020-03-22 00:00:00+00:00,0.010541666666666666,22.476293706293706,12.687152777777778,5.044583333333333,,0.4627777777777778,12.430680682291667,1.625,,,,,,,2.7,3.45,16.21,7.4,0.0
2020-03-23 00:00:00+00:00,0.012927083333333334,18.560845028169016,12.38056338028169,5.044859154929577,,0.3691549295774648,11.90303463240418,1.6875,,,,,,,2.25,3.42,7.4,5.7,10.4
2020-03-24 00:00:00+00:00,0.012333333333333333,21.79873240140845,12.327564102564104,4.978661971830986,,0.45104895104895104,11.633299517101449,1.75,,,,,,,2.17,3.14,15.38,8.9,1.5
2020-03-25 00:00:00+00:00,0.027625,28.847605626760565,12.126180555555557,4.860138888888889,,0.5864583333333333,12.085331390624999,1.6416666666666666,,,,,,,2.39,3.61,8.0,8.3,23.6
2020-03-26 00:00:00+00:00,0.020125,18.346319444444443,12.320069444444444,5.428958333333333,,0.4159722222222222,11.815474097222221,1.5333333333333334,,,,,,,2.57,5.06,19.44,9.3,0.1
2020-03-27 00:00:00+00:00,0.016489583333333332,17.88035211971831,12.142535211267605,4.992112676056338,,0.3395774647887324,12.743297979094077,1.425,,,,,,,2.24,4.25,18.31,14.8,0.0
2020-03-28 00:00:00+00:00,0.01403125,13.237222243055555,12.304097222222222,5.208041958041958,,0.256875,13.461288385416667,1.3166666666666669,,,,,,,2.12,4.4,18.94,16.9,0.1
2020-03-29 00:00:00+00:00,0.0129375,17.6030555625,12.542916666666667,5.252569444444444,,0.3413888888888889,14.271861493055557,1.2083333333333335,,,,,,,2.13,6.2,15.7,18.2,0.4
2020-03-30 00:00:00+00:00,0.011864583333333333,25.50260561971831,11.710381944444444,5.337430555555556,,0.5751388888888889,14.789012881944444,1.1,2.95,0.0075,0.0038824095786809125,0.0005647624383279417,0.24,0.028024999999999998,4.28,5.95,21.58,15.4,0.0
2020-03-31 00:00:00+00:00,0.015572916666666667,23.302797202797205,11.421748251748252,5.035804195804196,,0.42804195804195805,14.124639704347826,1.1600000000000001,2.98,0.0073999999999999995,0.004348298728122622,0.000542171940794824,0.2722,0.0288,1.97,3.64,4.14,8.5,11.8
2020-04-01 00:00:00+00:00,0.016666666666666666,22.368194444444445,11.120277777777778,5.021805555555556,,0.45444444444444443,13.447474704861111,1.22,3.0100000000000002,0.0073,0.004814187877564331,0.0005195814432617064,0.3044,0.029574999999999997,3.39,4.96,13.13,6.3,8.3
2020-04-02 00:00:00+00:00,0.014791666666666667,18.4325,11.335555555555555,5.011388888888889,,0.3732638888888889,13.081282447916667,1.28,3.04,0.0072,0.005280077027006041,0.0004969909457285888,0.3366,0.03035,4.57,6.7,24.38,7.8,0.0
2020-04-03 00:00:00+00:00,0.0136875,18.311944444444446,11.463541666666666,5.106319444444444,,0.3854166666666667,12.60660815972222,1.3399999999999999,3.0700000000000003,0.0071,0.00574596617644775,0.00047440044819547106,0.3688,0.031124999999999996,5.05,6.39,24.28,9.7,0.0
2020-04-04 00:00:00+00:00,0.0129375,16.68758865248227,10.911134751773051,5.096285714285714,,0.3263120567375886,13.561566500872601,1.4,3.1,0.007,0.00621185532588946,0.00045180995066235343,0.401,0.0319,2.46,4.08,24.64,11.3,0.0
2020-04-05 00:00:00+00:00,0.012166666666666666,14.959718309859156,11.840704225352113,5.265352112676056,,0.31359154929577465,13.018828222996515,1.4166666666666665,3.166666666666667,0.007166666666666667,0.00621185532588946,0.0003765082922186279,0.3856666666666667,0.03173333333333333,1.48,3.31,21.48,11.6,0.0
2020-04-06 00:00:00+00:00,0.012072916666666668,14.866111104166666,11.774999999999999,5.129375,,0.2525694444444444,14.172129357638887,1.4333333333333333,3.2333333333333334,0.007333333333333333,0.00621185532588946,0.0003012066337749023,0.37033333333333335,0.031566666666666666,2.56,4.52,20.02,13.8,1.0
2020-04-07 00:00:00+00:00,0.01203125,17.46875,12.194930555555555,5.504375,,0.3236111111111111,14.33417331597222,1.45,3.3,0.0075,0.00621185532588946,0.00022590497533117671,0.355,0.0314,2.52,4.37,18.53,14.9,0.3
2020-04-08 00:00:00+00:00,0.012145833333333333,20.402624113475177,11.961549295774647,5.425845070422535,,0.3508450704225352,14.906435783972125,1.4666666666666666,3.3666666666666667,0.007666666666666667,0.00621185532588946,0.00015060331688745114,0.3396666666666667,0.03123333333333333,3.5,5.11,17.94,17.3,2.6
2020-04-09 00:00:00+00:00,0.011874999999999998,18.052517482517484,11.543076923076924,5.27013986013986,,0.29132867132867135,15.013864939130436,1.4833333333333334,3.4333333333333336,0.007833333333333333,0.00621185532588946,7.53016584437256e-05,0.32433333333333336,0.031066666666666663,5.0,8.95,24.96,14.0,4.4
2020-04-10 00:00:00+00:00,0.011354166666666667,15.543333340277778,10.320798611111112,4.94125,,0.23180555555555557,14.696122256944445,1.5,3.5,0.008,0.00621185532588946,0.0,0.309,0.030899999999999997,6.35,9.26,24.82,6.4,0.0
2020-04-11 00:00:00+00:00,0.01084375,16.387202797202796,11.135594405594407,5.093146853146854,,0.2825174825174825,13.578215878260869,1.2,3.566666666666667,0.007333333333333333,0.01242371065177892,0.0016566364857619625,0.347,0.0415,2.71,4.1,22.15,6.1,0.0
2020-04-12 00:00:00+00:00,0.012624999999999999,19.5725,11.320902777777778,5.189861111111111,,0.33666666666666667,13.491447673611113,0.8999999999999999,3.6333333333333333,0.006666666666666666,0.01863556597766838,0.003313272971523925,0.385,0.05210000000000001,2.23,5.41,12.14,10.5,1.9
2020-04-13 00:00:00+00:00,0.11014583333333333,22.682430555555555,10.385277777777777,6.929027777777778,,0.4010416666666667,13.932953611111111,0.6,3.7,0.006,0.02484742130355784,0.004969909457285888,0.423,0.0627,4.95,7.62,18.15,15.9,57.0
2020-04-14 00:00:00+00:00,0.09211458333333333,17.70853146153846,10.327412566433567,7.707412587412588,,0.31216783216783217,13.690140469565216,0.6928571428571428,3.542857142857143,0.006142857142857143,0.022074271604500047,0.004324466670625383,0.4075714285714286,0.058228571428571435,3.05,5.3,21.4,9.3,0.0
2020-04-15 00:00:00+00:00,0.09059374999999999,22.067132867132866,10.549090909090909,7.636923076923076,,0.427972027972028,13.337807947826086,0.7857142857142857,3.385714285714286,0.006285714285714286,0.019301121905442253,0.003679023883964878,0.3921428571428571,0.053757142857142864,3.31,5.75,26.04,5.4,7.0
2020-04-16 00:00:00+00:00,0.08551041666666666,21.864055944055945,10.718601405594406,7.505104895104895,,0.4234265734265734,12.996409373913043,0.8785714285714286,3.2285714285714286,0.0064285714285714285,0.01652797220638446,0.0030335810973043734,0.3767142857142857,0.04928571428571429,3.58,5.41,27.11,5.4,0.0
2020-04-17 00:00:00+00:00,0.07972916666666667,16.435174825174826,10.64181818881119,7.107622377622378,,0.3086713286713287,12.60096615652174,0.9714285714285714,3.0714285714285716,0.006571428571428572,0.013754822507326663,0.0023881383106438684,0.36128571428571427,0.044814285714285716,2.97,6.33,22.32,7.5,0.0
2020-04-18 00:00:00+00:00,0.07633333333333332,16.173819444444447,11.073819444444446,6.701319444444445,,0.30215277777777777,13.456395381944445,1.0642857142857143,2.9142857142857146,0.006714285714285714,0.01098167280826887,0.0017426955239833635,0.34585714285714286,0.04034285714285714,4.43,6.79,24.07,10.2,2.0
2020-04-19 00:00:00+00:00,0.06855208333333333,18.68078014184397,10.946382978723404,6.671702127659575,,0.3492198581560284,12.822221692844677,1.157142857142857,2.757142857142857,0.006857142857142858,0.008208523109211077,0.0010972527373228585,0.3304285714285714,0.03587142857142857,2.47,4.4,17.15,6.4,0.0
2020-04-20 00:00:00+00:00,0.06627083333333333,16.304930555555554,11.093712121212121,6.555208333333334,,0.3098611111111111,12.774635529100529,1.25,2.6,0.007,0.005435373410153278,0.00045180995066235343,0.315,0.0314,2.35,4.2,14.52,10.3,9.2
2020-04-21 00:00:00+00:00,0.06104166666666667,18.84202797902098,11.147062937062937,6.47013986013986,,0.35993006993006993,13.196883165217391,1.3,2.6142857142857143,0.006714285714285714,0.0052689844282098105,0.0004195378113293282,0.30192857142857144,0.03052142857142857,4.57,8.01,24.12,11.6,0.1
2020-04-22 00:00:00+00:00,0.0534375,14.986126767605635,11.144366197183098,6.2418309859154935,,0.29056338028169015,13.374812404181185,1.35,2.6285714285714286,0.0064285714285714285,0.005102595446266342,0.0003872656719963029,0.28885714285714287,0.02964285714285714,3.64,5.33,27.31,9.1,0.0
2020-04-23 00:00:00+00:00,0.049666666666666665,18.968591549295773,10.914859154929578,6.342535211267606,,0.37598591549295773,12.999226515679442,1.4000000000000001,2.642857142857143,0.006142857142857143,0.004936206464322875,0.0003549935326632777,0.2757857142857143,0.028764285714285714,2.26,4.01,5.25,9.5,5.3
2020-04-24 00:00:00+00:00,0.05344791666666667,19.18165466906475,11.0175,6.089352517985612,,0.37489208633093524,13.780954442446044,1.4500000000000002,2.6571428571428575,0.005857142857142858,0.004769817482379407,0.00032272139333025247,0.26271428571428573,0.027885714285714285,2.48,5.19,20.83,13.7,2.7
2020-04-25 00:00:00+00:00,0.05146875,14.050763888888888,11.431527777777779,6.250902777777778,,0.2715972222222222,13.819891649305555,1.5,2.6714285714285717,0.005571428571428572,0.004603428500435939,0.0002904492539972272,0.24964285714285714,0.027007142857142858,2.62,4.12,10.3,11.6,5.0
2020-04-26 00:00:00+00:00,0.06503125,13.195034993006994,11.172027972027971,6.112307692307692,,0.2458741258741259,13.71485283478261,1.55,2.685714285714286,0.005285714285714286,0.0044370395184924714,0.00025817711466420197,0.23657142857142857,0.02612857142857143,3.17,6.64,18.21,11.6,8.7
2020-04-27 00:00:00+00:00,0.06295833333333334,8.149014091549295,10.482946009389671,5.650704225352112,,0.1347887323943662,14.088451448896633,1.6,2.7,0.005,0.004270650536549004,0.00022590497533117671,0.2235,0.02525,5.48,6.8,26.31,10.4,0.1
2020-04-28 00:00:00+00:00,0.05645833333333333,8.05755244055944,10.687132867132867,5.732937062937063,,0.1525874125874126,13.962593113043479,1.6714285714285715,2.6142857142857143,0.005,0.00432611353053016,0.00029044925399722725,0.22057142857142858,0.02465714285714286,1.77,3.2,16.2,10.3,0.0
2020-04-29 00:00:00+00:00,0.05404166666666666,6.433958326388889,10.690277777777778,5.708611111111111,,0.11965277777777777,14.071978229166668,1.7428571428571429,2.528571428571429,0.005,0.004381576524511315,0.0003549935326632777,0.21764285714285714,0.024064285714285715,2.94,7.01,17.48,14.6,0.4
2020-04-30 00:00:00+00:00,0.11414583333333334,5.390769223776224,10.381818181818181,5.917552447552448,,0.10335664335664335,14.328618139130434,1.8142857142857143,2.442857142857143,0.005,0.0044370395184924714,0.0004195378113293282,0.21471428571428572,0.023471428571428574,3.65,6.12,13.04,13.1,53.1
2020-05-01 00:00:00+00:00,0.10084375000000001,5.388671328671329,10.509930069930071,5.762307692307692,,0.09461538461538462,14.362060330434783,1.8857142857142857,2.357142857142857,0.005,0.0044925025124736276,0.0004840820899953787,0.2117857142857143,0.02287857142857143,4.36,6.85,11.52,9.9,0.1
2020-05-02 00:00:00+00:00,0.09466666666666668,4.761180555555556,10.438194430555555,6.1161805625,,0.12333333333333335,14.201754496527776,1.9571428571428573,2.2714285714285714,0.005,0.004547965506454784,0.0005486263686614292,0.20885714285714288,0.022285714285714287,2.84,4.97,24.79,12.3,0.0
2020-05-03 00:00:00+00:00,0.09264583333333333,5.665416673611111,11.050069444444444,6.359861111111112,,0.14395833333333333,14.892108038194445,2.0285714285714285,2.185714285714286,0.005,0.004603428500435939,0.0006131706473274797,0.20592857142857143,0.021692857142857142,3.48,5.15,21.41,18.4,0.0
2020-05-04 00:00:00+00:00,0.09064583333333333,4.274861111111111,10.012222222222224,5.709930555555555,,0.08826388888888889,16.861560034722224,2.1,2.1,0.005,0.004658891494417095,0.0006777149259935302,0.203,0.0211,4.41,5.73,28.32,17.6,2.8
2020-05-05 00:00:00+00:00,0.0850625,5.379027763888889,11.346805555555555,6.038958333333333,,0.13354166666666667,15.750172847222224,2.085714285714286,2.0785714285714287,0.005,0.005102595446266342,0.0006454427866605049,0.19014285714285717,0.020542857142857144,2.58,3.55,9.46,10.5,9.0
2020-05-06 00:00:00+00:00,0.08188541666666667,6.511398601398601,11.02909090909091,5.637132867132867,,0.1692307692307692,15.335316521739133,2.0714285714285716,2.0571428571428574,0.005,0.005546299398115589,0.0006131706473274797,0.1772857142857143,0.019985714285714287,3.25,5.95,23.68,9.4,1.5
2020-05-07 00:00:00+00:00,0.07414583333333333,3.984825174825175,10.892657342657344,5.321258741258741,,0.09055944055944057,14.753453895652173,2.0571428571428574,2.035714285714286,0.005,0.005990003349964837,0.0005808985079944544,0.16442857142857142,0.01942857142857143,4.27,5.61,28.96,8.7,0.0
2020-05-08 00:00:00+00:00,0.06644791666666668,5.318472222222223,10.975555555555555,5.355486111111111,,0.10791666666666667,14.443450416666666,2.0428571428571427,2.0142857142857142,0.005,0.0064337073018140845,0.0005486263686614292,0.15157142857142858,0.01887142857142857,3.48,5.26,11.38,10.0,3.1
2020-05-09 00:00:00+00:00,0.059395833333333335,6.292167832167832,10.66055944055944,5.231258741258742,,0.15594405594405594,14.0389652,2.0285714285714285,1.992857142857143,0.005,0.006877411253663332,0.0005163542293284039,0.13871428571428573,0.018314285714285714,5.07,6.74,27.83,4.9,0.6
2020-05-10 00:00:00+00:00,0.052760416666666664,4.610070422535212,10.701188804195805,5.248951048951049,,0.12832167832167835,13.531533982608696,2.0142857142857142,1.9714285714285715,0.005,0.007321115205512579,0.0004840820899953787,0.12585714285714286,0.017757142857142857,2.6,4.98,28.76,7.3,0.0
2020-05-11 00:00:00+00:00,0.04903125,3.1154135338345865,10.448617886178862,4.95044776119403,,0.08,13.751974183864917,2.0,1.9500000000000002,0.005,0.007764819157361826,0.00045180995066235343,0.113,0.0172,5.46,7.82,25.26,8.8,0.0
2020-05-12 00:00:00+00:00,0.043770833333333335,3.437605633802817,10.853450704225352,4.912183098591549,,0.07943661971830986,14.03900594076655,2.0714285714285716,2.028571428571429,0.005,0.008874079036984943,0.0005486263686614292,0.12257142857142858,0.017357142857142856,3.93,5.47,23.59,6.8,0.0
2020-05-13 00:00:00+00:00,0.03953125,4.492183105633803,10.999577464788732,4.918450704225352,,0.09873239436619718,13.960047212543554,2.142857142857143,2.107142857142857,0.005,0.009983338916608062,0.0006454427866605048,0.13214285714285715,0.017514285714285715,2.08,3.58,14.49,9.0,0.0
2020-05-14 00:00:00+00:00,0.03826470588235294,3.630985915492958,11.099859154929577,4.850704225352112,,0.07133802816901409,14.557257177700349,2.2142857142857144,2.185714285714286,0.005,0.011092598796231179,0.0007422592046595805,0.1417142857142857,0.01767142857142857,1.31,2.91,18.94,14.2,1.2
2020-05-15 00:00:00+00:00,,3.3334920634920633,11.264601769911506,4.9314285714285715,,0.06293650793650793,15.503499186991869,2.2857142857142856,2.2642857142857142,0.005,0.012201858675854296,0.0008390756226586563,0.1512857142857143,0.01782857142857143,2.47,5.03,25.71,18.5,0.1
2020-05-16 00:00:00+00:00,,3.609166666666667,11.294375,4.88875,,0.06833333333333333,16.953804739583333,2.357142857142857,2.342857142857143,0.005,0.013311118555477414,0.000935892040657732,0.16085714285714287,0.017985714285714285,2.04,3.9,23.63,19.7,0.3
2020-05-17 00:00:00+00:00,,4.220347222222222,11.57201388888889,5.030833333333334,,0.06868055555555556,17.6609071875,2.4285714285714284,2.4214285714285717,0.005,0.014420378435100533,0.0010327084586568076,0.17042857142857143,0.018142857142857145,2.51,4.36,20.58,20.1,0.7
2020-05-18 00:00:00+00:00,,4.507212230215828,10.861953125,5.118705035971223,,0.08769784172661871,18.384371723621104,2.5,2.5,0.005,0.01552963831472365,0.0011295248766558833,0.18,0.0183,2.79,4.33,16.72,18.4,0.0
2020-05-19 00:00:00+00:00,,7.246180555555556,10.595277729166666,4.725972222222222,,0.10590277777777778,17.316683697916666,2.314285714285714,2.4714285714285715,0.005285714285714286,0.014753156398987468,0.0011617970159889086,0.1947142857142857,0.02012857142857143,3.91,5.63,5.5,11.9,38.2
2020-05-20 00:00:00+00:00,,8.169650328671327,10.620559433566433,5.305384615384615,,0.16475524475524475,15.117613547826087,2.1285714285714286,2.4428571428571426,0.005571428571428572,0.013976674483251286,0.001194069155321934,0.2094285714285714,0.02195714285714286,3.24,4.3,5.09,7.5,29.1
2020-05-21 00:00:00+00:00,,7.600211288732393,10.531760563380281,5.967957746478874,,0.1773943661971831,13.839124773519163,1.9428571428571428,2.414285714285714,0.005857142857142858,0.013200192567515104,0.0012263412946549592,0.22414285714285714,0.023785714285714285,3.94,4.49,4.66,9.9,38.9
2020-05-22 00:00:00+00:00,,6.168263881944444,9.994027756944444,7.087083333333333,,0.23798611111111112,13.605821371527778,1.7571428571428571,2.3857142857142857,0.006142857142857143,0.01242371065177892,0.0012586134339879844,0.23885714285714282,0.025614285714285714,1.93,3.18,20.84,16.1,13.6
2020-05-23 00:00:00+00:00,,5.502847229166666,10.626319423611111,7.468472222222222,,0.22604166666666664,14.202150520833333,1.5714285714285714,2.357142857142857,0.0064285714285714285,0.011647228736042738,0.0012908855733210099,0.25357142857142856,0.027442857142857144,1.72,3.01,20.33,17.8,5.4
2020-05-24 00:00:00+00:00,,7.254405587412587,11.327832167832169,7.4608391608391615,,0.30580419580419577,14.795384330434782,1.3857142857142857,2.3285714285714283,0.006714285714285714,0.010870746820306556,0.0013231577126540351,0.26828571428571424,0.029271428571428573,1.78,2.48,22.64,19.2,3.1
2020-05-25 00:00:00+00:00,,8.323029186131386,11.584087301587301,7.4726277372262775,,0.258029197080292,15.435678440366972,1.2,2.3,0.007,0.010094264904570374,0.0013554298519870603,0.283,0.031100000000000003,1.88,3.03,15.18,17.6,19.7
2020-05-26 00:00:00+00:00,,7.519790230769231,12.48048951048951,7.5309790209790215,,0.22965034965034967,15.460577286956521,1.2555555555555555,2.222222222222222,0.007,0.009749161830909849,0.0015060331688745115,0.2711111111111111,0.030444444444444448,1.69,3.44,16.83,18.2,0.7
2020-05-27 00:00:00+00:00,,10.034685314685316,12.79832167832168,7.3593006993007,,0.25013986013986017,15.939718782608695,1.3111111111111111,2.1444444444444444,0.007,0.009404058757249322,0.0016566364857619627,0.2592222222222222,0.029788888888888893,2.17,3.86,6.43,17.9,3.9
2020-05-28 00:00:00+00:00,,9.505874118881119,12.907132867132868,7.435314685314685,,0.22265734265734266,15.905551808695654,1.3666666666666667,2.0666666666666664,0.007,0.009058955683588797,0.001807239802649414,0.24733333333333332,0.029133333333333334,3.76,5.53,18.14,20.0,18.1
2020-05-29 00:00:00+00:00,,8.773006986013987,13.512657342657342,7.607832181818182,,0.16755244755244755,16.734026608695654,1.4222222222222223,1.988888888888889,0.007,0.008713852609928272,0.001957843119536865,0.23544444444444443,0.02847777777777778,2.14,4.34,16.31,21.2,0.8
2020-05-30 00:00:00+00:00,,7.678671328671328,13.318461538461538,7.592307699300699,,0.1506993006993007,17.612792852173914,1.4777777777777779,1.911111111111111,0.007,0.008368749536267745,0.002108446436424316,0.22355555555555554,0.027822222222222224,2.95,4.39,28.46,20.3,0.0
2020-05-31 00:00:00+00:00,,6.339027791666667,13.306944444444445,7.264027784722223,,0.11506944444444445,18.155235503472223,1.5333333333333332,1.8333333333333335,0.007,0.00802364646260722,0.002259049753311767,0.21166666666666667,0.027166666666666665,3.14,4.48,26.21,17.6,0.0
2020-06-01 00:00:00+00:00,,6.09734265034965,12.566783216783216,6.591608391608392,,0.09041958041958041,17.885063930434786,1.5888888888888888,1.7555555555555555,0.007,0.007678543388946695,0.0024096530701992183,0.19977777777777778,0.02651111111111111,2.11,3.75,30.51,14.4,0.0
2020-06-02 00:00:00+00:00,,6.044375,13.17048611111111,7.135972222222222,,0.10090277777777779,18.21696876736111,1.6444444444444444,1.6777777777777778,0.007,0.007333440315286169,0.0025602563870866695,0.18788888888888888,0.025855555555555555,2.17,3.88,27.23,18.0,0.0
2020-06-03 00:00:00+00:00,,4.165297206293706,11.883164335664336,7.021678321678322,,0.07902097902097903,19.931743973913044,1.7,1.6,0.007,0.006988337241625643,0.0027108597039741207,0.176,0.0252,3.84,5.5,28.48,23.5,0.0
2020-06-04 00:00:00+00:00,,5.545347229166667,13.159375,7.014097222222222,,0.06840277777777777,19.504685277777778,1.66,1.6800000000000002,0.0056,0.007143633624772879,0.002259049753311767,0.1856,0.02542,2.34,3.5,22.72,22.1,7.0
2020-06-05 00:00:00+00:00,,6.249295774647887,12.994859154929577,6.875492957746479,,0.07098591549295774,19.689128031358884,1.6199999999999999,1.76,0.004200000000000001,0.007298930007920115,0.001807239802649414,0.19519999999999998,0.02564,1.99,3.13,18.89,21.7,3.8
2020-06-06 00:00:00+00:00,,6.557916666666667,12.950416666666666,6.641875,,0.08041666666666666,20.479011267361113,1.58,1.84,0.0028000000000000004,0.0074542263910673525,0.0013554298519870606,0.2048,0.02586,2.68,3.77,26.16,22.7,3.5
2020-06-07 00:00:00+00:00,,5.725211267605634,13.169366197183098,6.877535211267606,,0.07316901408450704,20.96691707317073,1.54,1.92,0.0014000000000000002,0.007609522774214589,0.000903619901324707,0.2144,0.02608,2.21,3.08,28.83,22.6,0.1
2020-06-08 00:00:00+00:00,,4.963704379562044,12.351259842519685,7.025547445255475,,0.06737226277372263,21.9860199270073,1.5,2.0,0.0,0.007764819157361825,0.00045180995066235343,0.224,0.0263,1.73,2.94,27.45,20.6,0.0
2020-06-09 00:00:00+00:00,,6.1985416805555555,13.141458333333334,6.9754861111111115,,0.06784722222222223,21.395027743055557,1.775,1.9875,0.002,0.007182457720559688,0.000649476804077133,0.21425,0.0252625,1.85,3.61,20.85,23.1,0.7
2020-06-10 00:00:00+00:00,,6.808881125874126,13.207832167832168,6.893706293706293,,0.07608391608391608,21.850756,2.05,1.975,0.004,0.006600096283757552,0.0008471436574919125,0.20450000000000002,0.024225,3.16,5.52,22.22,23.9,2.8
2020-06-11 00:00:00+00:00,,10.860209783216783,12.87846153846154,6.568321678321678,,0.13517482517482518,22.445571547826088,2.325,1.9625000000000001,0.006,0.006017734846955415,0.0010448105109066921,0.19475,0.0231875,3.56,4.52,22.94,23.1,1.4
2020-06-12 00:00:00+00:00,,4.231091545774648,9.37492306923077,4.921830985915493,,0.05514084507042254,23.17128885509839,2.6,1.9500000000000002,0.008,0.005435373410153278,0.0012424773643214717,0.185,0.02215,3.19,4.0,28.96,20.5,0.0
2020-06-13 00:00:00+00:00,,5.233263888888889,10.294305555555557,5.10125,,0.04326388888888889,22.30450793402778,2.464,1.9400000000000002,0.0077,0.005396549314366469,0.0011408201254224423,0.18635,0.022365,2.32,4.6,23.24,19.9,0.0
2020-06-14 00:00:00+00:00,,6.070486111111111,10.421319444444444,5.202430555555555,,0.065,22.052186267361108,2.3280000000000003,1.9300000000000002,0.0074,0.005357725218579659,0.0010391628865234128,0.1877,0.02258,1.98,3.31,23.31,18.4,0.1
2020-06-15 00:00:00+00:00,,6.710625,10.354583333333332,5.495486111111111,,0.08736111111111111,21.10334390625,2.192,1.9200000000000002,0.0071,0.0053189011227928506,0.0009375056476243833,0.18905,0.022795,2.02,3.28,10.07,14.8,7.7
2020-06-16 00:00:00+00:00,,7.247430555555557,10.2200694375,5.808958333333333,,0.14513888888888887,19.977627517361114,2.056,1.9100000000000001,0.0068000000000000005,0.005280077027006042,0.0008358484087253538,0.1904,0.02301,2.14,4.12,8.65,13.5,20.0
2020-06-17 00:00:00+00:00,,6.225625,9.757013923611112,6.468958305555556,,0.12604166666666666,18.310599184027776,1.92,1.9000000000000001,0.006500000000000001,0.005241252931219233,0.0007341911698263243,0.19175,0.023225,2.93,4.24,7.83,14.4,23.4
2020-06-18 00:00:00+00:00,,12.2725,9.784652812500001,8.432013951388889,,0.458125,16.93986125,1.784,1.8900000000000001,0.006200000000000001,0.005202428835432423,0.0006325339309272948,0.1931,0.02344,1.37,3.49,15.83,17.3,10.7
2020-06-19 00:00:00+00:00,,11.635277777777778,7.695999318706698,8.72645836111111,23.606222222222218,0.4120138888888889,17.422599170403586,1.6480000000000001,1.8800000000000001,0.005900000000000001,0.005163604739645614,0.0005308766920282653,0.19445,0.023655,1.17,2.92,19.08,18.2,8.3
2020-06-20 00:00:00+00:00,,9.519166666666667,10.959236097222224,8.675416722222222,,0.3344444444444445,18.248807256944445,1.512,1.87,0.005600000000000001,0.0051247806438588055,0.00042921945312923585,0.1958,0.02387,1.52,2.36,23.38,19.0,4.2
2020-06-21 00:00:00+00:00,,7.2380419510489515,11.846993006993008,9.088531447552448,,0.20692307692307693,18.60458380869565,1.376,1.86,0.0053,0.005085956548071996,0.0003275622142302064,0.19715000000000002,0.024085,1.02,1.96,23.98,20.7,0.2
2020-06-22 00:00:00+00:00,,5.157695039007091,9.474138370998118,9.21496455319149,147.07333333333335,0.1293617021276596,19.50602160103627,1.24,1.85,0.005,0.005047132452285187,0.00022590497533117671,0.1985,0.0243,1.59,3.16,24.83,22.2,0.0
2020-06-23 00:00:00+00:00,,5.641328664335664,12.378041958041958,9.237132846153846,,0.10216783216783216,19.46731897391304,1.3914285714285715,1.885714285714286,0.005,0.005712688380059058,0.0003872656719963029,0.1940714285714286,0.02372857142857143,1.88,4.46,16.01,20.9,5.4
2020-06-24 00:00:00+00:00,,5.718601412587413,12.446853146853147,8.913146783216783,,0.09979020979020979,19.95378452173913,1.5428571428571427,1.9214285714285715,0.005,0.006378244307832928,0.0005486263686614292,0.18964285714285714,0.023157142857142855,2.89,3.57,24.81,20.7,0.1
2020-06-25 00:00:00+00:00,,4.563680555555555,8.252500704225351,9.065347166666667,1171.4397297297296,0.07125,20.087643163698047,1.6942857142857142,1.9571428571428573,0.005,0.007043800235606799,0.0007099870653265554,0.18521428571428572,0.022585714285714285,1.8,2.47,22.3,20.4,0.6
2020-06-26 00:00:00+00:00,,4.778881118881118,12.667202797202798,9.092097881118882,,0.06678321678321679,20.6200044,1.8457142857142856,1.9928571428571429,0.005,0.00770935616338067,0.0008713477619916815,0.1807857142857143,0.022014285714285715,2.55,3.85,25.85,20.9,0.0
2020-06-27 00:00:00+00:00,,4.314195804195804,12.697062937062938,9.001678307692307,,0.05454545454545454,21.10590659130435,1.9971428571428569,2.0285714285714285,0.005,0.00837491209115454,0.0010327084586568079,0.17635714285714288,0.021442857142857145,3.14,4.47,27.29,22.5,0.3
2020-06-28 00:00:00+00:00,,5.556923076923077,10.739737762237763,8.878741272727273,,0.07993006993006993,22.341435217391304,2.1485714285714286,2.0642857142857145,0.005,0.00904046801892841,0.001194069155321934,0.17192857142857143,0.020871428571428572,2.94,4.09,13.85,21.6,4.7
2020-06-29 00:00:00+00:00,,4.581,7.281301077827321,6.4758571428571425,287.2778615217391,0.04628571428571429,21.195401878829134,2.3,2.1,0.005,0.009706023946702282,0.0013554298519870603,0.1675,0.020300000000000002,3.06,3.77,24.82,22.2,1.7
2020-06-30 00:00:00+00:00,,4.793776223776224,12.067622377622378,7.9221678321678315,,0.05986013986013986,22.07063540869565,2.2928571428571427,2.142857142857143,0.004857142857142858,0.009373245982815347,0.0012102052249884467,0.16328571428571428,0.019957142857142857,2.5,4.8,24.43,23.3,0.0
2020-07-01 00:00:00+00:00,,4.417430548611112,12.197986111111112,8.027291666666667,,0.057847222222222223,22.59878845486111,2.2857142857142856,2.185714285714286,0.004714285714285714,0.00904046801892841,0.001064980597989833,0.15907142857142859,0.019614285714285716,2.07,2.69,26.49,23.6,0.0
2020-07-02 00:00:00+00:00,,4.304475524475524,8.516840547263682,7.72286713986014,736.785,0.04846153846153846,23.148210555555554,2.2785714285714285,2.2285714285714286,0.004571428571428572,0.008707690055041475,0.0009197559709912196,0.15485714285714286,0.01927142857142857,2.23,3.31,25.0,23.7,0.0
2020-07-03 00:00:00+00:00,,4.5436805555555555,12.23625,7.570625027777778,,0.05416666666666667,23.598915399305557,2.2714285714285714,2.2714285714285714,0.004428571428571428,0.00837491209115454,0.000774531343992606,0.15064285714285716,0.01892857142857143,2.13,3.34,25.73,24.2,0.0
2020-07-04 00:00:00+00:00,,4.612447552447553,12.271958041958042,7.60580420979021,,0.06972027972027972,23.862250939130433,2.2642857142857142,2.314285714285714,0.004285714285714286,0.008042134127267606,0.0006293067169939923,0.14642857142857144,0.018585714285714285,1.91,2.94,23.72,25.1,0.1
2020-07-05 00:00:00+00:00,,4.865972215277778,12.23861111111111,7.542152784722223,,0.07361111111111111,24.106488246527775,2.257142857142857,2.357142857142857,0.004142857142857143,0.007709356163380669,0.0004840820899953788,0.14221428571428574,0.018242857142857144,1.19,3.76,22.39,25.4,0.3
2020-07-06 00:00:00+00:00,,4.747985611510791,7.9025461538461546,7.4015827122302165,578.4327272727272,0.08237410071942447,24.454787099358974,2.25,2.4,0.004,0.007376578199493734,0.0003388574629967651,0.138,0.0179,1.85,3.4,23.35,25.2,0.0
2020-07-07 00:00:00+00:00,,5.022847222222222,12.22625,7.527500006944444,,0.09090277777777778,24.998668715277777,2.185714285714286,2.414285714285714,0.004142857142857143,0.007099263229587954,0.0003872656719963029,0.14407142857142857,0.017985714285714285,1.9,4.07,24.98,24.3,0.0
2020-07-08 00:00:00+00:00,,5.116527777777778,11.945625,7.225277770833333,,0.10729166666666667,25.30825065972222,2.1214285714285714,2.4285714285714284,0.004285714285714286,0.0068219482596821755,0.0004356738809958408,0.15014285714285716,0.01807142857142857,1.37,2.18,21.03,23.8,0.3
2020-07-09 00:00:00+00:00,,5.932867139860139,7.738455156037992,7.268531468531469,421.6386956521739,0.15524475524475523,25.693080444630873,2.057142857142857,2.4428571428571426,0.004428571428571428,0.006544633289776396,0.0004840820899953787,0.15621428571428572,0.018157142857142858,1.73,2.71,26.41,24.6,0.0
2020-07-10 00:00:00+00:00,,6.166666666666667,12.344305555555556,7.438541673611111,,0.19284722222222223,25.625606753472223,1.9928571428571429,2.4571428571428573,0.004571428571428572,0.006267318319870616,0.0005324902989949165,0.16228571428571428,0.01824285714285714,1.51,3.21,25.26,26.0,0.0
2020-07-11 00:00:00+00:00,,5.446041666666667,12.229513888888889,7.505347229166667,,0.22506944444444446,25.787502743055555,1.9285714285714286,2.4714285714285715,0.004714285714285714,0.005990003349964837,0.0005808985079944545,0.16835714285714287,0.018328571428571427,3.72,5.68,27.97,24.6,0.0
2020-07-12 00:00:00+00:00,,4.5438732394366195,10.06302816197183,5.801549288732395,,0.1367605633802817,25.51949587108014,1.8642857142857143,2.4857142857142858,0.004857142857142858,0.005712688380059058,0.0006293067169939922,0.17442857142857143,0.018414285714285713,2.2,2.91,22.64,23.4,0.3
2020-07-13 00:00:00+00:00,,3.920089928057554,6.954799222222222,5.347318840579709,682.3709032258064,0.14798561151079137,25.71481825773938,1.8,2.5,0.005,0.005435373410153278,0.0006777149259935302,0.1805,0.0185,1.68,2.64,25.26,23.2,1.4
2020-07-14 00:00:00+00:00,,4.247746478873239,9.865563387323943,5.706690140845071,,0.21077464788732395,25.68173770034843,1.7571428571428571,2.5357142857142856,0.0054285714285714284,0.006267318319870616,0.000726123134993068,0.20785714285714285,0.01892142857142857,1.87,2.48,27.22,23.8,0.0
2020-07-15 00:00:00+00:00,,5.11237762937063,10.327062874125874,6.122587405594405,,0.3054545454545455,25.629337182608694,1.7142857142857144,2.5714285714285716,0.005857142857142858,0.007099263229587954,0.0007745313439926058,0.2352142857142857,0.01934285714285714,1.73,3.69,25.52,24.3,0.0
2020-07-16 00:00:00+00:00,,6.036944444444444,10.318055534722223,5.973263888888889,,0.40125,25.79302989583333,1.6714285714285715,2.607142857142857,0.006285714285714286,0.007931208139305293,0.0008229395529921437,0.26257142857142857,0.019764285714285713,2.78,4.21,19.26,24.4,5.4
2020-07-17 00:00:00+00:00,,5.5979020979020975,7.101446222543353,5.785874125874126,1466.7666666666667,0.4909090909090909,26.262533098591547,1.6285714285714286,2.642857142857143,0.006714285714285714,0.00876315304902263,0.0008713477619916815,0.2899285714285714,0.020185714285714286,1.56,3.12,22.44,25.1,3.8
2020-07-18 00:00:00+00:00,,4.435972222222222,10.502499979166666,5.7872916736111115,,0.5746527777777778,26.60290723958333,1.5857142857142859,2.6785714285714284,0.0071428571428571435,0.00959509795873997,0.0009197559709912195,0.3172857142857143,0.02060714285714286,1.76,2.92,22.64,25.4,0.3
2020-07-19 00:00:00+00:00,,4.749444444444444,11.731875,6.592430555555556,,0.8748611111111111,26.97128763888889,1.542857142857143,2.7142857142857144,0.007571428571428571,0.010427042868457307,0.0009681641799907572,0.34464285714285714,0.021028571428571428,1.98,2.82,24.28,26.4,0.5
2020-07-20 00:00:00+00:00,,11.690678575,7.992624862825789,6.987142850000001,884.348,1.1948571428571428,27.257929707552528,1.5,2.75,0.008,0.011258987778174646,0.0010165723889902951,0.372,0.02145,2.65,3.4,25.42,27.2,0.0
2020-07-21 00:00:00+00:00,,7.007202776223776,12.91755244055944,6.909300706293706,,1.6365734265734266,26.87505187826087,1.3928571428571428,2.8857142857142857,0.008142857142857143,0.011092598796231179,0.0009520281103242447,0.4109285714285714,0.0216,2.07,5.9,22.38,25.9,3.2
2020-07-22 00:00:00+00:00,,5.001,11.743000021428571,5.980499985714285,,1.6704285714285716,26.766387727272726,1.2857142857142856,3.0214285714285714,0.008285714285714285,0.010926209814287711,0.0008874838316581941,0.44985714285714284,0.02175,1.47,2.69,19.51,25.2,2.3
2020-07-23 00:00:00+00:00,,4.293321685314686,9.79080192948718,6.8368531818181815,361.8933333333334,2.671538461538461,26.518573587684067,1.1785714285714286,3.157142857142857,0.008428571428571428,0.010759820832344244,0.0008229395529921437,0.48878571428571427,0.0219,1.71,2.7,16.87,24.0,12.4
2020-07-24 00:00:00+00:00,,4.009375,10.927083312499999,6.347847222222223,,2.009097222222222,26.36297373263889,1.0714285714285714,3.2928571428571427,0.008571428571428572,0.010593431850400776,0.0007583952743260931,0.5277142857142857,0.02205,2.3,3.34,16.58,23.6,2.0
2020-07-25 00:00:00+00:00,,4.416041666666667,12.122708333333334,6.789861097222222,,2.6290277777777775,26.456932708333333,0.9642857142857142,3.428571428571429,0.008714285714285714,0.010427042868457309,0.0006938509956600427,0.5666428571428571,0.0222,1.78,2.51,24.45,24.9,0.0
2020-07-26 00:00:00+00:00,,4.835763881944445,12.645972222222222,7.193333374999999,,2.934236111111111,26.286738333333332,0.8571428571428571,3.5642857142857145,0.008857142857142857,0.010260653886513841,0.0006293067169939922,0.6055714285714285,0.02235,1.93,2.82,25.14,25.7,0.4
2020-07-27 00:00:00+00:00,,22.335124113475178,9.783574009508715,7.817801418439716,966.4459999999999,3.3164539007092197,26.526595770676693,0.75,3.7,0.009,0.010094264904570374,0.0005647624383279417,0.6445,0.0225,2.23,3.2,24.46,26.1,0.5
2020-07-28 00:00:00+00:00,,4.3950000000000005,12.801338028169013,7.729295788732394,,3.448450704225352,26.26932912891986,0.7142857142857143,3.5142857142857142,0.009214285714285713,0.010316116880494997,0.0005647624383279417,0.6512142857142856,0.023742857142857142,2.83,4.49,22.44,26.0,1.2
2020-07-29 00:00:00+00:00,,4.4806944444444445,12.33236111111111,7.504027770833334,,3.369375,26.351601163194445,0.6785714285714286,3.3285714285714287,0.009428571428571429,0.010537968856419621,0.0005647624383279417,0.6579285714285714,0.024985714285714285,1.48,2.62,23.3,24.9,0.3
2020-07-30 00:00:00+00:00,,4.037222222222223,9.770038305084746,7.3829861319444445,140.799375,2.8134027777777777,26.20794209959623,0.6428571428571429,3.142857142857143,0.009642857142857142,0.010759820832344244,0.0005647624383279417,0.6646428571428571,0.026228571428571427,1.73,2.91,20.12,25.1,1.0
2020-07-31 00:00:00+00:00,,5.094965027972028,10.164755223776224,7.542517482517482,,1.92993006993007,25.947139704347826,0.6071428571428572,2.9571428571428573,0.009857142857142858,0.010981672808268868,0.0005647624383279417,0.6713571428571429,0.02747142857142857,1.95,4.41,18.37,24.8,9.1
2020-08-01 00:00:00+00:00,,3.501527777777778,9.5684721875,7.2811805694444445,,1.558472222222222,25.798056996527777,0.5714285714285714,2.7714285714285714,0.010071428571428571,0.01120352478419349,0.0005647624383279417,0.6780714285714285,0.028714285714285713,1.98,3.61,19.53,24.7,3.4
2020-08-02 00:00:00+00:00,,3.7174825174825177,8.493286720279722,7.5711888041958035,,0.9936363636363637,25.849231339130437,0.5357142857142857,2.5857142857142854,0.010285714285714287,0.011425376760118115,0.0005647624383279417,0.6847857142857143,0.029957142857142856,2.78,5.33,22.47,25.5,0.8
2020-08-03 00:00:00+00:00,,23.829565217391306,7.7721240118577075,7.257971014492754,347.9116666666667,1.1459420289855071,25.479771069924176,0.5,2.4,0.0105,0.011647228736042738,0.0005647624383279417,0.6915,0.0312,1.23,3.52,13.65,22.2,10.9
2020-08-04 00:00:00+00:00,,4.4196478873239435,9.815422535211267,6.558521126760563,,2.815211267605634,25.25970205574913,0.5714285714285714,2.5142857142857142,0.010285714285714287,0.01120352478419349,0.0005647624383279417,0.6974285714285714,0.03124285714285714,2.83,4.52,23.89,22.3,1.8
2020-08-05 00:00:00+00:00,,4.200625006944445,9.472083291666667,6.532916666666667,,2.6871527777777775,25.277328559027776,0.6428571428571428,2.6285714285714286,0.010071428571428571,0.010759820832344244,0.0005647624383279417,0.7033571428571429,0.031285714285714285,1.71,2.33,21.75,22.6,4.1
2020-08-06 00:00:00+00:00,,4.551944458333334,6.765265408108108,6.788333333333333,654.9680000000001,2.227986111111111,25.001449501216545,0.7142857142857143,2.742857142857143,0.009857142857142858,0.010316116880494997,0.0005647624383279417,0.7092857142857143,0.03132857142857143,1.04,2.2,20.0,22.2,30.4
2020-08-07 00:00:00+00:00,,6.517096782258064,7.609645991150442,6.684516129032258,,1.7995161290322579,25.001933548387097,0.7857142857142857,2.857142857142857,0.009642857142857142,0.00987241292864575,0.0005647624383279417,0.7152142857142857,0.03137142857142857,1.04,2.06,16.96,21.9,5.8
2020-08-08 00:00:00+00:00,,7.164014063380281,6.601267605633803,6.947323943661972,,1.6751408450704226,25.176806916376307,0.8571428571428572,2.9714285714285715,0.009428571428571429,0.009428708976796502,0.0005647624383279417,0.7211428571428571,0.031414285714285714,1.39,2.59,22.87,22.7,2.5
2020-08-09 00:00:00+00:00,,6.581527784722223,7.2674305625,7.011875,,1.9290972222222225,25.723038177083332,0.9285714285714286,3.085714285714286,0.009214285714285713,0.008985005024947255,0.0005647624383279417,0.7270714285714286,0.03145714285714286,0.99,2.64,23.57,24.5,0.1
2020-08-10 00:00:00+00:00,,18.038014195035462,7.577147464285714,7.072624113475177,503.87100000000004,1.9390780141843973,25.984911071871124,1.0,3.2,0.009,0.008541301073098008,0.0005647624383279417,0.733,0.0315,1.83,3.28,24.43,23.4,0.0
2020-08-11 00:00:00+00:00,,7.131748230769231,7.520769230769231,7.155804195804196,,2.2083916083916084,25.77596612173913,0.9642857142857143,3.278571428571429,0.009,0.008485838079116853,0.0006293067169939922,0.7325,0.03151428571428572,1.2,2.28,20.66,24.0,0.3
2020-08-12 00:00:00+00:00,,6.656180576388889,8.402638854166666,7.190347222222223,,2.558819444444444,25.935799027777776,0.9285714285714286,3.357142857142857,0.009,0.008430375085135696,0.0006938509956600427,0.732,0.03152857142857143,1.71,3.86,20.87,24.4,8.1
2020-08-13 00:00:00+00:00,,8.359513902777778,7.750833340277778,7.063472222222222,,3.3355555555555556,25.756485555555557,0.8928571428571429,3.435714285714286,0.009,0.00837491209115454,0.0007583952743260931,0.7315,0.03154285714285714,1.16,2.11,16.09,22.5,2.8
2020-08-14 00:00:00+00:00,,7.182986118055556,6.441666666666666,7.0372916666666665,,3.6910416666666666,25.50290354166667,0.8571428571428572,3.5142857142857142,0.009,0.008319449097173384,0.0008229395529921437,0.731,0.03155714285714286,0.91,1.7,15.34,22.2,7.0
2020-08-15 00:00:00+00:00,,7.303661971830985,7.912042253521126,6.2584507042253525,,2.550352112676056,24.9985162369338,0.8214285714285714,3.592857142857143,0.009,0.008263986103192228,0.0008874838316581941,0.7305,0.03157142857142858,1.94,3.47,4.46,19.8,37.4
2020-08-16 00:00:00+00:00,,6.35307693006993,6.87027972027972,6.113426573426573,,1.9669930069930068,23.856223078260868,0.7857142857142857,3.6714285714285717,0.009,0.008208523109211071,0.0009520281103242447,0.73,0.031585714285714286,2.02,3.13,13.33,18.8,3.6
2020-08-17 00:00:00+00:00,,18.041944444444447,6.54218150806794,6.057619047619047,782.3778,1.911111111111111,23.704620574182734,0.75,3.75,0.009,0.008153060115229916,0.0010165723889902951,0.7295,0.0316,1.74,3.05,21.38,21.0,0.2
2020-08-18 00:00:00+00:00,,6.847847215277778,7.8250000208333335,6.305347222222222,,1.9094444444444443,23.694082864583336,0.8571428571428572,3.657142857142857,0.008928571428571428,0.008263986103192228,0.0010165723889902951,0.6978571428571428,0.03117857142857143,2.13,2.97,21.48,21.1,0.0
2020-08-19 00:00:00+00:00,,5.781958041958042,8.34454544055944,6.274615384615385,,1.4997202797202798,23.970665547826087,0.9642857142857143,3.564285714285714,0.008857142857142857,0.00837491209115454,0.0010165723889902951,0.6662142857142858,0.030757142857142858,1.71,2.51,18.93,21.0,0.9
2020-08-20 00:00:00+00:00,,6.435804188811189,8.746223748251749,6.582237762237762,,1.798951048951049,23.981382852173912,1.0714285714285714,3.471428571428571,0.008785714285714286,0.008485838079116853,0.0010165723889902951,0.6345714285714286,0.030335714285714285,1.75,2.55,21.61,20.8,0.1
2020-08-21 00:00:00+00:00,,7.624680836879432,8.841631248226951,6.632269503546099,,2.011418439716312,23.868710017452006,1.1785714285714286,3.378571428571428,0.008714285714285714,0.008596764067079163,0.0010165723889902951,0.6029285714285715,0.029914285714285716,1.12,2.4,6.87,19.7,8.7
2020-08-22 00:00:00+00:00,,8.08895836111111,8.591875041666666,6.606643356643357,,2.076458333333333,23.921291510416665,1.2857142857142858,3.2857142857142856,0.008642857142857143,0.008707690055041475,0.0010165723889902951,0.5712857142857143,0.029492857142857144,0.86,1.84,17.54,21.1,5.6
2020-08-23 00:00:00+00:00,,6.5593055555555555,8.979305555555555,6.7832638888888885,,2.1900694444444446,24.21208482638889,1.3928571428571428,3.1928571428571426,0.008571428571428572,0.008818616043003788,0.0010165723889902951,0.5396428571428571,0.02907142857142857,1.45,3.69,19.64,21.8,2.7
2020-08-24 00:00:00+00:00,0.011314285714285712,13.106824806569342,7.106248509225092,6.868248175182482,479.50374999999997,2.09021897810219,24.508731420454545,1.5,3.0999999999999996,0.0085,0.0089295420309661,0.0010165723889902951,0.508,0.02865,1.9,3.01,18.23,23.4,0.4
2020-08-25 00:00:00+00:00,0.01090625,8.125624979166666,9.667013847222222,7.11361111111111,,1.775,25.003614930555557,1.4444444444444444,3.311111111111111,0.008555555555555556,0.010007989136155242,0.0009789215597684323,0.5142222222222222,0.029766666666666667,2.95,4.27,23.75,24.7,0.0
2020-08-26 00:00:00+00:00,0.01021875,8.755104902097901,9.762517524475523,6.748881118881119,,1.3958041958041958,25.173151669565218,1.3888888888888888,3.522222222222222,0.008611111111111111,0.011086436241344384,0.0009412707305465695,0.5204444444444445,0.030883333333333332,2.34,4.13,21.46,24.3,0.4
2020-08-27 00:00:00+00:00,0.009989583333333333,9.415454531468532,10.092517468531469,6.937482517482517,,1.437902097902098,25.213375617391304,1.3333333333333333,3.7333333333333334,0.008666666666666666,0.012164883346533527,0.0009036199013247069,0.5266666666666666,0.032,2.63,3.86,19.16,24.8,0.3
2020-08-28 00:00:00+00:00,0.00965625,9.952097888111888,9.956853181818182,6.817552447552448,,1.4904895104895104,25.382699130434784,1.2777777777777777,3.944444444444444,0.008722222222222221,0.013243330451722669,0.0008659690721028441,0.5328888888888889,0.03311666666666667,2.12,3.02,16.33,26.0,0.1
2020-08-29 00:00:00+00:00,0.009802083333333333,9.756250006944445,10.04250001388889,6.907361111111111,,1.6516666666666666,25.374768975694444,1.2222222222222223,4.155555555555555,0.008777777777777778,0.014321777556911811,0.0008283182428809813,0.5391111111111111,0.03423333333333334,3.11,5.43,16.87,24.7,5.8
2020-08-30 00:00:00+00:00,0.008833333333333334,8.117013916666666,9.239861125,6.230069444444444,,1.5298611111111111,25.390009131944442,1.1666666666666667,4.366666666666667,0.008833333333333334,0.015400224662100954,0.0007906674136591185,0.5453333333333333,0.035350000000000006,2.01,4.21,20.99,22.8,0.0
2020-08-31 00:00:00+00:00,0.0195,8.832183091549295,7.97063373943662,6.176901408450704,,1.4783802816901408,24.75010743902439,1.1111111111111112,4.5777777777777775,0.008888888888888889,0.016478671767290096,0.0007530165844372558,0.5515555555555555,0.03646666666666667,1.39,2.18,6.33,19.8,32.4
2020-09-01 00:00:00+00:00,0.019208333333333334,8.173309852112677,6.0167605774647885,6.513169014084507,,1.388169014084507,23.86513550522648,1.0555555555555556,4.788888888888889,0.008944444444444444,0.017557118872479238,0.000715365755215393,0.5577777777777777,0.03758333333333334,1.51,2.13,6.89,19.3,3.6
2020-09-02 00:00:00+00:00,0.017881720430107526,8.91772056617647,5.2617076810344825,7.222205889705883,279.7968181818182,1.2586029411764705,23.823789961832063,1.0,5.0,0.009,0.01863556597766838,0.0006777149259935302,0.564,0.038700000000000005,1.95,3.93,20.6,23.8,0.3
2020-09-03 00:00:00+00:00,0.015958333333333335,10.56166667361111,4.859659600609756,7.4643749999999995,373.7616666666666,1.5025694444444444,24.340552454308096,0.9444444444444444,4.783333333333333,0.009333333333333332,0.017815946177724633,0.000652614373178955,0.5996111111111111,0.038650000000000004,2.77,4.52,21.34,24.8,0.0
2020-09-04 00:00:00+00:00,0.01275,12.903888881944445,7.085138875,7.388055555555557,,1.7791666666666666,24.63876527777778,0.8888888888888888,4.566666666666666,0.009666666666666665,0.016996326377780882,0.0006275138203643797,0.6352222222222221,0.0386,3.03,3.69,21.25,24.1,0.2
2020-09-05 00:00:00+00:00,0.009625,12.404475517482517,7.068881132867133,7.167202797202798,,1.7455944055944057,24.609648017391304,0.8333333333333334,4.35,0.01,0.016176706577837135,0.0006024132675498046,0.6708333333333333,0.03855,2.62,3.52,23.62,20.3,0.0
2020-09-06 00:00:00+00:00,0.008614583333333333,13.125694451388888,9.090138854166666,6.418819444444444,,2.239027777777778,24.05463184027778,0.7777777777777778,4.133333333333333,0.010333333333333333,0.015357086777893388,0.0005773127147352294,0.7064444444444444,0.0385,1.42,2.33,23.1,18.6,0.0
2020-09-07 00:00:00+00:00,0.008104166666666668,13.550211267605635,8.890070394366198,6.442957746478873,,2.426267605633803,23.712293414634146,0.7222222222222222,3.9166666666666665,0.010666666666666666,0.01453746697794964,0.0005522121619206542,0.7420555555555555,0.038450000000000005,1.48,2.62,22.99,19.5,0.0
2020-09-08 00:00:00+00:00,0.008,12.629230783216784,9.08875001388889,6.330555555555556,,2.7858333333333336,23.64489373263889,0.6666666666666667,3.6999999999999997,0.011,0.013717847178005891,0.000527111609106079,0.7776666666666666,0.038400000000000004,1.61,2.64,23.0,19.7,0.0
2020-09-09 00:00:00+00:00,0.008072916666666667,10.74451388888889,7.487134280936456,6.539652777777778,374.77,2.6699305555555557,23.79692122615804,0.6111111111111112,3.4833333333333334,0.011333333333333334,0.012898227378062142,0.0005020110562915038,0.8132777777777778,0.03835,2.06,3.8,15.33,21.1,0.2
2020-09-10 00:00:00+00:00,0.010010416666666666,10.73125,9.9346180625,6.524166666666667,,2.8355555555555556,24.186235477430557,0.5555555555555556,3.2666666666666666,0.011666666666666667,0.012078607578118395,0.00047691050347692865,0.8488888888888888,0.0383,1.27,2.0,14.6,22.3,4.4
2020-09-11 00:00:00+00:00,0.008666666666666666,9.274214292857144,8.394096189285715,6.555428571428571,183.15333333333334,2.336642857142857,23.99872552878966,0.5,3.05,0.012,0.011258987778174646,0.00045180995066235343,0.8845,0.03825,1.94,2.66,17.18,22.9,1.1
2020-09-12 00:00:00+00:00,0.008395833333333333,8.796453893617022,7.390354631205674,6.5956737588652485,,1.8368085106382979,23.62380270506108,0.5,3.6875,0.012875000000000001,0.009706023946702282,0.0005082861944951476,0.943,0.0377625,3.21,3.92,10.54,21.2,3.3
2020-09-13 00:00:00+00:00,0.008260416666666668,11.28041958041958,8.452517447552447,6.400909090909091,,3.4346153846153844,23.243627182608694,0.5,4.324999999999999,0.01375,0.008153060115229916,0.0005647624383279418,1.0015,0.037275,1.84,3.09,16.7,21.2,0.1
2020-09-14 00:00:00+00:00,0.0077395833333333336,10.085944083916084,9.079685314685314,6.160699300699301,,3.3746153846153844,23.535035747826086,0.5,4.9624999999999995,0.014624999999999999,0.006600096283757552,0.000621238682160736,1.06,0.0367875,2.0,2.98,17.08,21.9,0.1
2020-09-15 00:00:00+00:00,0.007020833333333334,42.300413206611566,8.989253066037735,6.200082644628099,122.8575,4.0627272727272725,22.911443060075094,0.5,5.6,0.0155,0.005047132452285187,0.0006777149259935302,1.1185,0.0363,1.91,2.72,22.21,17.5,0.0
2020-09-16 00:00:00+00:00,0.00715625,13.277552447552448,7.788869456876458,6.1200699300699295,,4.375594405594406,21.549426402898554,0.5,5.25,0.014583333333333334,0.005953028020644067,0.0006777149259935302,1.0728333333333333,0.0359,1.51,2.64,19.53,14.2,0.0
2020-09-17 00:00:00+00:00,0.015052083333333334,12.631250000000001,9.543124979166667,6.013958333333333,,4.4006944444444445,21.22243295138889,0.5,4.8999999999999995,0.013666666666666667,0.0068589235890029465,0.0006777149259935302,1.0271666666666668,0.0355,1.61,2.53,2.24,14.8,25.9
2020-09-18 00:00:00+00:00,0.00971875,10.206923083916084,8.82720281118881,5.66027972027972,,4.383986013986013,21.121852869565217,0.5,4.55,0.012750000000000001,0.007764819157361826,0.0006777149259935302,0.9815,0.0351,3.36,4.16,15.68,18.0,4.6
2020-09-19 00:00:00+00:00,0.00721875,9.089718330985916,8.47108777480916,5.630352112676056,,4.299718309859156,20.106891832740214,0.5,4.2,0.011833333333333333,0.008670714725720705,0.0006777149259935302,0.9358333333333333,0.0347,2.56,3.69,18.91,13.9,0.0
2020-09-20 00:00:00+00:00,0.0066458333333333335,8.183475170212766,7.851063822695035,5.610141843971631,,4.238936170212766,19.5806082547993,0.5,3.85,0.010916666666666667,0.009576610294079586,0.0006777149259935302,0.8901666666666667,0.0343,2.13,3.34,22.36,10.4,0.0
2020-09-21 00:00:00+00:00,0.0065,8.065069444444443,7.274642853896103,5.612291666666667,821.8633333333333,4.2813888888888885,18.91562110367893,0.5,3.5,0.01,0.010482505862438466,0.0006777149259935302,0.8445,0.0339,2.07,2.56,22.03,10.9,0.0
2020-09-22 00:00:00+00:00,0.00675,10.100069923076923,8.307083340277778,5.5848611111111115,,4.2716666666666665,18.707094270833334,0.5,3.361111111111111,0.009833333333333333,0.010957022588721688,0.0007279160316226805,0.8383333333333334,0.03358333333333333,1.48,2.88,21.93,11.2,0.0
2020-09-23 00:00:00+00:00,0.006416666666666667,8.693263895833333,8.623958375,5.6102083333333335,,4.397847222222222,18.493250624999998,0.5,3.2222222222222223,0.009666666666666667,0.01143153931500491,0.0007781171372518308,0.8321666666666667,0.03326666666666667,2.17,4.04,18.95,15.2,0.0
2020-09-24 00:00:00+00:00,0.006302083333333333,9.152013881944445,7.833402791666667,5.7967361111111115,,4.542013888888889,18.418883003472224,0.5,3.0833333333333335,0.0095,0.011906056041288133,0.0008283182428809813,0.8260000000000001,0.03295,1.68,2.51,8.28,15.5,0.3
2020-09-25 00:00:00+00:00,0.014781250000000001,8.709097229166666,6.056705234678625,5.839513888888889,36.3636875,4.785,17.999261906893466,0.5,2.9444444444444446,0.009333333333333334,0.012380572767571355,0.0008785193485101316,0.8198333333333334,0.032633333333333334,1.33,2.42,5.95,14.2,25.7
2020-09-26 00:00:00+00:00,0.009645833333333333,6.623216776223776,8.792167825174825,5.72958041958042,,4.904685314685315,18.153253373913042,0.5,2.8055555555555554,0.009166666666666667,0.012855089493854579,0.000928720454139282,0.8136666666666666,0.03231666666666667,1.37,3.1,16.77,16.3,1.5
2020-09-27 00:00:00+00:00,0.0077083333333333335,6.542394387323943,8.813916104895105,5.845034965034965,,5.1899999999999995,18.265273913043476,0.5,2.6666666666666665,0.009000000000000001,0.013329606220137801,0.0009789215597684323,0.8075,0.032,1.56,2.51,12.93,17.1,0.0
2020-09-28 00:00:00+00:00,0.007947916666666667,7.6268750277777775,9.296736125,5.956527777777778,,5.564791666666667,18.368618975694446,0.5,2.5277777777777777,0.008833333333333334,0.013804122946421023,0.0010291226653975827,0.8013333333333333,0.031683333333333334,2.12,4.62,12.32,18.4,0.6
2020-09-29 00:00:00+00:00,0.0160625,8.326760570422534,9.930763875,5.882222222222222,,5.478472222222222,18.645893784722222,0.5,2.388888888888889,0.008666666666666668,0.014278639672704246,0.001079323771026733,0.7951666666666667,0.03136666666666667,3.29,5.0,6.81,17.3,12.7
2020-09-30 00:00:00+00:00,0.012052083333333333,29.24908571071429,7.960121160264901,6.005714285714285,560.0057142857142,4.385071428571428,17.418570443886097,0.5,2.25,0.0085,0.014753156398987468,0.0011295248766558833,0.789,0.03105,3.27,4.73,19.9,13.1,7.6
2020-10-01 00:00:00+00:00,0.007760416666666666,5.718402777777778,9.83374998611111,5.778402777777778,,5.043472222222222,17.993867552083334,0.5166666666666666,2.566666666666667,0.00875,0.013653140351694543,0.001110699462044952,0.8016666666666666,0.0309,2.27,4.23,15.41,14.8,0.4
2020-10-02 00:00:00+00:00,0.006385416666666667,5.5656944444444445,9.974166631944446,5.754930555555556,,5.090138888888889,17.927782413194443,0.5333333333333333,2.8833333333333333,0.009000000000000001,0.012553124304401617,0.0010918740474340205,0.8143333333333334,0.03075,2.75,3.49,19.98,13.2,0.2
2020-10-03 00:00:00+00:00,0.006000000000000001,5.072447552447553,9.318391622377622,5.7734265734265735,,4.64104895104895,17.172329095652174,0.55,3.2,0.009250000000000001,0.011453108257108692,0.0010730486328230891,0.827,0.030600000000000002,2.04,3.72,16.77,10.0,0.0
2020-10-04 00:00:00+00:00,0.006062499999999999,5.097083333333334,7.265029307692307,5.832986111111111,245.69181818181818,4.665902777777777,16.900419845041323,0.5666666666666667,3.5166666666666666,0.0095,0.010353092209815767,0.001054223218212158,0.8396666666666667,0.03045,1.24,2.68,18.45,11.3,0.0
2020-10-05 00:00:00+00:00,0.005968750000000001,5.2745138888888885,10.21454543939394,5.680416666666667,,4.865625,17.06313315696649,0.5833333333333333,3.833333333333334,0.00975,0.009253076162522841,0.0010353978036012265,0.8523333333333334,0.0303,2.51,4.75,19.59,12.5,0.0
2020-10-06 00:00:00+00:00,0.006031249999999999,5.145833333333333,9.499144191885964,5.615277777777778,667.2633333333333,4.789097222222222,16.99419805274972,0.6,4.15,0.01,0.008153060115229916,0.0010165723889902951,0.865,0.03015,1.41,3.11,19.01,12.5,0.0
2020-10-07 00:00:00+00:00,0.006031249999999999,5.645034965034965,9.478251741258742,5.672307692307692,,4.861608391608391,16.878745391304346,0.5857142857142857,4.328571428571429,0.010357142857142858,0.007875745145324136,0.0010004363193237826,0.8978571428571428,0.03105,3.09,4.7,18.47,16.4,0.0
2020-10-08 00:00:00+00:00,0.005541666666666667,5.9107692307692306,10.52937062937063,5.692447552447552,,5.118531468531469,17.576867373913043,0.5714285714285714,4.507142857142857,0.010714285714285714,0.0075984301754183576,0.00098430024965727,0.9307142857142857,0.03195,3.09,4.11,18.48,17.5,0.0
2020-10-09 00:00:00+00:00,0.0051875,6.291044791044776,10.508048788617886,5.780746268656716,,5.240522388059702,17.04223765478424,0.5571428571428572,4.685714285714286,0.011071428571428572,0.007321115205512578,0.0009681641799907573,0.9635714285714285,0.032850000000000004,1.79,2.92,13.78,13.8,0.0
2020-10-10 00:00:00+00:00,0.0068125,7.285208340277778,10.766458347222223,5.793402777777778,,5.490277777777778,16.948196545138888,0.5428571428571428,4.864285714285715,0.011428571428571429,0.007043800235606798,0.0009520281103242447,0.9964285714285714,0.03375,1.12,2.16,2.97,14.4,13.8
2020-10-11 00:00:00+00:00,0.013520833333333334,8.80941606569343,10.50404765079365,5.907080291970803,,5.736277372262774,17.031593667883214,0.5285714285714286,5.042857142857144,0.011785714285714287,0.006766485265701019,0.0009358920406577321,1.0292857142857144,0.03465,1.98,3.67,4.38,15.4,26.7
2020-10-12 00:00:00+00:00,0.01034375,9.456944451388889,10.105347222222223,6.107013888888889,,5.750902777777778,17.093318177083333,0.5142857142857142,5.2214285714285715,0.012142857142857143,0.00648917029579524,0.0009197559709912195,1.062142857142857,0.035550000000000005,1.81,3.32,4.62,16.5,9.1
2020-10-13 00:00:00+00:00,0.0081875,9.419375006944444,10.506654163265306,6.227152777777778,215.37285714285713,5.788888888888889,17.607342730923694,0.5,5.4,0.0125,0.00621185532588946,0.0009036199013247069,1.095,0.03645,2.49,4.69,17.0,15.6,0.0
2020-10-14 00:00:00+00:00,0.007052083333333334,6.238273381294964,9.4592187578125,6.211079136690648,,4.74453237410072,17.002499638336346,0.5416666666666666,5.183333333333334,0.012,0.01378255400431724,0.0009224453159356383,1.0408333333333333,0.03634166666666667,2.34,4.24,17.6,12.8,0.0
2020-10-15 00:00:00+00:00,0.0066458333333333335,4.68377623076923,8.354405594405595,6.376083916083916,,3.721748251748252,16.635823913043478,0.5833333333333334,4.966666666666667,0.0115,0.021353252682745016,0.0009412707305465697,0.9866666666666667,0.03623333333333333,2.59,5.3,14.05,14.7,0.0
2020-10-16 00:00:00+00:00,0.006239583333333333,6.507291666666666,9.297435285915492,6.02875,69.59167441860465,4.868125,16.58919375527426,0.625,4.75,0.011,0.0289239513611728,0.000960096145157501,0.9325,0.036125000000000004,3.16,4.34,8.88,13.5,0.6
2020-10-17 00:00:00+00:00,0.005989583333333334,6.249375,7.607507611650485,5.9175,115.472452,3.718958333333333,15.519804327944572,0.6666666666666666,4.533333333333333,0.0105,0.036494650039600576,0.0009789215597684323,0.8783333333333334,0.03601666666666667,2.28,3.45,17.47,8.2,0.0
2020-10-18 00:00:00+00:00,0.006020833333333333,5.324718309859155,8.11964788028169,6.017112676056338,,2.935281690140845,15.096967020905923,0.7083333333333333,4.316666666666666,0.01,0.04406534871802836,0.0009977469743793637,0.8241666666666667,0.035908333333333334,1.56,2.52,16.73,8.5,0.0
2020-10-19 00:00:00+00:00,0.006062499999999999,16.97402174347826,7.90696431553398,6.085652173913044,143.08,2.634608695652174,14.94733558782849,0.75,4.1,0.0095,0.051636047396456136,0.0010165723889902951,0.77,0.0358,1.46,2.25,15.51,11.1,0.0
2020-10-20 00:00:00+00:00,0.006156249999999999,7.883760008,8.851929877192982,6.24584,,2.48352,15.425985442359249,0.8,4.016666666666667,0.009666666666666667,0.04693401801783147,0.0010165723889902951,0.7525555555555555,0.03638888888888889,1.47,2.75,16.06,13.7,0.0
2020-10-21 00:00:00+00:00,0.006197916666666667,7.721388902777779,8.682152791666667,6.3533333333333335,,2.4077083333333333,15.80542886574074,0.85,3.933333333333333,0.009833333333333333,0.04223198863920682,0.0010165723889902951,0.7351111111111112,0.036977777777777776,1.32,2.2,14.53,16.5,0.0
2020-10-22 00:00:00+00:00,0.006197916666666667,11.340354595744682,9.104113475177305,6.497659574468085,,2.733404255319149,16.092145854616895,0.9,3.8499999999999996,0.01,0.037529959260582155,0.0010165723889902951,0.7176666666666667,0.037566666666666665,1.47,2.39,14.06,17.8,0.0
2020-10-23 00:00:00+00:00,0.006156249999999999,17.394965034965036,9.404405566433566,6.675524475524476,,3.3407692307692307,16.25843909565217,0.95,3.7666666666666666,0.010166666666666666,0.0328279298819575,0.0010165723889902951,0.7002222222222222,0.038155555555555554,1.49,3.05,13.63,17.0,0.0
2020-10-24 00:00:00+00:00,0.006177083333333333,25.118125000000003,9.60479167361111,6.6911805555555555,,4.148402777777778,16.714281822916668,1.0,3.683333333333333,0.010333333333333333,0.028125900503332833,0.0010165723889902951,0.6827777777777778,0.03874444444444445,1.7,3.06,7.5,16.5,1.2
2020-10-25 00:00:00+00:00,0.011239583333333332,26.87711267605634,9.229718288732395,6.652183098591549,,4.393591549295775,16.405594581881534,1.05,3.6,0.010499999999999999,0.023423871124708173,0.0010165723889902951,0.6653333333333333,0.03933333333333334,2.28,2.84,3.26,11.5,23.7
2020-10-26 00:00:00+00:00,0.007333333333333334,21.811901401408452,9.943615376923077,6.765633802816901,,3.5657746478873236,16.255052829181494,1.1,3.5166666666666666,0.010666666666666666,0.01872184174608351,0.0010165723889902951,0.6478888888888888,0.03992222222222223,1.08,2.28,11.09,11.8,0.1
2020-10-27 00:00:00+00:00,0.00696875,18.968321678321676,9.615594398601399,6.592517482517483,,2.8092307692307696,16.38063511304348,1.15,3.4333333333333336,0.010833333333333332,0.014019812367458855,0.0010165723889902951,0.6304444444444445,0.040511111111111116,1.63,2.52,9.26,14.4,0.0
2020-10-28 00:00:00+00:00,0.00690625,21.807083340277778,9.109220132415254,6.523402777777778,199.8513125,3.231111111111111,16.4677738442029,1.2,3.35,0.011,0.00931778298883419,0.0010165723889902951,0.613,0.041100000000000005,1.58,2.61,7.2,15.7,0.1
2020-10-29 00:00:00+00:00,0.04472916666666666,23.086433566433566,7.6822377692307695,6.954265741258742,,3.409160839160839,16.359924486956523,1.1099999999999999,2.95,0.01,0.07166928082244964,0.0010617533840565304,0.6557,0.04043,3.18,6.44,6.13,18.0,31.8
2020-10-30 00:00:00+00:00,0.02021875,14.859503539007093,8.852411304964539,7.79198585106383,,2.0690780141843974,16.42522143106457,1.02,2.5500000000000003,0.009,0.1340207786560651,0.0011069343791227657,0.6984,0.039760000000000004,4.43,6.17,6.45,12.3,0.9
2020-10-31 00:00:00+00:00,0.014302083333333333,10.950138888888889,6.475624986111111,7.105069444444444,,1.5871527777777779,14.777886006944446,0.9299999999999999,2.1500000000000004,0.008,0.19637227648968056,0.001152115374189001,0.7411,0.03909,2.28,3.78,13.09,5.7,0.0
2020-11-01 00:00:00+00:00,0.018520833333333334,9.800139867132867,6.266153846153846,6.938741258741259,,1.4406993006993007,14.128780747826086,0.8400000000000001,1.7500000000000002,0.007,0.258723774323296,0.0011972963692552365,0.7838,0.03842,2.93,6.66,10.47,8.5,7.4
2020-11-02 00:00:00+00:00,0.0165,11.242887323943663,6.096944372990354,6.130985915492958,569.468888888889,1.1819014084507042,13.009494849765257,0.75,1.35,0.006,0.32107527215691145,0.0012424773643214717,0.8265,0.03775,6.39,8.5,15.01,3.5,0.0
2020-11-03 00:00:00+00:00,0.01415625,8.993566356643358,7.20937062937063,6.481048951048951,,1.2397202797202798,12.507836904347826,0.75,1.4571428571428573,0.006642857142857143,0.27992173062289377,0.0012424773643214717,0.7770714285714286,0.03762857142857143,3.65,5.39,14.45,6.8,0.0
2020-11-04 00:00:00+00:00,0.01240625,10.18048951048951,6.973975630769231,6.658391608391608,1522.3666666666668,1.3293006993006993,12.236347636363638,0.75,1.5642857142857145,0.007285714285714286,0.2387681890888761,0.0012424773643214717,0.7276428571428571,0.03750714285714286,2.24,2.78,14.07,8.2,0.0
2020-11-05 00:00:00+00:00,0.011416666666666667,11.284722236111111,8.6775694375,6.738541666666666,,1.3569444444444445,12.0936384375,0.8200000000000001,1.6714285714285715,0.007928571428571429,0.19761464755485844,0.0012424773643214717,0.6782142857142857,0.037385714285714286,1.46,2.28,13.72,9.2,0.0
2020-11-06 00:00:00+00:00,0.0101875,11.325174832167834,9.409440538461538,6.715314685314685,,1.3527972027972026,12.389110539130435,0.89,1.7785714285714287,0.008571428571428572,0.15646110602084076,0.0012424773643214717,0.6287857142857143,0.03726428571428571,1.62,2.48,13.63,11.0,0.0
2020-11-07 00:00:00+00:00,0.0091875,10.217132860139861,9.828881111888112,6.723846153846154,,1.2625874125874126,12.395431321739132,0.9600000000000001,1.885714285714286,0.009214285714285715,0.11530756448682308,0.0012424773643214717,0.5793571428571429,0.03714285714285714,1.58,2.56,13.53,11.4,0.0
2020-11-08 00:00:00+00:00,0.008385416666666666,13.439230748251749,10.193776223776224,6.757482517482518,,1.5567832167832167,12.652366417391304,1.03,1.9928571428571429,0.009857142857142858,0.07415402295280543,0.0012424773643214717,0.5299285714285714,0.037021428571428566,1.51,2.42,11.59,13.1,0.0
2020-11-09 00:00:00+00:00,0.008020833333333333,22.808731887681162,9.985938312182741,6.850072463768115,245.9375,2.3439855072463764,12.80596422982885,1.1,2.1,0.0105,0.03300048141878776,0.0012424773643214717,0.4805,0.036899999999999995,1.29,2.15,11.07,14.0,0.0
2020-11-10 00:00:00+00:00,0.00821875,34.97326388888889,12.574097222222221,6.949097222222222,,3.283125,13.585590277777776,1.1282608695652174,2.0630434782608695,0.010369565217391305,0.03389512362604901,0.0014487384287542853,0.47576086956521735,0.036686956521739124,1.67,3.28,6.27,15.8,1.1
2020-11-11 00:00:00+00:00,0.06212500000000001,47.69972027972028,12.151188797202796,6.924545454545455,,4.2562937062937065,13.662418695652173,1.1565217391304348,2.0260869565217394,0.01023913043478261,0.03478976583331027,0.0016549994931870987,0.47102173913043477,0.03647391304347826,1.97,3.71,1.47,16.9,46.0
2020-11-12 00:00:00+00:00,0.13513541666666667,36.661875,10.874861069444444,7.488333340277778,,3.172638888888889,14.442084722222221,1.1847826086956523,1.9891304347826089,0.010108695652173913,0.03568440804057152,0.0018612605576199123,0.46628260869565213,0.03626086956521739,1.77,3.41,1.6,15.5,36.3
2020-11-13 00:00:00+00:00,0.11,15.221250013888888,10.136111097222221,8.397777819444444,,1.2977083333333335,13.969670833333332,1.2130434782608697,1.9521739130434783,0.009978260869565218,0.03657905024783278,0.002067521622052726,0.46154347826086956,0.036047826086956516,1.94,3.72,12.65,12.1,1.5
2020-11-14 00:00:00+00:00,0.10002083333333334,12.618601405594404,9.417342678321678,8.471748195804196,,0.9679020979020979,13.387264243478262,1.241304347826087,1.915217391304348,0.009847826086956522,0.03747369245509403,0.0022737826864855392,0.4568043478260869,0.03583478260869565,1.96,3.76,11.79,8.0,0.0
2020-11-15 00:00:00+00:00,0.09661458333333334,10.157847229166666,6.848541666666667,7.252013895833334,,0.7404861111111111,12.629408819444444,1.2695652173913043,1.8782608695652174,0.009717391304347827,0.03836833466235528,0.002480043750918353,0.45206521739130434,0.03562173913043478,3.91,8.45,3.58,11.2,2.1
2020-11-16 00:00:00+00:00,0.09385416666666667,9.256503475524475,7.571048965034966,7.392937062937063,,0.6027972027972028,12.084155460869566,1.2978260869565217,1.841304347826087,0.009586956521739132,0.03926297686961654,0.0026863048153511664,0.4473260869565217,0.03540869565217391,4.36,6.24,13.11,8.7,0.0
2020-11-17 00:00:00+00:00,0.09344791666666667,8.474615384615383,7.669720300699301,7.288461538461538,,0.5634265734265734,11.527740608695652,1.3260869565217392,1.8043478260869565,0.009456521739130435,0.04015761907687779,0.0028925658797839798,0.4425869565217391,0.03519565217391304,4.85,8.56,11.03,5.4,0.0
2020-11-18 00:00:00+00:00,0.09178125,8.382587405594405,8.551188755244755,7.356503496503497,,0.5439160839160839,10.734391721739131,1.3543478260869566,1.7673913043478262,0.00932608695652174,0.04105226128413904,0.003098826944216793,0.4378478260869565,0.03498260869565217,3.5,5.9,12.56,2.0,0.0
2020-11-19 00:00:00+00:00,0.08701041666666666,8.271736097222222,8.910764,7.288888888888888,,0.5289583333333333,9.958609069444444,1.382608695652174,1.7304347826086957,0.009195652173913044,0.041946903491400296,0.0033050880086496065,0.4331086956521739,0.0347695652173913,1.85,3.47,12.33,2.3,0.0
2020-11-20 00:00:00+00:00,0.08001041666666667,9.007202818181819,9.42118865034965,7.223636363636364,,0.5903496503496504,9.681456380869566,1.4108695652173915,1.6934782608695653,0.009065217391304349,0.04284154569866155,0.0035113490730824207,0.4283695652173913,0.03455652173913043,1.53,2.94,12.2,6.6,0.0
2020-11-21 00:00:00+00:00,0.07097916666666666,8.16104167361111,9.885069375,7.0936111111111115,,0.5109027777777778,10.14539648611111,1.4391304347826086,1.6565217391304348,0.008934782608695652,0.043736187905922805,0.003717610137515234,0.4236304347826087,0.034343478260869566,2.35,3.26,10.84,10.1,0.0
2020-11-22 00:00:00+00:00,0.05919791666666666,10.847762237762238,9.897342671328671,7.129160839160839,,0.678951048951049,10.178537593043478,1.4673913043478262,1.6195652173913044,0.008804347826086956,0.044630830113184056,0.0039238712019480475,0.41889130434782607,0.034130434782608694,2.23,3.22,6.17,10.6,0.0
2020-11-23 00:00:00+00:00,0.051406249999999994,9.587986159722222,10.4225,7.057777777777778,,0.5715972222222222,10.18743185763889,1.4956521739130435,1.5826086956521739,0.008673913043478261,0.04552547232044531,0.004130132266380861,0.4141521739130435,0.03391739130434782,4.15,7.21,11.64,7.9,2.8
2020-11-24 00:00:00+00:00,0.04311458333333334,9.040071421428571,10.15578125,7.0626428571428574,,0.5825714285714286,9.668379844765342,1.5239130434782608,1.5456521739130435,0.008543478260869566,0.046420114527706564,0.004336393330813674,0.40941304347826085,0.03370434782608696,1.81,3.25,11.11,4.1,0.0
2020-11-25 00:00:00+00:00,0.036708333333333336,9.268263895833334,10.177708333333333,7.0488888888888885,,0.6318055555555556,9.34803240625,1.5521739130434784,1.508695652173913,0.00841304347826087,0.047314756734967815,0.004542654395246488,0.4046739130434783,0.03349130434782609,2.74,4.06,7.12,5.6,0.0
2020-11-26 00:00:00+00:00,0.033656250000000006,9.841678272727274,10.461258741258742,6.992167832167832,,0.633916083916084,9.616236290434783,1.5804347826086957,1.4717391304347824,0.008282608695652173,0.04820939894222907,0.004748915459679302,0.39993478260869564,0.033278260869565215,2.69,3.75,10.56,12.3,1.2
2020-11-27 00:00:00+00:00,0.031083333333333334,8.008251748251748,10.904965034965036,6.893146853146853,,0.45097902097902093,10.071757813913043,1.608695652173913,1.4347826086956523,0.008152173913043478,0.049104041149490324,0.004955176524112115,0.39519565217391306,0.033065217391304344,1.98,2.97,10.0,8.9,0.0
2020-11-28 00:00:00+00:00,0.029031249999999998,7.580139874125875,11.05076923076923,6.835174825174825,,0.419020979020979,10.167489648695652,1.6369565217391304,1.3978260869565218,0.008021739130434783,0.049998683356751575,0.0051614375885449286,0.3904565217391304,0.03285217391304348,2.94,3.78,11.1,7.9,0.0
2020-11-29 00:00:00+00:00,0.02704166666666667,7.977692307692307,10.628391608391608,6.904265734265734,,0.493006993006993,9.586274561739131,1.6652173913043478,1.3608695652173912,0.007891304347826087,0.05089332556401283,0.005367698652977742,0.3857173913043478,0.03263913043478261,2.25,3.25,10.31,4.8,0.0
2020-11-30 00:00:00+00:00,0.05466666666666667,6.969999978571428,10.772928571428572,6.8425,,0.45485714285714285,9.538657166083917,1.6934782608695653,1.3239130434782609,0.007760869565217391,0.05178796777127409,0.005573959717410556,0.3809782608695652,0.03242608695652174,2.86,6.96,4.36,7.4,32.5
2020-12-01 00:00:00+00:00,0.047906250000000004,7.498309866197184,10.695070422535212,6.9354929577464794,,0.4530985915492958,8.98004706794425,,,,,,,,5.37,6.17,5.61,1.5,0.4
2020-12-02 00:00:00+00:00,0.04032291666666667,8.56386666,10.202552542372882,6.994266666666667,661.9453333333333,0.428,8.372031429616086,1.75,1.25,0.0075,0.05357725218579659,0.005986481846276183,0.3715,0.032,4.79,5.44,11.31,-0.0,0.0
2020-12-27 00:00:00+00:00,0.04971875,10.305074641791045,12.68875,6.614925373134328,,0.7356716417910447,3.5556611863727454,1.6213235294117647,1.6911764705882355,0.005845588235294117,0.0374481241567178,0.0053220554482433105,0.3053235294117647,0.028176470588235296,2.09,3.53,10.66,-1.8,0.0
2020-12-28 00:00:00+00:00,0.036270833333333335,10.318472243055556,12.761597222222223,6.572916666666667,,0.7606944444444445,3.404705024305555,1.6161764705882353,1.7088235294117649,0.005779411764705882,0.03680295903555465,0.005295478392321995,0.3026764705882353,0.028023529411764708,2.21,3.61,4.18,1.2,0.0
2020-12-29 00:00:00+00:00,0.03678125,10.000069465277779,12.836736111111112,6.514583333333333,,0.7530555555555556,3.5610309166666667,1.611029411764706,1.7264705882352942,0.005713235294117647,0.0361577939143915,0.00526890133640068,0.3000294117647059,0.02787058823529412,2.72,4.08,10.38,2.1,0.0
2020-12-30 00:00:00+00:00,0.03229166666666667,10.972797195804196,12.947692307692307,6.413916083916084,,0.7783916083916084,3.7750858208695655,1.6058823529411765,1.7441176470588236,0.005647058823529411,0.03551262879322835,0.005242324280479366,0.2973823529411765,0.02771764705882353,2.6,4.39,9.14,-0.6,0.0
2020-12-31 00:00:00+00:00,0.026708333333333334,11.746180569444444,13.047291666666666,6.375972222222222,,0.7685416666666667,3.880043046875,1.600735294117647,1.761764705882353,0.005580882352941176,0.034867463672065196,0.005215747224558051,0.2947352941176471,0.027564705882352943,1.84,3.12,5.06,6.6,0.0
2021-01-01 00:00:00+00:00,0.03283333333333333,12.219027798611112,13.098958333333334,6.316597222222223,,0.7860416666666666,4.226936600694445,1.5955882352941175,1.7794117647058825,0.005514705882352941,0.034222298550902044,0.0051891701686367355,0.29208823529411765,0.027411764705882354,2.37,3.8,1.22,3.1,14.4
2021-01-02 00:00:00+00:00,0.036958333333333336,11.181971816901408,13.117132867132867,6.249230769230769,,0.7101398601398601,4.5037832,1.5904411764705881,1.7970588235294118,0.005448529411764706,0.03357713342973889,0.00516259311271542,0.28944117647058826,0.027258823529411766,1.91,4.25,8.82,4.9,10.9
2021-01-03 00:00:00+00:00,0.03825,10.419148950354609,13.130851063829788,6.138156028368795,,0.5923404255319149,5.2254007486911,1.5852941176470587,1.8147058823529414,0.00538235294117647,0.03293196830857574,0.005136016056794106,0.2867941176470588,0.027105882352941178,1.84,3.58,2.93,5.5,4.1
2021-01-04 00:00:00+00:00,0.0400625,11.542013909722222,13.248055555555556,6.142430555555555,,0.6227777777777779,5.097727454861111,1.5801470588235293,1.8323529411764707,0.005316176470588236,0.03228680318741259,0.005109439000872791,0.2841470588235294,0.02695294117647059,2.46,3.41,3.84,3.7,0.0
2021-01-05 00:00:00+00:00,0.03809375,12.520211253521126,13.268661971830987,6.137517730496453,,0.665774647887324,4.931588135888502,1.575,1.85,0.0052499999999999995,0.031641638066249436,0.005082861944951476,0.2815,0.0268,2.28,5.11,8.79,1.6,0.0
2021-01-06 00:00:00+00:00,0.0375,12.563873239436619,13.162867132867133,6.109090909090909,,0.7234265734265735,4.7978582086956525,1.5698529411764706,1.8676470588235294,0.005183823529411765,0.03099647294508628,0.005056284889030161,0.2788529411764706,0.026647058823529413,3.99,4.82,9.64,2.0,0.0
2021-01-07 00:00:00+00:00,0.03596875,11.383969473282443,13.204749999999999,6.064230769230769,,0.6535877862595421,4.648673424710425,1.5647058823529412,1.8852941176470588,0.005117647058823529,0.030351307823923132,0.005029707833108846,0.2762058823529412,0.026494117647058824,2.24,4.25,9.95,0.4,0.0
2021-01-08 00:00:00+00:00,0.03355208333333334,12.658671335664335,13.278472222222222,6.049791666666667,,0.6611111111111111,4.525473552083334,1.5595588235294118,1.9029411764705884,0.005051470588235294,0.02970614270275998,0.005003130777187531,0.27355882352941174,0.026341176470588236,1.42,2.31,3.02,0.7,0.6
2021-01-09 00:00:00+00:00,0.035291666666666666,13.502907787234044,13.201418439716313,6.0177304964539005,,0.6937588652482269,4.1149144013961605,1.5544117647058824,1.920588235294118,0.004985294117647058,0.029060977581596828,0.004976553721266217,0.27091176470588235,0.026188235294117648,4.19,4.88,11.34,0.6,0.0
2021-01-10 00:00:00+00:00,0.03355208333333334,13.148601398601398,13.238601398601398,5.975384615384615,,0.6530769230769231,3.7856435999999998,1.549264705882353,1.9382352941176473,0.004919117647058824,0.028415812460433676,0.004949976665344902,0.26826470588235296,0.02603529411764706,2.87,4.61,11.38,-0.3,0.0
2021-01-11 00:00:00+00:00,0.0315,13.722377636363635,13.344265734265734,5.963916083916084,,0.6165034965034965,3.406984260869565,1.5441176470588234,1.9558823529411766,0.004852941176470588,0.027770647339270524,0.004923399609423586,0.2656176470588235,0.02588235294117647,1.3,2.36,3.51,-1.0,0.6
2021-01-12 00:00:00+00:00,0.03209375,12.735633802816901,13.396971830985917,5.930633802816901,,0.5804225352112676,3.5166047961672473,1.538970588235294,1.973529411764706,0.004786764705882353,0.027125482218107372,0.004896822553502272,0.2629705882352941,0.025729411764705883,2.71,4.69,11.17,1.5,0.1
2021-01-13 00:00:00+00:00,0.031697916666666666,13.705531929078015,13.391063829787234,5.898723404255319,,0.5877304964539007,3.4031458376963353,1.5338235294117646,1.9911764705882353,0.004720588235294117,0.02648031709694422,0.004870245497580957,0.26032352941176473,0.025576470588235294,2.87,3.83,12.05,1.0,0.0
2021-01-14 00:00:00+00:00,0.029843750000000002,13.888125006944444,13.415,5.8713194444444445,,0.5896527777777778,3.316292253472222,1.5286764705882352,2.0088235294117647,0.004654411764705883,0.025835151975781068,0.004843668441659642,0.2576764705882353,0.025423529411764706,2.51,3.42,11.41,1.3,0.0
2021-01-15 00:00:00+00:00,0.029916666666666664,14.726923076923075,13.46020979020979,5.853426573426574,,0.6188111888111888,3.2558593113043477,1.5235294117647058,2.026470588235294,0.0045882352941176464,0.025189986854617916,0.0048170913857383275,0.2550294117647059,0.025270588235294118,2.12,5.74,4.78,0.7,4.2
2021-01-16 00:00:00+00:00,0.029052083333333336,14.773076923076925,13.431398601398602,5.812937062937063,,0.6158741258741258,3.0965446782608694,1.5183823529411764,2.044117647058824,0.004522058823529412,0.024544821733454764,0.004790514329817012,0.2523823529411765,0.02511764705882353,2.6,5.71,6.84,-0.7,0.5
2021-01-17 00:00:00+00:00,0.028239583333333332,15.366805555555556,13.321388888888889,5.756180555555556,,0.6654861111111111,3.3954144965277777,,,,,,,,3.33,4.12,7.11,0.7,0.0
2021-01-18 00:00:00+00:00,0.02811458333333333,16.460279720279722,13.335454545454546,5.755734265734266,,0.6883216783216783,3.3458303530434783,,,,,,,,2.81,5.32,6.91,0.2,0.0
2021-01-19 00:00:00+00:00,0.0273125,15.752708333333333,13.317013888888889,5.747569444444444,,0.6751388888888888,3.264324934027778,,,,,,,,2.38,5.12,9.1,1.7,0.0
2021-01-20 00:00:00+00:00,0.026635416666666665,15.429720279720279,13.378181818181817,5.686153846153847,,0.6203496503496503,3.1443805739130433,,,,,,,,4.36,7.42,12.08,1.2,0.0
2021-01-21 00:00:00+00:00,0.025520833333333336,14.980283687943261,13.391985815602837,5.625177304964539,,0.5797872340425532,3.1705267643979056,,,,,,,,2.35,4.1,9.12,1.5,0.2
2021-01-22 00:00:00+00:00,0.025416666666666667,15.792361111111111,13.31125,5.575833333333333,,0.6102083333333334,3.5131253732638887,,,,,,,,3.67,5.55,11.89,2.8,0.0
2021-01-23 00:00:00+00:00,0.02484375,14.231347531914892,13.363758865248228,5.547801418439716,,0.5613475177304965,3.1633034136125655,,,,,,,,3.72,4.62,13.16,-0.9,0.0
2021-01-24 00:00:00+00:00,0.023749999999999997,15.547569444444443,13.399027777777778,5.516805555555555,,0.5329861111111112,2.9408096475694445,,,,,,,,2.01,3.61,8.67,-2.2,0.1
2021-01-25 00:00:00+00:00,0.025770833333333337,15.259583333333333,13.416944444444445,5.508055555555555,,0.5414583333333334,2.9703568628472223,,,,,,,,1.22,3.26,1.72,0.7,13.7
2021-01-26 00:00:00+00:00,0.06803125,15.66659722222222,13.335208333333334,5.50875,,0.5735416666666667,3.121605409722222,,,,,,,,1.28,2.52,7.33,1.9,5.9
2021-01-27 00:00:00+00:00,0.057791666666666665,15.728732394366197,13.248111888111888,5.626153846153846,,0.5446853146853147,3.237743419130435,,,,,,,,2.69,5.2,9.43,3.3,0.0
2021-01-28 00:00:00+00:00,0.06017708333333333,15.00986013986014,13.118881118881118,5.6632867132867135,,0.509090909090909,3.3375110017391303,,,,,,,,4.62,7.26,11.04,-1.4,8.9
2021-01-29 00:00:00+00:00,0.054010416666666665,13.639999999999999,13.14281690140845,5.632042253521127,,0.4669014084507042,2.9289653919860625,,,,,,,,4.21,5.52,13.72,-5.4,0.0
2021-01-30 00:00:00+00:00,0.04729166666666667,14.678591549295776,13.22556338028169,5.602253521126761,,0.47119718309859154,2.609255531358885,,,,,,,,2.18,3.84,10.67,-3.4,0.0
2021-01-31 00:00:00+00:00,0.0483125,15.352377622377622,13.224405594405594,5.541398601398601,,0.5062237762237762,2.644923711304348,,,,,,,,2.3,3.22,2.66,-2.4,16.3
2021-02-01 00:00:00+00:00,0.045781249999999996,15.169027777777778,13.385277777777778,5.4743055555555555,,0.4630555555555556,2.23256209375,,,,,,,,2.78,5.04,7.91,-0.6,0.0
2021-02-02 00:00:00+00:00,0.04326041666666666,15.540694444444446,13.179375,5.459444444444445,,0.45569444444444446,2.294321538194444,,,,,,,,6.16,7.76,12.52,-2.2,0.2
2021-02-03 00:00:00+00:00,0.038635416666666665,17.03295774647887,13.131056338028168,5.434647887323944,,0.5076760563380281,2.2236811289198606,,,,,,,,6.61,7.73,14.57,-2.5,0.0
2021-02-04 00:00:00+00:00,0.03632291666666667,16.253194444444446,13.271180555555555,5.383194444444444,,0.48840277777777774,1.9682666614583333,,,,,,,,3.82,5.83,13.12,-0.6,0.0
2021-02-05 00:00:00+00:00,0.035729166666666666,17.289580419580417,13.25951048951049,5.352237762237762,,0.5173426573426574,2.3051739895652172,,,,,,,,3.4,5.6,11.88,3.5,2.0
2021-02-06 00:00:00+00:00,0.0345625,19.204335664335662,13.295524475524475,5.3305594405594405,,0.5498601398601398,2.5012466904347823,,,,,,,,2.74,5.24,11.67,2.6,0.0
2021-02-07 00:00:00+00:00,0.03773958333333333,19.086083916083915,13.388461538461538,5.299230769230769,,0.5418181818181819,2.5173795130434784,,,,,,,,3.26,6.58,12.15,1.6,11.0
2021-02-08 00:00:00+00:00,0.03626041666666666,19.000140852112676,13.766884615384615,5.29056338028169,,0.549225352112676,2.5454396617357,1.4,2.45,0.003,0.009706023946702282,0.004179242043626769,0.1915,0.0216,2.65,4.0,15.04,-2.1,0.0
2021-02-09 00:00:00+00:00,0.03482291666666667,20.404615384615386,13.463706293706293,5.282097902097902,,0.5781818181818182,2.8827009257540603,1.4055555555555554,2.4194444444444447,0.0031944444444444446,0.009404058757249322,0.003997263035721099,0.19227777777777777,0.021652777777777778,1.82,3.7,10.59,3.6,0.0
2021-02-10 00:00:00+00:00,0.03590625,22.308680555555554,13.476041666666667,5.246388888888889,,0.6077083333333334,3.2020799606481485,1.411111111111111,2.3888888888888893,0.0033888888888888888,0.009102093567796362,0.003815284027815429,0.19305555555555556,0.021705555555555558,2.45,3.53,3.58,4.2,0.0
2021-02-11 00:00:00+00:00,0.03991666666666666,23.46839160839161,13.383146853146853,5.237202797202797,,0.6611888111888111,3.401759294663573,1.4166666666666665,2.3583333333333334,0.0035833333333333333,0.008800128378343403,0.003633305019909759,0.19383333333333333,0.021758333333333334,2.0,3.74,1.95,2.2,9.9
2021-02-12 00:00:00+00:00,0.05453125,26.474583333333335,13.498819444444443,5.235763888888889,,0.7190972222222222,3.041307203703704,1.422222222222222,2.327777777777778,0.0037777777777777775,0.008498163188890443,0.003451326012004089,0.19461111111111112,0.02181111111111111,2.18,3.49,3.96,-2.2,11.9
2021-02-13 00:00:00+00:00,0.04851041666666667,26.419305555555557,13.692013888888889,5.232847222222222,,0.7333333333333333,2.9783918356481482,1.4277777777777778,2.2972222222222225,0.0039722222222222225,0.008196197999437483,0.003269347004098419,0.1953888888888889,0.02186388888888889,1.02,2.26,2.76,-2.0,15.7
2021-02-14 00:00:00+00:00,0.06256250000000001,26.199166666666667,13.994444444444445,5.215624999999999,,0.7191666666666667,2.972798328703704,1.4333333333333333,2.2666666666666666,0.004166666666666667,0.007894232809984523,0.0030873679961927487,0.19616666666666666,0.021916666666666668,0.96,1.8,4.56,0.6,3.1
2021-02-15 00:00:00+00:00,0.0709375,24.468169014084506,13.366338028169015,5.269366197183099,,0.7334507042253522,3.312256846511628,1.4388888888888889,2.236111111111111,0.004361111111111111,0.0075922676205315625,0.0029053889882870785,0.19694444444444445,0.021969444444444444,1.13,2.51,3.59,0.4,5.5
2021-02-16 00:00:00+00:00,0.09779166666666667,23.946783216783217,13.531468531468532,5.234055944055944,,0.666013986013986,3.3773395870069605,1.4444444444444444,2.2055555555555557,0.004555555555555556,0.007290302431078603,0.0027234099803814084,0.19772222222222222,0.022022222222222224,2.94,6.14,11.04,0.5,10.6
2021-02-17 00:00:00+00:00,0.0989375,23.528819444444444,13.318958333333335,5.263472222222222,,0.6352083333333334,3.244026189814815,1.45,2.1750000000000003,0.00475,0.006988337241625643,0.0025414309724757383,0.19849999999999998,0.022075,2.93,4.96,15.01,-3.7,0.0
2021-02-18 00:00:00+00:00,0.09911458333333334,24.22027972027972,13.382937062937064,5.233076923076923,,0.6790909090909091,3.049236343387471,1.4555555555555555,2.144444444444445,0.004944444444444444,0.006686372052172683,0.002359451964570068,0.19927777777777778,0.022127777777777777,1.84,3.47,4.72,-2.2,17.8
2021-02-19 00:00:00+00:00,0.09931250000000001,22.735174825174827,13.402797202797203,5.14083916083916,,0.6164335664335665,3.0678301995359627,1.461111111111111,2.113888888888889,0.005138888888888889,0.006384406862719723,0.002177472956664398,0.20005555555555554,0.022180555555555558,2.92,5.3,14.49,0.7,1.0
2021-02-20 00:00:00+00:00,0.09592708333333333,21.73174825174825,13.414615384615384,5.0979020979020975,,0.6060839160839161,2.898311317865429,1.4666666666666666,2.0833333333333335,0.005333333333333333,0.006082441673266763,0.001995493948758728,0.20083333333333334,0.022233333333333334,4.41,5.52,16.56,-3.6,0.0
2021-02-21 00:00:00+00:00,0.09076041666666666,23.04394366197183,13.463661971830986,5.059718309859155,,0.6238732394366198,2.9703461860465112,1.472222222222222,2.052777777777778,0.005527777777777777,0.005780476483813804,0.0018135149408530578,0.2016111111111111,0.02228611111111111,2.14,3.2,14.63,-3.7,0.0
2021-02-22 00:00:00+00:00,0.08906249999999999,25.107291666666665,13.466458333333334,5.003958333333333,,0.685625,3.321024840277778,1.4777777777777779,2.022222222222222,0.005722222222222222,0.005478511294360843,0.0016315359329473877,0.20238888888888887,0.02233888888888889,3.43,5.22,5.5,0.8,5.0
2021-02-23 00:00:00+00:00,0.08551041666666666,23.860629370629372,13.4,4.974475524475524,,0.6678321678321678,3.444739248259861,1.4833333333333334,1.9916666666666667,0.005916666666666666,0.005176546104907883,0.0014495569250417176,0.20316666666666666,0.022391666666666667,3.46,6.51,17.56,5.7,0.0
2021-02-24 00:00:00+00:00,0.08030208333333334,24.70944055944056,13.482937062937063,4.907692307692307,,0.6599999999999999,3.7966565939675174,1.488888888888889,1.9611111111111112,0.0061111111111111106,0.0048745809154549236,0.0012675779171360474,0.20394444444444443,0.022444444444444444,2.78,4.75,17.53,6.8,0.0
2021-02-25 00:00:00+00:00,0.07278125,21.514055944055944,13.48944055944056,4.722727272727273,,0.5604195804195804,5.133429849187935,1.4944444444444445,1.9305555555555558,0.006305555555555556,0.004572615726001964,0.0010855989092303773,0.20472222222222222,0.022497222222222224,3.11,4.5,18.09,8.6,0.0
2021-02-26 00:00:00+00:00,0.06994791666666667,25.89211382113821,13.315,4.725934959349593,,0.673089430894309,5.290390271327015,1.5,1.9000000000000001,0.0065,0.004270650536549004,0.0009036199013247069,0.2055,0.02255,2.5,3.67,4.92,4.2,2.6
2021-02-27 00:00:00+00:00,0.07865625,27.640833333333333,13.539305555555556,4.747638888888889,,0.7058333333333333,5.247056423611111,1.5104166666666667,1.9000000000000001,0.0063124999999999995,0.004383887482593864,0.0008753817794083098,0.20429166666666665,0.022402083333333333,1.23,2.77,8.99,4.3,5.9
2021-02-28 00:00:00+00:00,0.09002083333333333,28.095069444444444,13.51986111111111,4.746388888888889,,0.6961111111111111,5.623067607638889,1.5208333333333333,1.9000000000000001,0.006124999999999999,0.004497124428638724,0.0008471436574919127,0.2030833333333333,0.02225416666666667,2.33,4.44,6.42,9.6,3.5
2021-03-01 00:00:00+00:00,0.09645833333333333,30.047605633802817,13.415140845070423,4.795422535211268,,0.7172535211267606,5.910564815331011,1.53125,1.9000000000000001,0.0059375,0.004610361374683584,0.0008189055355755156,0.201875,0.02210625,3.1,5.94,3.44,9.6,8.3
2021-03-02 00:00:00+00:00,0.09354166666666668,28.373732394366197,13.319366197183099,4.8162676056338025,,0.7135915492957746,5.792618273519164,1.5416666666666667,1.9000000000000001,0.00575,0.004723598320728444,0.0007906674136591185,0.20066666666666666,0.021958333333333333,3.15,5.74,18.13,2.8,0.0
2021-03-03 00:00:00+00:00,0.08957291666666667,23.363076923076925,13.265874125874126,4.686153846153847,,0.6055944055944056,5.983839676521739,1.5520833333333333,1.9000000000000001,0.0055625,0.004836835266773304,0.0007624292917427214,0.19945833333333332,0.021810416666666665,2.32,3.75,19.47,3.7,0.0
2021-03-04 00:00:00+00:00,0.08410416666666666,23.34293706293706,13.29888111888112,4.547902097902098,,0.5967832167832168,6.584161718260869,1.5625,1.9000000000000001,0.005375,0.004950072212818164,0.0007341911698263244,0.19824999999999998,0.0216625,4.15,6.11,19.35,6.8,0.0
2021-03-05 00:00:00+00:00,0.07686458333333333,24.79201388888889,13.218472222222223,4.562430555555555,,0.6400694444444445,6.318747631944444,1.5729166666666667,1.9000000000000001,0.005187499999999999,0.005063309158863024,0.0007059530479099272,0.19704166666666664,0.021514583333333333,4.57,5.24,20.08,1.5,0.0
2021-03-06 00:00:00+00:00,0.06947916666666666,23.296760563380282,13.191126760563382,4.523802816901409,,0.6016901408450704,6.258541665505226,1.5833333333333333,1.9000000000000001,0.005,0.005176546104907884,0.0006777149259935302,0.19583333333333333,0.021366666666666666,3.42,4.58,19.49,1.6,0.0
2021-03-07 00:00:00+00:00,0.06435416666666667,22.70118881118881,13.252797202797204,4.463706293706293,,0.5877622377622378,6.414695344347826,1.59375,1.9000000000000001,0.0048125,0.005289783050952744,0.000649476804077133,0.194625,0.02121875,2.56,3.69,19.49,1.0,0.0
2021-03-08 00:00:00+00:00,0.060406249999999995,22.14846153846154,13.383426573426572,4.425174825174825,,0.5827972027972028,6.516363347826087,1.6041666666666667,1.9000000000000001,0.004625,0.005403019996997604,0.000621238682160736,0.19341666666666665,0.021070833333333334,2.5,3.41,20.63,3.1,0.0
2021-03-09 00:00:00+00:00,0.057458333333333333,20.874326241134753,13.371702127659574,4.3627659574468085,,0.5192907801418439,6.788695267015707,1.6145833333333333,1.9000000000000001,0.0044375000000000005,0.005516256943042464,0.0005930005602443389,0.19220833333333331,0.020922916666666666,2.38,3.09,19.7,7.0,0.0
2021-03-10 00:00:00+00:00,0.05489583333333333,19.44423611111111,13.384166666666665,4.3093055555555555,,0.4680555555555556,7.356251255208333,1.625,1.9,0.00425,0.005629493889087324,0.0005647624383279418,0.191,0.020775000000000002,2.37,3.47,19.83,8.9,0.0
2021-03-11 00:00:00+00:00,0.0524375,18.36048611111111,13.50409722222222,4.316736111111111,,0.445625,7.888012361111111,1.6354166666666667,1.9,0.0040625,0.005742730835132184,0.0005365243164115447,0.18979166666666666,0.020627083333333334,2.04,3.8,18.11,12.1,0.3
2021-03-12 00:00:00+00:00,0.050854166666666666,18.669027777777778,13.464791666666667,4.3057638888888885,,0.43256944444444445,8.726646017361112,1.6458333333333333,1.9,0.003875,0.005855967781177044,0.0005082861944951476,0.18858333333333333,0.020479166666666666,3.32,6.53,10.92,13.2,0.1
2021-03-13 00:00:00+00:00,0.04728125,17.351041666666667,13.063402777777776,4.259236111111111,,0.38881944444444444,9.235074803819444,1.65625,1.9,0.0036875000000000002,0.005969204727221904,0.0004800480725787505,0.18737499999999999,0.02033125,2.86,4.95,13.03,10.7,0.0
2021-03-14 00:00:00+00:00,0.044104166666666667,15.648601391608393,12.848391608391609,4.143636363636364,,0.33314685314685316,9.05465271652174,1.6666666666666667,1.9,0.0035,0.0060824416732667645,0.0004518099506623534,0.18616666666666665,0.020183333333333334,3.51,4.96,13.91,7.5,0.0
2021-03-15 00:00:00+00:00,0.041218750000000005,18.884965034965035,12.948951048951049,4.304507042253521,,0.4316083916083916,8.258998634782609,1.6770833333333333,1.9,0.0033125,0.006195678619311624,0.0004235718287459563,0.18495833333333334,0.020035416666666667,2.79,4.62,12.86,6.2,0.5
2021-03-16 00:00:00+00:00,0.0415,23.575763888888886,12.960833333333333,4.363680555555556,,0.5676388888888888,7.808160472222222,1.6875,1.9,0.003125,0.006308915565356484,0.0003953337068295592,0.18375,0.0198875,2.6,3.22,13.78,4.0,4.5
2021-03-17 00:00:00+00:00,0.04015625,17.15055944055944,12.98048951048951,4.278251748251748,,0.410979020979021,8.148678895652173,1.6979166666666667,1.9,0.0029375,0.0064221525114013436,0.0003670955849131621,0.18254166666666666,0.019739583333333335,1.57,3.19,17.3,8.0,0.0
2021-03-18 00:00:00+00:00,0.04796875,17.195486111111112,12.817777777777778,4.185902777777778,,0.39895833333333336,8.736894515625,1.7083333333333333,1.9,0.0027500000000000003,0.006535389457446203,0.000338857462996765,0.18133333333333332,0.019591666666666667,2.57,3.26,6.57,8.5,17.0
2021-03-19 00:00:00+00:00,0.06545833333333333,13.448531468531469,12.370489510489511,4.167132867132867,,0.31741258741258743,9.09569068,1.71875,1.9,0.0025625000000000005,0.006648626403491064,0.0003106193410803679,0.18012499999999998,0.01944375,3.92,5.06,20.35,6.9,12.3
2021-03-20 00:00:00+00:00,0.06005208333333333,14.820909083916083,12.317692307692308,4.253706293706293,,0.3706293706293706,9.043019285217392,,,,,,,,2.15,3.5,22.9,3.4,0.0
2021-03-21 00:00:00+00:00,0.05641666666666667,12.453309866197182,12.364577464788733,4.192957746478873,,0.3047887323943662,9.478051193379791,,,,,,,,2.11,2.91,22.99,4.7,0.0
2021-03-22 00:00:00+00:00,0.06089583333333334,9.099971849286497,11.060946019900497,4.27985294117647,1072.6200000000001,0.2953284671532847,9.59079093939394,1.75,1.9,0.002,0.006988337241625644,0.00022590497533117671,0.1765,0.019,2.38,3.51,21.77,7.1,0.0
2021-03-23 00:00:00+00:00,0.06732291666666666,15.643076902097901,12.791678321678322,4.411468531468532,,0.3516783216783217,9.813107328695652,1.74,1.908,0.00204,0.006895159411737302,0.00023042307483780024,0.17687999999999998,0.019176,2.2,3.41,7.84,8.5,1.0
2021-03-24 00:00:00+00:00,0.06748958333333334,17.363216776223776,12.68090909090909,4.400633802816901,,0.3693006993006993,9.931968231304348,1.73,1.916,0.0020800000000000003,0.00680198158184896,0.00023494117434442378,0.17726,0.019351999999999998,1.58,3.94,9.53,12.0,3.4
2021-03-25 00:00:00+00:00,0.06872916666666667,18.28139860839161,12.70958041958042,4.419020979020979,,0.4008391608391608,10.009550833043479,1.72,1.924,0.00212,0.006708803751960618,0.0002394592738510473,0.17764,0.019528,2.2,4.46,7.41,12.0,4.6
2021-03-26 00:00:00+00:00,0.07658333333333334,15.665000000000001,12.545277777777777,4.342112676056338,,0.3413888888888889,10.945333421874999,1.71,1.932,0.00216,0.006615625922072276,0.00024397737335767086,0.17801999999999998,0.019704,4.11,5.61,22.65,16.9,7.5
2021-03-27 00:00:00+00:00,0.07556249999999999,14.34218309859155,12.227394366197183,4.3275886524822695,,0.2943661971830986,11.795820956445992,1.7,1.94,0.0022,0.006522448092183934,0.0002484954728642944,0.1784,0.01988,2.05,3.18,14.45,11.8,1.4
2021-03-28 00:00:00+00:00,0.08676041666666667,19.33457746478873,12.520422535211269,4.545,,0.3703521126760564,11.762952163763066,1.69,1.948,0.00224,0.006429270262295592,0.0002530135723709179,0.17878,0.020055999999999997,3.08,7.56,6.61,13.0,5.3
2021-03-29 00:00:00+00:00,0.087875,15.360069444444443,11.566458333333333,4.438472222222222,,0.3079861111111111,11.652863585069445,1.68,1.956,0.00228,0.00633609243240725,0.0002575316718775415,0.17915999999999999,0.020232,4.19,7.85,24.18,7.6,0.0
2021-03-30 00:00:00+00:00,0.08414583333333332,14.970492957746478,11.90112676056338,4.525434782608696,,0.3149295774647887,11.393421165505227,1.67,1.964,0.00232,0.0062429146025189085,0.00026204977138416497,0.17954,0.020408,2.71,4.85,23.79,9.5,0.0
2021-03-31 00:00:00+00:00,0.09008333333333333,16.536643356643356,10.910319047619046,4.253846153846154,272.0422222222222,0.32713286713286716,12.071397908902693,1.66,1.972,0.00236,0.0061497367726305666,0.0002665678708907885,0.17992,0.020583999999999998,2.24,3.71,4.53,12.8,13.3
2021-04-01 00:00:00+00:00,0.09196875,15.464965034965033,11.428601398601398,4.281888111888112,,0.31055944055944057,11.712073965217392,1.65,1.98,0.0024000000000000002,0.006056558942742225,0.00027108597039741207,0.1803,0.020759999999999997,6.04,7.29,22.4,5.3,1.8
2021-04-02 00:00:00+00:00,0.08625,16.687762244755245,11.39797202797203,4.30958041958042,,0.36034965034965033,10.432097996521739,1.6400000000000001,1.988,0.00244,0.005963381112853883,0.0002756040699040356,0.18068,0.020936,4.8,5.22,25.39,0.1,0.0
2021-04-03 00:00:00+00:00,0.08004166666666666,18.87363636363636,11.580279720279721,4.412112676056338,,0.4258041958041958,9.701689128695653,1.63,1.996,0.00248,0.005870203282965541,0.0002801221694106591,0.18106,0.021112,2.19,3.05,25.05,2.9,0.0
2021-04-04 00:00:00+00:00,0.076375,14.202657335664336,11.684335664335663,4.166433566433566,,0.30475524475524474,10.449014413913044,1.62,2.004,0.00252,0.005777025453077199,0.00028464026891728266,0.18144,0.021287999999999998,3.48,5.02,23.56,9.2,0.0
2021-04-05 00:00:00+00:00,0.07234375,14.580625006944445,11.946527777777778,4.249236111111111,,0.3170138888888889,10.734934326388888,1.61,2.012,0.0025599999999999998,0.005683847623188857,0.0002891583684239062,0.18181999999999998,0.021463999999999997,2.12,3.62,23.73,11.9,0.0
2021-04-06 00:00:00+00:00,0.06952083333333334,13.681597229166666,12.013958333333333,4.215138888888889,,0.2795833333333333,11.868729170138888,1.6,2.02,0.0026,0.005590669793300515,0.0002936764679305297,0.1822,0.02164,2.64,3.61,23.71,14.4,0.0
2021-04-07 00:00:00+00:00,0.06675,14.789154936619717,12.444366197183099,4.426197183098592,,0.30133802816901406,12.627670331010453,1.59,2.028,0.00264,0.005497491963412173,0.00029819456743715325,0.18258,0.021816,2.24,2.86,21.62,15.3,0.0
2021-04-08 00:00:00+00:00,0.06432291666666666,15.233402784722223,12.54375,4.4627083333333335,,0.2977777777777778,12.889739930555557,1.58,2.036,0.00268,0.00540431413352383,0.0003027126669437768,0.18295999999999998,0.021991999999999998,2.3,4.47,18.13,15.8,0.0
2021-04-09 00:00:00+00:00,0.063625,16.662291666666665,12.565486111111111,4.470694444444444,,0.31319444444444444,13.387015364583334,1.57,2.044,0.00272,0.0053111363036354884,0.00030723076645040035,0.18334,0.022167999999999997,2.74,3.93,13.64,15.3,1.1
2021-04-10 00:00:00+00:00,0.06619791666666666,17.86846153846154,12.523426573426573,4.536363636363637,,0.343006993006993,13.224214260869566,1.56,2.052,0.00276,0.0052179584737471465,0.0003117488659570239,0.18372,0.022343999999999996,2.6,4.88,12.2,15.3,2.0
2021-04-11 00:00:00+00:00,0.07902083333333333,15.763496496503496,12.314545454545454,4.558811188811188,,0.28573426573426575,13.835557234782609,1.55,2.06,0.0028,0.005124780643858805,0.0003162669654636474,0.18409999999999999,0.02252,3.68,5.39,21.9,16.2,12.5
2021-04-12 00:00:00+00:00,0.07117708333333334,14.448055541666665,11.696736111111111,4.320902777777778,,0.23916666666666664,14.906357135416666,1.54,2.068,0.00284,0.005031602813970463,0.00032078506497027094,0.18448,0.022695999999999997,3.53,5.9,19.37,12.7,0.0
2021-04-13 00:00:00+00:00,0.06596875,14.083496524475525,11.396223776223776,4.4406993006993005,,0.2334965034965035,14.85767972173913,,,,,,,,2.92,3.61,23.47,13.9,0.0
2021-04-14 00:00:00+00:00,0.06254166666666666,14.25472222222222,11.574097222222223,4.580069444444444,,0.23875000000000002,14.842394114583335,,,,,,,,1.45,2.97,15.44,13.5,1.3
2021-04-15 00:00:00+00:00,0.06280208333333333,14.18818181818182,11.29881118881119,4.523146853146852,,0.23496503496503499,15.000697408695652,,,,,,,,3.51,5.76,17.95,11.9,5.4
2021-04-16 00:00:00+00:00,0.05703157894736842,8.323815365942028,9.15254398395722,4.49,545.1497916666666,0.2222463768115942,14.457183977968176,1.5,2.1,0.003,0.004658891494417095,0.0003388574629967651,0.186,0.023399999999999997,4.16,5.39,25.74,8.9,0.0
2021-04-17 00:00:00+00:00,0.053635416666666665,12.876338028169014,11.098802816901408,,,0.21732394366197183,14.350688135888502,1.475,2.11,0.002925,0.004755951733884118,0.000378390833679721,0.186925,0.023472499999999997,2.45,4.29,16.79,9.0,0.0
2021-04-18 00:00:00+00:00,0.05207291666666666,11.746573426573427,10.751421911421911,,,0.20265734265734267,14.3953704057971,1.45,2.12,0.00285,0.004853011973351141,0.0004179242043626769,0.18785,0.023544999999999996,2.39,3.82,17.13,9.7,0.0
2021-04-19 00:00:00+00:00,0.05404166666666666,13.335314692307692,11.271678321678321,,,0.22958041958041958,14.500478260869565,1.4557692307692307,2.13,0.002775,0.004950072212818163,0.00045745757504563284,0.188775,0.023617499999999996,2.24,4.1,20.39,10.9,7.0
2021-04-20 00:00:00+00:00,0.05221875,13.562517482517483,11.514545454545454,,,0.24223776223776225,14.214342973913045,1.4615384615384615,2.14,0.0027,0.005047132452285186,0.0004969909457285888,0.1897,0.02369,2.95,5.44,25.15,11.6,0.0
2021-04-21 00:00:00+00:00,0.05036458333333333,12.242377643356644,10.921188811188811,,,0.2009090909090909,15.035101408695652,1.4673076923076922,2.15,0.002625,0.005144192691752209,0.0005365243164115447,0.190625,0.0237625,4.67,7.42,23.27,10.2,0.0
2021-04-22 00:00:00+00:00,0.046875,14.087499999999999,11.012638888888889,,,0.25402777777777774,13.93162296875,1.473076923076923,2.16,0.00255,0.005241252931219232,0.0005760576870945006,0.19155,0.023835,4.76,6.78,19.92,3.7,0.3
2021-04-23 00:00:00+00:00,0.0449375,14.442291666666668,11.109027777777778,,,0.2707638888888889,13.061493732638889,1.478846153846154,2.17,0.002475,0.005338313170686255,0.0006155910577774565,0.192475,0.023907499999999998,2.3,3.54,19.99,6.0,0.0
2021-04-24 00:00:00+00:00,0.04820833333333333,15.527972027972028,11.090769230769231,,,0.3046153846153846,12.656600817391304,1.4846153846153847,2.18,0.0024000000000000002,0.005435373410153277,0.0006551244284604124,0.1934,0.023979999999999998,2.18,4.22,7.26,6.7,9.3
2021-04-25 00:00:00+00:00,0.052875,14.18611111111111,11.095833333333333,,,0.28423611111111113,12.955278524305555,1.4903846153846154,2.19,0.002325,0.0055324336496203,0.0006946577991433683,0.194325,0.024052499999999997,3.89,6.62,22.86,10.3,3.1
2021-04-26 00:00:00+00:00,0.0500625,14.99139534883721,10.485890625,3.7275,441.6396153846154,0.3030232558139535,13.209239455511288,1.4961538461538462,2.2,0.0022500000000000003,0.005629493889087323,0.0007341911698263243,0.19524999999999998,0.024125,2.37,4.08,27.39,12.2,0.0
2021-04-27 00:00:00+00:00,0.04883333333333334,13.274027777777778,11.377569444444443,3.745208333333333,,0.25486111111111115,14.036152881944444,1.501923076923077,2.21,0.002175,0.005726554128554346,0.0007737245405092802,0.196175,0.0241975,2.24,4.52,26.72,16.1,0.0
2021-04-28 00:00:00+00:00,0.04760416666666667,11.521478880281691,11.519647887323943,3.8245070422535212,,0.22204225352112678,15.13929118466899,1.5076923076923077,2.2199999999999998,0.0021000000000000003,0.005823614368021368,0.0008132579111922361,0.1971,0.02427,2.95,4.44,22.34,20.3,0.0
2021-04-29 00:00:00+00:00,0.04627083333333334,10.370211267605633,11.54838028169014,3.8605633802816905,,0.19084507042253523,15.900236411149825,1.5134615384615384,2.23,0.002025,0.005920674607488391,0.000852791281875192,0.198025,0.0243425,3.34,6.58,17.48,21.1,0.9
2021-04-30 00:00:00+00:00,0.04403125,9.774444472222221,10.599513895833333,3.6018749999999997,,0.15368055555555554,17.127206927083332,1.5192307692307692,2.2399999999999998,0.0019500000000000001,0.006017734846955414,0.0008923246525581479,0.19895,0.024415,6.21,8.62,27.75,17.1,0.1
2021-05-01 00:00:00+00:00,0.040552083333333336,10.063194444444443,10.306388875,3.6345833333333335,,0.15986111111111112,16.32365185763889,1.525,2.25,0.0018750000000000001,0.006114795086422437,0.0009318580232411038,0.199875,0.0244875,3.35,5.78,28.98,13.1,0.0
2021-05-02 00:00:00+00:00,0.039552083333333335,9.272097888111889,10.459510468531468,3.65951048951049,,0.15482517482517483,16.301416973913042,1.5307692307692309,2.26,0.0018000000000000002,0.00621185532588946,0.0009713913939240598,0.20079999999999998,0.02456,2.61,4.78,24.26,16.4,0.0
2021-05-03 00:00:00+00:00,0.041593750000000006,11.098333347222223,10.668541666666666,3.8415972222222226,,0.19569444444444445,16.6705321875,1.5365384615384616,2.27,0.001725,0.006308915565356482,0.0010109247646070156,0.201725,0.0246325,3.37,6.6,12.01,17.9,6.1
2021-05-04 00:00:00+00:00,0.05267708333333334,10.206363622377623,10.477902083916083,3.8918181818181816,,0.2006993006993007,17.118211060869566,1.5423076923076924,2.28,0.00165,0.006405975804823505,0.0010504581352899717,0.20265,0.024705,2.9,6.43,19.23,19.8,2.5
2021-05-05 00:00:00+00:00,0.053062500000000005,9.593426566433566,10.272097902097903,4.521398601398601,,0.2037062937062937,17.89856697391304,1.5480769230769231,2.29,0.001575,0.006503036044290528,0.0010899915059729274,0.20357499999999998,0.0247775,3.51,6.42,24.7,18.8,0.8
2021-05-06 00:00:00+00:00,0.04784375,6.553388768593985,9.280434602409638,4.135338345864661,959.7490909090909,0.1986466165413534,18.092138733733734,1.5538461538461539,2.3,0.0015,0.006600096283757551,0.0011295248766558833,0.2045,0.02485,2.61,5.32,27.5,12.0,0.0
2021-05-07 00:00:00+00:00,0.04585416666666667,7.507777749999999,10.203750083333333,4.1658333333333335,,0.20333333333333334,17.464893524305555,1.5596153846153846,2.2624999999999997,0.00175,0.006697156523224574,0.0010730486328230891,0.2045,0.02441875,3.23,6.75,18.78,10.3,0.6
2021-05-08 00:00:00+00:00,0.04365625,6.677746485915493,10.023168943661972,3.9687323943661967,,0.2014788732394366,16.731131881533102,1.5653846153846154,2.2249999999999996,0.002,0.006794216762691597,0.0010165723889902951,0.2045,0.0239875,3.75,5.83,29.04,10.1,0.0
2021-05-09 00:00:00+00:00,0.04205208333333333,6.700069430555555,10.267638916666666,4.0186111111111105,,0.213125,16.306487013888887,1.5711538461538463,2.1875,0.0022500000000000003,0.00689127700215862,0.000960096145157501,0.2045,0.02355625,3.43,7.38,22.83,12.9,0.6
2021-05-10 00:00:00+00:00,0.04078125,5.671944444444445,10.001874965277779,3.7549305555555557,,0.19131944444444446,17.37730331597222,,2.15,0.0025,0.006988337241625642,0.0009036199013247067,0.2045,0.023125,3.23,4.88,21.36,16.4,7.1
2021-05-11 00:00:00+00:00,0.0384375,6.075384615384615,10.227272713286713,3.928181818181818,,0.2232867132867133,17.275228939130432,,2.1125,0.00275,0.007085397481092665,0.0008471436574919125,0.2045,0.02269375,2.13,4.19,19.41,13.5,0.1
2021-05-12 00:00:00+00:00,0.03667708333333333,5.43612676056338,10.048661922535212,3.725281690140845,,0.2302112676056338,17.219808850174218,,2.075,0.003,0.007182457720559688,0.0007906674136591185,0.2045,0.022262499999999998,2.54,3.59,14.45,10.5,0.0
2021-05-13 00:00:00+00:00,0.034958333333333334,5.844166666666666,10.297083333333333,3.8631249999999997,,0.2713888888888889,16.511008854166665,,2.0375,0.0032500000000000003,0.007279517960026711,0.0007341911698263244,0.2045,0.02183125,2.26,3.22,21.19,10.6,0.0
2021-05-14 00:00:00+00:00,0.033052083333333336,5.705267605633803,9.76376976127321,3.8705633802816903,1082.24625,0.29119718309859155,17.369240716911765,1.6,2.0,0.0035,0.007376578199493734,0.0006777149259935302,0.2045,0.0214,1.1,2.5,22.89,12.5,0.1
2021-05-15 00:00:00+00:00,0.031656250000000004,5.037430555555556,10.652986111111112,3.802569444444445,,0.29715277777777777,16.706594947916667,1.5650000000000002,2.105,0.00445,0.00757069867842778,0.0007003054235266478,0.21844999999999998,0.022019999999999998,1.57,2.48,23.78,12.7,0.0
2021-05-16 00:00:00+00:00,0.030875,7.107202797202797,10.882937062937064,3.9486713286713284,,0.40895104895104895,16.65026292173913,1.53,2.21,0.0054,0.007764819157361825,0.0007228959210597655,0.2324,0.02264,1.21,2.64,8.2,12.6,1.3
2021-05-17 00:00:00+00:00,0.030541666666666665,7.099374993055555,10.97875,3.920694444444445,,0.47659722222222217,16.49851895833333,1.495,2.315,0.00635,0.00795893963629587,0.0007454864185928832,0.24634999999999999,0.02326,0.95,1.9,7.83,12.3,4.3
2021-05-18 00:00:00+00:00,0.029937500000000002,6.33077464084507,11.264718309859154,3.9104929577464786,,0.5499295774647888,16.66648404181185,1.46,2.42,0.007299999999999999,0.008153060115229916,0.0007680769161260008,0.2603,0.02388,1.28,2.02,18.32,14.3,1.3
2021-05-19 00:00:00+00:00,0.029343750000000002,5.674055944055944,11.712167832167832,4.021678321678322,,0.6169230769230769,17.313804226086955,1.425,2.525,0.00825,0.008347180594163962,0.0007906674136591186,0.27425,0.0245,1.39,2.36,27.98,17.2,0.0
2021-05-20 00:00:00+00:00,0.02775,5.6812500069444445,12.492638888888889,4.426666666666667,,0.7331944444444445,18.04293623263889,1.3900000000000001,2.63,0.0092,0.008541301073098008,0.0008132579111922362,0.28819999999999996,0.02512,1.75,2.84,29.07,18.3,0.0
2021-05-21 00:00:00+00:00,0.026177083333333333,4.906527777777778,13.16763888888889,4.578541666666666,,0.8091666666666666,18.72295704861111,1.355,2.735,0.01015,0.008735421552032054,0.0008358484087253538,0.30215,0.025740000000000002,1.42,3.2,29.03,19.1,0.0
2021-05-22 00:00:00+00:00,0.024947916666666667,4.760486111111111,13.89263888888889,4.735416666666667,,0.8898611111111112,19.477011336805553,1.32,2.84,0.011099999999999999,0.008929542030966098,0.0008584389062584715,0.31609999999999994,0.02636,2.05,3.05,21.97,19.7,0.0
2021-05-23 00:00:00+00:00,0.023322916666666665,4.990625,13.990763888888889,4.634930555555555,,0.9402777777777778,20.273493819444447,1.2850000000000001,2.945,0.012049999999999998,0.009123662509900144,0.0008810294037915892,0.33004999999999995,0.026980000000000004,3.13,3.97,21.44,21.8,0.1
2021-05-24 00:00:00+00:00,0.021531250000000002,10.58340425177305,11.190496223021583,4.909787234042553,1229.9714285714285,1.1885106382978725,21.558264256661992,1.25,3.05,0.013,0.00931778298883419,0.0009036199013247069,0.344,0.027600000000000003,2.14,3.47,19.01,22.1,0.1
2021-05-25 00:00:00+00:00,0.020302083333333335,9.081468552447552,15.405034965034966,5.021748251748252,,1.5122377622377623,20.19211539130435,1.157142857142857,3.107142857142857,0.012499999999999999,0.008929542030966098,0.0008713477619916816,0.3844285714285714,0.027885714285714288,2.16,3.62,19.56,20.7,0.0
2021-05-26 00:00:00+00:00,0.019666666666666666,11.604965013986014,11.55041069364162,5.105594405594406,376.2005882352941,2.0322377622377625,20.76567028930818,1.0642857142857143,3.164285714285714,0.012,0.008541301073098008,0.0008390756226586564,0.4248571428571428,0.028171428571428573,2.05,3.55,21.98,22.8,0.7
2021-05-27 00:00:00+00:00,0.01828125,14.534154929577465,17.175915492957746,5.217605633802817,,2.582394366197183,21.343806463414634,0.9714285714285714,3.2214285714285715,0.0115,0.008153060115229916,0.0008068034833256312,0.4652857142857143,0.028457142857142858,2.42,3.26,20.16,22.5,0.0
2021-05-28 00:00:00+00:00,0.020395833333333332,18.310833333333335,13.750718794326241,5.323472222222223,580.38625,3.328611111111111,20.964354279778394,0.8785714285714286,3.2785714285714285,0.011,0.007764819157361825,0.0007745313439926058,0.5057142857142858,0.028742857142857146,1.3,2.77,16.31,20.6,3.4
2021-05-29 00:00:00+00:00,0.024624999999999998,18.862937062937064,16.8672027972028,5.336223776223776,,4.003006993006992,21.02047292173913,0.7857142857142857,3.335714285714286,0.010499999999999999,0.007376578199493734,0.0007422592046595806,0.5461428571428572,0.02902857142857143,2.36,4.22,11.54,17.3,3.3
2021-05-30 00:00:00+00:00,0.02625,15.904583333333335,13.689652777777777,4.497847222222223,,3.681597222222222,20.257229756944444,0.6928571428571428,3.3928571428571432,0.01,0.006988337241625642,0.0007099870653265554,0.5865714285714285,0.029314285714285716,2.24,3.45,13.17,11.6,11.2
2021-05-31 00:00:00+00:00,0.022260416666666668,31.775674244604318,13.008867510548523,4.6431654676258995,434.02625,3.763525179856115,20.62898108029197,0.6,3.45,0.0095,0.006600096283757551,0.0006777149259935302,0.627,0.0296,1.89,3.19,29.24,14.1,0.0
2021-06-01 00:00:00+00:00,0.019770833333333335,17.972430555555558,14.20722222222222,5.2877777777777775,,4.079722222222222,19.698518680555555,0.5571428571428572,3.65,0.009785714285714285,0.006544633289776395,0.0006615788563270176,0.6815714285714286,0.02982857142857143,1.43,2.95,23.83,16.5,0.0
2021-06-02 00:00:00+00:00,0.01872916666666667,17.219928057553958,13.512393126684636,5.449712230215828,375.7980769230769,3.682302158273381,20.018303651960785,0.5142857142857142,3.85,0.010071428571428571,0.00648917029579524,0.0006454427866605048,0.7361428571428571,0.03005714285714286,2.27,4.2,18.04,18.6,1.5
2021-06-03 00:00:00+00:00,0.018270833333333333,15.554722222222223,13.553958333333334,5.677847222222223,,2.304375,20.212928559027777,0.4714285714285714,4.05,0.010357142857142856,0.006433707301814084,0.0006293067169939922,0.7907142857142857,0.030285714285714287,2.46,3.89,18.99,20.6,0.2
2021-06-04 00:00:00+00:00,0.017614583333333333,12.083541673611112,13.09245737327189,5.696875,1171.3175,1.36125,21.015444333333335,0.4285714285714286,4.25,0.010642857142857143,0.0063782443078329275,0.0006131706473274796,0.8452857142857142,0.030514285714285713,2.54,4.37,26.29,21.4,0.4
2021-06-05 00:00:00+00:00,0.01675,9.325664335664335,11.562027972027972,5.755804195804196,,0.7464335664335664,21.067036956521736,0.38571428571428573,4.449999999999999,0.010928571428571428,0.006322781313851771,0.000597034577660967,0.8998571428571428,0.03074285714285714,2.02,3.1,28.95,22.0,0.0
2021-06-06 00:00:00+00:00,0.01621875,7.32573427972028,10.888251748251749,5.764335664335664,,0.4416083916083916,21.242359373913043,0.34285714285714286,4.6499999999999995,0.011214285714285715,0.006267318319870616,0.0005808985079944543,0.9544285714285714,0.03097142857142857,1.79,3.23,20.85,23.6,0.0
2021-06-07 00:00:00+00:00,0.0166875,38.20174166666667,11.603747913838118,5.674833333333334,326.735,0.24825,23.18189873015873,0.3,4.85,0.0115,0.00621185532588946,0.0005647624383279417,1.009,0.0312,2.04,3.41,20.86,23.4,0.8
2021-06-08 00:00:00+00:00,0.020739583333333336,4.630000006993007,9.799999972027972,5.657972027972028,,0.24027972027972028,21.41175911304348,0.325,5.0874999999999995,0.01175,0.006066264966688926,0.0005647624383279417,1.036,0.032025,1.8,4.33,22.57,23.6,1.2
2021-06-09 00:00:00+00:00,0.023354166666666665,3.1004861111111115,9.018263874999999,5.570555555555555,,0.14819444444444443,21.56222185763889,0.35,5.325,0.012,0.005920674607488392,0.0005647624383279417,1.063,0.03285,1.75,2.84,14.97,23.0,1.9
2021-06-10 00:00:00+00:00,0.025364583333333333,2.5245833333333336,9.744696711598746,5.621666666666666,157.72472222222223,0.13034722222222223,21.21591756827048,0.375,5.5625,0.01225,0.005775084248287858,0.0005647624383279417,1.0899999999999999,0.033675,1.24,2.62,15.18,21.5,19.4
2021-06-11 00:00:00+00:00,0.0330625,1.9396503496503497,11.119584761936636,5.609720279720279,115.80221173267327,0.1551048951048951,22.437430903628936,0.4,5.8,0.0125,0.005629493889087324,0.0005647624383279417,1.117,0.0345,1.29,1.84,16.8,21.2,11.0
2021-06-12 00:00:00+00:00,0.044104166666666667,1.4472727272727273,7.827692321678321,5.575804195804196,,0.09517482517482517,21.15874104347826,0.42500000000000004,6.0375,0.01275,0.005483903529886789,0.0005647624383279417,1.1440000000000001,0.035325,1.79,2.5,16.93,20.9,16.2
2021-06-13 00:00:00+00:00,0.0454375,1.8890972222222224,7.721944451388889,5.614166666666666,,0.3620833333333333,21.0827728125,0.45,6.275,0.013,0.005338313170686255,0.0005647624383279417,1.171,0.03615,1.03,1.88,22.09,21.3,0.3
2021-06-14 00:00:00+00:00,0.04859375,1.3208391608391608,6.781328671328671,5.604335664335664,,0.10118881118881119,21.648811304347827,0.475,6.5125,0.01325,0.005192722811485721,0.0005647624383279417,1.198,0.036975,2.14,3.48,26.64,22.7,13.9
2021-06-15 00:00:00+00:00,0.04267708333333333,13.133472775566037,9.419745588235294,5.606792452830189,716.2609090909091,0.10811320754716983,23.243844036850923,0.5,6.75,0.0135,0.005047132452285187,0.0005647624383279417,1.225,0.0378,3.26,4.43,26.17,21.4,0.0
2021-06-18 00:00:00+00:00,0.029114583333333333,2.1303797468354433,8.375042902208202,5.789367088607595,103.96600000000001,0.7305063291139241,21.6988385546875,0.375,5.825,0.013000000000000001,0.005629493889087324,0.0006777149259935302,1.106,0.03685000000000001,1.84,3.3,28.55,20.3,0.0
2021-06-19 00:00:00+00:00,0.026135416666666664,2.2132638888888887,5.051805555555556,5.786458333333333,,0.5921527777777778,20.043305555555555,0.33333333333333337,5.516666666666667,0.012833333333333334,0.005823614368021369,0.000715365755215393,1.0663333333333334,0.03653333333333334,2.7,3.79,25.78,24.4,0.0
2021-06-20 00:00:00+00:00,0.02326041666666667,3.3853472222222223,4.518402777777777,5.792986111111111,,0.6518055555555555,20.016506944444444,0.2916666666666667,5.208333333333334,0.012666666666666668,0.006017734846955414,0.0007530165844372558,1.0266666666666666,0.036216666666666675,2.04,4.12,23.68,24.2,0.0
2021-06-21 00:00:00+00:00,0.021187499999999998,26.02310455442446,8.051286011904761,5.897194244604317,708.8744444444444,0.7090647482014388,22.439247908966465,0.25,4.9,0.0125,0.00621185532588946,0.0007906674136591186,0.987,0.03590000000000001,2.82,5.24,23.89,25.1,0.8
2021-06-22 00:00:00+00:00,0.02215625,4.076083916083916,4.4839160769230775,5.8828671328671325,,1.0152447552447552,22.04700227826087,0.3,5.307142857142858,0.012642857142857143,0.00809759712124876,0.0007583952743260933,1.0057142857142858,0.037307142857142865,2.89,4.55,14.63,21.7,8.3
2021-06-23 00:00:00+00:00,0.018927083333333334,3.2285314755244756,3.216643356643357,5.873566433566434,,0.6107692307692308,21.164647443478263,0.35,5.714285714285714,0.012785714285714286,0.009983338916608062,0.000726123134993068,1.0244285714285715,0.03871428571428572,2.07,4.12,27.98,18.0,0.0
2021-06-24 00:00:00+00:00,0.0159375,3.0175352112676057,2.7581690140845074,5.948028169014084,,0.6959859154929577,21.03995463414634,0.4,6.121428571428572,0.012928571428571428,0.011869080711967362,0.0006938509956600428,1.0431428571428571,0.04012142857142858,1.6,2.4,25.5,18.0,0.0
2021-06-25 00:00:00+00:00,0.014802083333333334,3.6824999999999997,2.2943055625,5.895555555555556,,0.8602083333333334,20.9474990625,0.44999999999999996,6.5285714285714285,0.013071428571428572,0.013754822507326663,0.0006615788563270174,1.0618571428571428,0.04152857142857143,2.0,5.03,26.57,18.8,0.0
2021-06-26 00:00:00+00:00,0.014104166666666668,4.901418439716312,1.7877304964539007,5.9955319148936175,,0.7514184397163121,21.258427609075042,0.5,6.935714285714286,0.013214285714285715,0.015640564302685962,0.0006293067169939922,1.0805714285714287,0.042935714285714285,2.26,5.34,20.45,21.2,1.3
2021-06-27 00:00:00+00:00,0.015979166666666666,6.119513881944445,1.32375,6.007847222222222,,0.7859722222222223,21.613995243055555,0.55,7.342857142857143,0.013357142857142857,0.017526306098045265,0.000597034577660967,1.0992857142857144,0.04434285714285714,2.33,4.04,22.58,23.5,1.4
2021-06-28 00:00:00+00:00,0.015583333333333333,23.39471421735294,6.815457682291667,6.0075,247.92333333333332,0.605,23.491675424107143,0.6,7.75,0.0135,0.019412047893404564,0.0005647624383279417,1.118,0.04575,1.51,3.47,24.94,24.7,0.4
2021-06-29 00:00:00+00:00,0.014020833333333335,5.1656944375,0.5156944444444445,6.108263888888889,,0.5520138888888888,22.145442204861112,0.7277777777777777,7.466666666666667,0.012555555555555556,0.02506311072459567,0.0006526143731789549,1.0557222222222222,0.04404444444444444,2.28,3.71,28.44,25.4,0.0
2021-06-30 00:00:00+00:00,0.013729166666666667,5.707916673611112,0.7593749999999999,6.158125,,0.5893055555555555,22.53901605902778,0.8555555555555555,7.183333333333334,0.01161111111111111,0.030714173555786775,0.000740466308029968,0.9934444444444446,0.04233888888888889,1.86,3.11,25.43,25.6,0.1
2021-07-01 00:00:00+00:00,0.015729166666666666,4.902464788732394,1.0063380281690142,6.193591549295775,,0.5088028169014085,22.639880174216028,0.9833333333333333,6.9,0.010666666666666666,0.03636523638697788,0.0008283182428809811,0.9311666666666667,0.040633333333333334,2.45,4.6,20.17,24.8,7.8
2021-07-02 00:00:00+00:00,0.017302083333333333,6.076433587412587,0.8446853146853147,6.19993006993007,,0.6385314685314686,22.456832626086957,1.1111111111111112,6.616666666666667,0.009722222222222222,0.04201629921816899,0.0009161701777319944,0.8688888888888889,0.038927777777777776,2.45,4.24,21.34,21.2,51.9
2021-07-03 00:00:00+00:00,0.01359375,5.68307693006993,3.665833326388889,6.199722222222222,,0.9876923076923078,22.368073072916665,1.238888888888889,6.333333333333334,0.008777777777777777,0.04766736204936009,0.0010040221125830076,0.8066111111111112,0.03722222222222222,3.64,4.83,26.28,19.1,0.0
2021-07-04 00:00:00+00:00,0.013083333333333334,5.243611104166667,1.8295138888888889,5.992777777777778,,0.5496527777777778,22.01992407986111,1.3666666666666667,6.05,0.007833333333333333,0.053318424880551205,0.0010918740474340207,0.7443333333333334,0.03551666666666667,2.55,3.58,24.55,20.1,0.0
2021-07-05 00:00:00+00:00,0.012916666666666667,5.8803472291666665,1.5173611111111112,6.093680555555555,,0.49173611111111115,22.649943993055555,1.4944444444444445,5.766666666666667,0.006888888888888888,0.058969487711742305,0.001179725982285034,0.6820555555555556,0.03381111111111111,1.57,2.61,28.52,23.1,0.0
2021-07-06 00:00:00+00:00,0.012687499999999999,5.733380288732394,2.0853521126760564,6.112605633802817,,0.41514084507042254,22.88363818815331,1.6222222222222222,5.483333333333333,0.005944444444444443,0.06462055054293342,0.001267577917136047,0.6197777777777778,0.032105555555555554,1.49,2.39,27.27,24.3,0.0
2021-07-07 00:00:00+00:00,0.012552083333333333,4.789965034965035,4.962524757952973,6.2094405594405595,469.595,0.35664335664335667,24.132102673913046,1.75,5.2,0.005,0.07027161337412452,0.0013554298519870603,0.5575,0.0304,2.14,4.71,22.33,25.2,0.0
2021-07-08 00:00:00+00:00,0.012958333333333334,5.356783216783216,2.4351748251748253,6.309860139860139,,0.4262937062937063,23.226149773913043,1.85,5.25,0.0054,0.07904585902194337,0.0016716968174507077,0.5422,0.02841,1.72,3.14,11.46,22.2,4.6
2021-07-09 00:00:00+00:00,0.012895833333333334,6.549305555555556,2.700763888888889,6.348819444444445,,0.5736111111111111,23.117757274305557,1.95,5.3,0.0058,0.08782010466976224,0.001987963782914355,0.5269,0.02642,2.43,4.32,20.6,23.4,1.8
2021-07-10 00:00:00+00:00,0.012333333333333333,8.458541673611112,3.7331250000000002,6.299236111111111,,0.5890277777777778,23.364071215277775,2.05,5.35,0.0062,0.0965943503175811,0.0023042307483780024,0.5115999999999999,0.02443,1.97,4.65,24.4,23.3,0.0
2021-07-11 00:00:00+00:00,0.012708333333333334,8.839166694444444,4.559027777777778,6.540347222222222,,0.7045833333333333,23.717929479166667,2.15,5.3999999999999995,0.0066,0.10536859596539996,0.0026204977138416497,0.49629999999999996,0.02244,2.34,4.93,22.4,24.1,0.3
2021-07-12 00:00:00+00:00,0.012072916666666668,8.51,5.432773788546255,6.621197183098592,1182.6271428571429,0.7328169014084507,24.55741365413534,2.25,5.449999999999999,0.007,0.11414284161321882,0.002936764679305297,0.481,0.02045,2.12,4.24,25.46,25.2,1.0
2021-07-13 00:00:00+00:00,0.01171875,9.974965013986013,6.191258741258741,6.746503496503497,,0.6821678321678322,24.507641791304348,2.1444444444444444,5.344444444444444,0.007,0.10219364768772313,0.002685759151159545,0.472,0.0212,2.82,5.87,25.26,25.2,0.0
2021-07-14 00:00:00+00:00,0.012489583333333333,8.011319416666666,7.136805548611111,6.732152777777777,,0.5983333333333333,25.018388541666667,2.0388888888888888,5.238888888888888,0.007,0.09024445376222742,0.0024347536230137933,0.46299999999999997,0.02195,1.95,2.75,21.78,24.0,3.8
2021-07-15 00:00:00+00:00,0.011999999999999999,7.831250013888889,8.099305541666666,6.922638888888889,,0.828125,25.335828229166665,1.9333333333333333,5.133333333333333,0.007,0.07829525983673172,0.0021837480948680415,0.454,0.022699999999999998,1.73,3.51,22.46,24.1,0.6
2021-07-16 00:00:00+00:00,0.011677083333333333,8.488951027972028,9.413146825174826,7.048951048951049,,1.0296503496503497,25.52607551304348,1.827777777777778,5.027777777777778,0.007,0.06634606591123603,0.0019327425667222894,0.445,0.02345,1.89,3.2,23.59,25.2,0.0
2021-07-17 00:00:00+00:00,0.013239583333333332,10.112323964788732,10.221760563380283,7.166549302816901,,1.2672535211267604,25.4662831010453,1.7222222222222223,4.922222222222222,0.007,0.05439687198574033,0.0016817370385765376,0.436,0.0242,2.23,4.78,18.69,24.9,12.7
2021-07-18 00:00:00+00:00,0.011927083333333333,12.4699305625,10.068194430555556,6.732083333333333,,1.2704166666666667,25.60869039930556,1.6166666666666667,4.816666666666666,0.007,0.04244767806024463,0.0014307315104307857,0.427,0.02495,2.42,4.7,25.18,24.6,0.4
2021-07-19 00:00:00+00:00,0.01115625,12.14847220138889,11.54861111111111,7.305069444444445,,1.7477083333333334,25.542603368055556,1.511111111111111,4.711111111111111,0.007,0.030498484134748927,0.0011797259822850339,0.41800000000000004,0.0257,1.54,2.86,21.96,22.4,1.0
2021-07-20 00:00:00+00:00,0.011000000000000001,14.811258741258742,11.631048937062937,7.034685321678322,,1.4786713286713287,25.542308782608696,1.4055555555555557,4.605555555555555,0.007,0.018549290209253236,0.0009287204541392818,0.40900000000000003,0.026449999999999998,1.66,2.98,22.95,22.7,0.0
2021-07-21 00:00:00+00:00,0.011258620689655174,14.368687943262412,10.330491688852815,6.653900709219858,410.96000000000004,0.878581560283688,25.778190978647686,1.3,4.5,0.007,0.006600096283757551,0.0006777149259935302,0.4,0.0272,2.97,4.67,25.46,24.2,0.0
2021-07-22 00:00:00+00:00,,14.144895104895106,10.897762251748253,6.8372027972027976,,0.9576923076923076,25.7024965034965,1.45,4.59,0.0079,0.007842467348935442,0.0009262103988578246,0.4027,0.0264,2.06,3.83,27.27,23.3,0.0
2021-07-23 00:00:00+00:00,,9.58552444055944,10.795594405594406,7.12013986013986,,1.1183216783216785,25.416496503496504,1.6,4.68,0.0088,0.009084838414113335,0.0011747058717221188,0.4054,0.0256,1.57,2.4,26.86,22.7,0.0
2021-07-24 00:00:00+00:00,,7.934225323943663,11.147676077464789,7.2780281690140844,,1.4262676056338028,25.36701408450704,1.75,4.77,0.0097,0.010327209479291227,0.0014232013445864132,0.4081,0.024800000000000003,1.42,4.57,22.94,23.5,0.0
2021-07-25 00:00:00+00:00,,7.061398601398602,9.296153867132867,6.643706293706293,,0.641958041958042,25.74113986013986,1.9,4.859999999999999,0.0106,0.011569580544469119,0.0016716968174507077,0.4108,0.024,2.2,3.81,22.96,25.5,0.1
2021-07-26 00:00:00+00:00,,8.602411343971632,9.33968761936937,6.721985815602837,356.1627272727273,0.7053900709219858,26.487532483277594,2.05,4.949999999999999,0.0115,0.01281195160964701,0.001920192290315002,0.4135,0.023200000000000002,1.4,2.5,19.69,25.2,5.0
2021-07-27 00:00:00+00:00,,10.35041955944056,8.373286657342657,6.003356643356644,,0.36454545454545456,25.987262313043477,2.0285714285714285,4.828571428571428,0.010571428571428572,0.011647228736042736,0.0016458791059842874,0.4015714285714286,0.02290714285714286,1.52,2.71,26.11,25.6,0.0
2021-07-28 00:00:00+00:00,,12.301041694444443,8.672777798611111,6.285208333333333,,0.3151388888888889,26.29782848958333,2.007142857142857,4.707142857142856,0.009642857142857142,0.010482505862438462,0.0013715659216535728,0.3896428571428571,0.022614285714285715,2.09,3.22,27.35,25.5,0.0
2021-07-29 00:00:00+00:00,,16.25173611111111,9.179930597222222,7.355416666666667,,0.3136805555555556,26.346889392361113,1.9857142857142855,4.585714285714285,0.008714285714285714,0.009317782988834188,0.001097252737322858,0.3777142857142857,0.022321428571428572,2.11,3.76,24.65,25.7,0.0
2021-07-30 00:00:00+00:00,,16.8622695035461,9.462978723404255,7.269574468085106,,0.2824113475177305,26.70441867364747,1.9642857142857142,4.4642857142857135,0.0077857142857142864,0.008153060115229916,0.0008229395529921436,0.36578571428571427,0.02202857142857143,3.6,6.08,25.89,27.3,0.0
2021-07-31 00:00:00+00:00,,15.188680555555557,9.387361083333333,7.132777777777777,,0.21090277777777777,26.492882725694443,1.9428571428571428,4.3428571428571425,0.006857142857142858,0.006988337241625641,0.000548626368661429,0.35385714285714287,0.021735714285714285,1.61,3.14,21.93,23.9,0.0
2021-08-01 00:00:00+00:00,,10.452797174825175,8.850909076923077,6.446993006993007,,0.09496503496503497,26.41669812173913,1.9214285714285713,4.2214285714285715,0.005928571428571429,0.005823614368021367,0.0002743131843307145,0.34192857142857147,0.021442857142857142,1.5,4.14,19.22,23.0,9.7
2021-08-02 00:00:00+00:00,,6.226546769784173,8.22095344515306,6.256834532374101,723.213,0.06258992805755395,25.84445590361446,1.9,4.1,0.005,0.004658891494417095,0.0,0.33,0.02115,2.73,3.98,25.62,22.1,0.0
2021-08-03 00:00:00+00:00,,7.290489531468532,7.983496531468532,6.251328671328672,,0.0420979020979021,25.84391704347826,1.8857142857142857,4.071428571428571,0.005,0.004658891494417095,3.2272139333025246e-05,0.32157142857142856,0.020999999999999998,1.97,3.22,20.25,21.2,0.0
2021-08-04 00:00:00+00:00,,5.890559440559441,7.7105594405594395,6.185944055944057,,0.029020979020979023,25.72294203478261,1.8714285714285714,4.042857142857143,0.005,0.004658891494417095,6.454427866605049e-05,0.31314285714285717,0.02085,2.24,3.89,23.7,21.2,0.0
2021-08-05 00:00:00+00:00,,5.4565972291666665,7.421527777777778,6.198819444444444,,0.02513888888888889,25.59252498263889,1.8571428571428572,4.014285714285714,0.005,0.004658891494417095,9.681641799907573e-05,0.3047142857142857,0.0207,1.14,1.94,23.22,22.0,0.0
2021-08-06 00:00:00+00:00,,5.666666673611111,7.239166666666667,6.200902777777777,,0.027430555555555555,25.54124388888889,1.8428571428571427,3.9857142857142853,0.005,0.004658891494417095,0.00012908855733210098,0.2962857142857143,0.02055,1.59,2.69,25.51,23.1,0.0
2021-08-07 00:00:00+00:00,,7.685673765957446,7.111134751773049,6.2802127659574465,,0.05120567375886525,25.49081420593368,1.8285714285714285,3.957142857142857,0.005,0.004658891494417095,0.00016136069666512624,0.28785714285714287,0.020399999999999998,1.46,3.28,16.35,22.8,0.2
2021-08-08 00:00:00+00:00,,7.893402770833333,7.457430555555555,6.225069444444444,,0.05923611111111111,25.580217204861114,1.8142857142857143,3.9285714285714284,0.005,0.004658891494417095,0.00019363283599815146,0.27942857142857147,0.02025,1.83,3.31,22.68,23.4,0.0
2021-08-09 00:00:00+00:00,,11.213102189781022,7.643174607142858,6.3500729927007304,183.0,0.06693430656934307,25.86244667896679,1.8,3.9,0.005,0.004658891494417095,0.00022590497533117671,0.271,0.0201,1.81,3.08,19.97,25.0,0.1
2021-08-10 00:00:00+00:00,,10.216153846153846,7.694895111888112,6.321398601398601,,0.08643356643356644,26.102444817391305,1.7964285714285715,3.8857142857142857,0.005071428571428571,0.005047132452285186,0.00025817711466420197,0.2715714285714286,0.019992857142857142,2.04,4.73,20.75,26.2,0.1
2021-08-11 00:00:00+00:00,,11.967323950704225,7.8020422957746485,6.414507042253521,,0.10521126760563382,26.26657799651568,1.792857142857143,3.8714285714285714,0.005142857142857143,0.005435373410153278,0.0002904492539972272,0.2721428571428572,0.019885714285714288,2.35,5.24,21.95,26.9,0.1
2021-08-12 00:00:00+00:00,,13.022605626760562,8.041831014084508,6.07669014084507,,0.12281690140845071,26.208945975609755,1.7892857142857144,3.857142857142857,0.005214285714285714,0.005823614368021369,0.00032272139333025247,0.27271428571428574,0.01977857142857143,2.21,4.13,21.04,26.6,1.5
2021-08-13 00:00:00+00:00,,13.616760570422535,8.21626761971831,6.050140845070422,,0.15190140845070424,26.3554443902439,1.7857142857142858,3.8428571428571425,0.005285714285714286,0.00621185532588946,0.0003549935326632777,0.2732857142857143,0.019671428571428572,1.99,4.63,21.34,26.7,0.5
2021-08-14 00:00:00+00:00,,13.352083333333333,8.499444444444444,5.976111111111112,,0.16104166666666667,26.591837552083334,1.7821428571428573,3.8285714285714283,0.005357142857142857,0.006600096283757551,0.0003872656719963029,0.27385714285714285,0.019564285714285715,1.56,2.77,19.57,24.6,5.5
2021-08-15 00:00:00+00:00,,14.825833333333334,8.527569465277777,5.913819444444445,,0.15819444444444444,26.535936406250002,1.7785714285714287,3.814285714285714,0.0054285714285714284,0.006988337241625642,0.00041953781132932815,0.27442857142857147,0.01945714285714286,1.82,3.57,12.64,23.4,13.3
2021-08-16 00:00:00+00:00,,12.859259259259261,8.019381724462365,6.681037037037037,,0.38303703703703706,25.652824981273408,1.775,3.8,0.0055,0.007376578199493734,0.00045180995066235343,0.275,0.019350000000000003,2.44,3.8,13.33,21.8,31.3
2021-08-17 00:00:00+00:00,,20.39655462184874,7.889629666666667,6.50764705882353,,0.3995798319327731,25.606179106382978,1.7714285714285714,3.728571428571428,0.005285714285714285,0.007265652211531422,0.0004195378113293282,0.2756428571428572,0.01915714285714286,1.94,3.19,7.05,21.3,6.9
2021-08-18 00:00:00+00:00,,18.413333333333334,7.441597243055556,6.934930555555556,,0.44131944444444443,25.291678072916667,1.7678571428571428,3.657142857142857,0.005071428571428571,0.00715472622356911,0.0003872656719963029,0.2762857142857143,0.018964285714285715,3.98,6.65,22.27,24.1,15.4
2021-08-19 00:00:00+00:00,,15.963216783216781,7.918111895104896,6.770839160839161,,0.3279020979020979,25.65053492173913,1.7642857142857142,3.5857142857142854,0.004857142857142857,0.007043800235606798,0.0003549935326632777,0.27692857142857147,0.01877142857142857,1.98,2.82,16.22,23.3,1.2
2021-08-20 00:00:00+00:00,,12.48783582835821,7.778699243902438,6.606194029850746,,0.25350746268656715,25.74890656716418,1.7607142857142857,3.5142857142857142,0.004642857142857143,0.006932874247644487,0.00032272139333025247,0.2775714285714286,0.01857857142857143,1.59,2.4,20.26,22.7,3.7
2021-08-21 00:00:00+00:00,,10.896992979020979,7.531678321678322,6.722657342657343,,0.26244755244755247,25.509610313043478,1.7571428571428571,3.4428571428571426,0.004428571428571428,0.006821948259682175,0.0002904492539972272,0.27821428571428575,0.018385714285714286,1.21,1.8,22.23,22.6,0.2
2021-08-22 00:00:00+00:00,,9.334166701388888,7.675138902777778,6.758055555555555,,0.22569444444444445,25.77177380208333,1.7535714285714286,3.3714285714285714,0.004214285714285715,0.006711022271719863,0.00025817711466420197,0.27885714285714286,0.018192857142857143,1.76,3.2,22.9,23.8,0.0
2021-08-23 00:00:00+00:00,,8.154285735714286,7.8404651317829455,6.678928571428571,,0.18985714285714286,26.242660776173288,1.75,3.3,0.004,0.006600096283757551,0.00022590497533117671,0.2795,0.018,2.15,2.94,22.2,24.2,1.2
2021-08-24 00:00:00+00:00,,6.078540138686131,7.970238095238095,6.584890510948905,,0.1605109489051095,26.419757041742287,1.76875,3.3125,0.004125,0.006260385445622971,0.00026826215820577234,0.2863125,0.018125,1.73,2.72,22.67,25.8,0.0
2021-08-25 00:00:00+00:00,,8.971249993055556,8.155763881944445,6.965833333333333,,0.21729166666666666,26.567245625,1.7875,3.325,0.00425,0.005920674607488391,0.000310619341080368,0.293125,0.01825,1.35,3.4,21.24,26.1,0.0
2021-08-26 00:00:00+00:00,,9.799716340425531,8.429148943262412,6.891631205673759,,0.25014184397163125,26.857257766143103,1.80625,3.3375,0.004375,0.005580963769353811,0.0003529765239549636,0.2999375,0.018375,1.62,3.36,21.33,25.6,0.3
2021-08-27 00:00:00+00:00,,10.898951027972029,8.507902132867132,6.905104895104895,,0.27293706293706294,27.10939224347826,1.825,3.35,0.0045000000000000005,0.005241252931219232,0.0003953337068295592,0.30675,0.0185,1.57,4.42,20.21,24.8,4.9
2021-08-28 00:00:00+00:00,,9.542042246478873,8.389295711267607,6.396197183098591,,0.2726056338028169,27.10564393728223,1.84375,3.3625000000000003,0.004625,0.004901542093084652,0.00043769088970415477,0.3135625,0.018625,1.56,2.75,22.17,25.9,0.0
2021-08-29 00:00:00+00:00,,10.181249999999999,8.480486055555556,6.710347222222222,,0.3547222222222222,27.161782690972224,1.8624999999999998,3.375,0.00475,0.004561831254950072,0.0004800480725787505,0.320375,0.01875,0.94,2.87,20.71,25.6,0.0
2021-08-30 00:00:00+00:00,,9.125034937062937,8.294545545454545,6.351048951048951,,0.32426573426573424,27.438517252173913,1.8812499999999999,3.3875,0.004875,0.004222120416815493,0.0005224052554533461,0.3271875,0.018875,1.94,2.94,20.21,24.9,0.9
2021-08-31 00:00:00+00:00,,8.873941598540146,8.135595261904761,6.211532846715329,,0.28832116788321166,27.011486411439115,1.9,3.4000000000000004,0.005,0.0038824095786809125,0.0005647624383279417,0.334,0.019,1.59,2.12,9.7,23.1,0.0
2021-09-01 00:00:00+00:00,,8.711118916083915,7.661888132867133,6.367902097902098,,0.36699300699300696,26.076313339130436,1.95,3.4583333333333335,0.005333333333333333,0.004270650536549004,0.0006024132675498045,0.3244166666666667,0.018375,3.57,4.98,9.49,21.5,19.8
2021-09-02 00:00:00+00:00,,7.452291652777777,7.44861111111111,6.314375,,0.3524305555555556,25.11553671875,2.0,3.516666666666667,0.005666666666666667,0.004658891494417095,0.0006400640967716673,0.31483333333333335,0.01775,3.22,4.8,24.85,19.3,0.0
2021-09-03 00:00:00+00:00,,8.268380288732395,7.508380281690141,6.3497183098591545,,0.3638028169014084,24.43888243902439,2.05,3.575,0.006,0.005047132452285186,0.0006777149259935301,0.30525,0.017125,1.74,2.79,24.26,18.1,0.0
2021-09-04 00:00:00+00:00,,8.203846181818182,7.769160839160839,6.283146853146853,,0.32594405594405595,24.202341391304348,2.1,3.6333333333333333,0.006333333333333333,0.005435373410153278,0.0007153657552153929,0.2956666666666667,0.0165,1.34,3.45,20.03,18.7,0.0
2021-09-05 00:00:00+00:00,,8.187916659722223,8.040416756944445,6.258611111111112,,0.24895833333333334,24.316300260416668,2.1500000000000004,3.691666666666667,0.006666666666666667,0.005823614368021369,0.0007530165844372557,0.28608333333333336,0.015875,2.03,3.77,16.37,21.6,0.0
2021-09-06 00:00:00+00:00,,5.36780578057554,8.124609355468749,6.089712230215827,,0.179136690647482,25.009466518181817,2.2,3.75,0.007,0.00621185532588946,0.0007906674136591185,0.2765,0.01525,2.26,3.3,22.47,22.4,0.2
2021-09-07 00:00:00+00:00,,6.546853139860139,8.175594419580419,6.078181818181818,,0.13999999999999999,24.36182572173913,2.3000000000000003,3.66875,0.00675,0.00655156616402404,0.0007624292917427214,0.2745,0.0155125,1.59,2.25,23.62,19.7,0.0
2021-09-08 00:00:00+00:00,,6.6687412657342655,8.155524566433566,6.13986013986014,,0.13342657342657344,24.35499467826087,2.4000000000000004,3.5875,0.006500000000000001,0.00689127700215862,0.0007341911698263243,0.2725,0.015775,2.26,4.33,18.46,22.3,1.9
2021-09-09 00:00:00+00:00,,5.161048958041958,8.052307748251748,5.933286713286714,,0.06888111888111888,24.357420730434782,2.5,3.5062499999999996,0.00625,0.007230987840293199,0.0007059530479099272,0.2705,0.0160375,2.77,4.74,14.46,20.4,4.9
2021-09-10 00:00:00+00:00,,4.714166659722222,7.819652847222222,5.905902777777778,,0.06861111111111112,23.63460001736111,2.6,3.425,0.006,0.007570698678427779,0.0006777149259935301,0.2685,0.016300000000000002,3.05,3.97,23.16,18.4,0.0
2021-09-11 00:00:00+00:00,,5.961319444444444,7.8716666875,5.938125,,0.10090277777777779,23.02879170138889,2.7,3.34375,0.00575,0.007910409516562359,0.000649476804077133,0.2665,0.0165625,2.11,4.7,19.64,18.0,0.0
2021-09-12 00:00:00+00:00,,6.7951408521126755,8.223028204225352,5.896549295774648,,0.10471830985915494,23.08879529616725,2.8,3.2624999999999997,0.0055,0.008250120354696938,0.0006212386821607359,0.2645,0.016825,2.14,3.81,22.01,21.8,0.0
2021-09-13 00:00:00+00:00,,7.707428571428571,8.46664287857143,5.776928571428571,,0.12178571428571429,23.524838426573428,2.9,3.1812499999999995,0.00525,0.008589831192831517,0.0005930005602443388,0.2625,0.017087500000000002,2.48,3.92,21.79,23.7,0.0
2021-09-14 00:00:00+00:00,,7.149927539855072,8.455761139107612,5.926521739130435,988.4,0.13992753623188406,23.490123704710143,3.0,3.0999999999999996,0.005,0.008929542030966098,0.0005647624383279417,0.2605,0.01735,2.03,3.2,20.46,23.2,0.0
2021-09-15 00:00:00+00:00,,9.565625,8.871944430555555,6.098888888888889,,0.14847222222222223,23.80795845486111,2.857142857142857,3.1071428571428568,0.004928571428571429,0.008208523109211071,0.0005324902989949164,0.2558571428571429,0.017442857142857142,1.87,3.4,17.74,23.0,0.2
2021-09-16 00:00:00+00:00,,8.48833332638889,8.849444506944444,6.010208333333334,,0.14395833333333333,23.876527187500002,2.7142857142857144,3.1142857142857143,0.004857142857142857,0.0074875041874560445,0.0005002181596618912,0.2512142857142857,0.017535714285714286,1.68,3.51,12.65,22.2,3.0
2021-09-17 00:00:00+00:00,,7.883611111111112,8.667500034722222,5.730972222222222,,0.13819444444444443,23.896751614583334,2.5714285714285716,3.1214285714285714,0.0047857142857142855,0.006766485265701018,0.000467946020328866,0.24657142857142858,0.017628571428571427,1.33,2.64,12.65,21.4,12.5
2021-09-18 00:00:00+00:00,,6.64125,8.67430554861111,5.69326388888889,,0.1367361111111111,24.10683736111111,2.428571428571429,3.1285714285714286,0.004714285714285714,0.006045466343945992,0.00043567388099584076,0.24192857142857144,0.017721428571428572,1.08,2.42,17.86,22.3,0.7
2021-09-19 00:00:00+00:00,,8.059580419580419,8.674965,5.755034965034965,,0.18608391608391608,24.26764405217391,2.2857142857142856,3.1357142857142857,0.004642857142857143,0.005324447422190965,0.00040340174166281554,0.2372857142857143,0.017814285714285713,1.8,2.25,18.5,22.5,0.1
2021-09-20 00:00:00+00:00,,9.260422528169013,8.669295795774648,5.950704225352113,,0.26204225352112676,24.239385766550523,2.142857142857143,3.1428571428571432,0.004571428571428571,0.004603428500435938,0.0003711296023297903,0.23264285714285715,0.017907142857142858,2.85,3.67,9.76,20.8,1.2
2021-09-21 00:00:00+00:00,,6.608,8.548488379844962,5.662642857142857,36.55,0.259,23.041038835740075,2.0,3.1500000000000004,0.0045,0.0038824095786809125,0.0003388574629967651,0.228,0.018,2.47,3.89,4.41,17.6,41.1
2021-09-22 00:00:00+00:00,,17.09063378169014,7.852291652777778,6.248402777777778,,0.4096527777777778,22.600972118055555,1.9833333333333334,3.1500000000000004,0.004583333333333333,0.004076530057614958,0.0003200320483858337,0.23033333333333333,0.01863333333333333,3.27,5.26,6.63,19.1,43.9
2021-09-23 00:00:00+00:00,,11.519440573426573,7.8510489720279715,6.6506993006993005,,0.2960839160839161,21.814950017391304,1.9666666666666666,3.1500000000000004,0.004666666666666666,0.004270650536549004,0.0003012066337749023,0.23266666666666666,0.019266666666666665,3.74,5.41,20.93,14.3,12.3
2021-09-24 00:00:00+00:00,,10.642394394366198,7.710492985915494,7.058661971830986,,0.35098591549295777,21.04640712543554,1.95,3.1500000000000004,0.00475,0.00446477101548305,0.0002823812191639709,0.235,0.0199,1.83,2.8,21.47,13.1,0.0
2021-09-25 00:00:00+00:00,,12.177132839160839,8.02013993006993,7.036643356643356,,0.45769230769230773,20.646232295652176,1.9333333333333333,3.15,0.004833333333333334,0.004658891494417096,0.0002635558045530395,0.23733333333333334,0.020533333333333334,1.81,3.52,18.89,13.8,0.0
2021-09-26 00:00:00+00:00,,13.437622384615384,8.424755251748252,6.893216783216784,,0.4893706293706294,20.43186384347826,1.9166666666666665,3.15,0.004916666666666666,0.004853011973351141,0.0002447303899421081,0.23966666666666667,0.021166666666666667,2.86,3.98,20.57,15.1,0.0
2021-09-27 00:00:00+00:00,,12.7069565,8.628018400262468,6.983695652173913,,0.45021739130434785,19.760798324225867,1.9,3.15,0.005,0.005047132452285187,0.00022590497533117671,0.242,0.0218,2.26,3.67,20.03,15.4,0.0
2021-09-28 00:00:00+00:00,,9.652978723404255,8.640422542253521,6.868169014084507,,0.26246478873239437,20.126075296167247,1.8857142857142857,3.1214285714285714,0.004928571428571429,0.005158058440247498,0.00022590497533117671,0.24028571428571427,0.021192857142857142,2.67,3.81,16.48,19.0,0.0
2021-09-29 00:00:00+00:00,,8.022307706293706,9.004825090909092,6.8988811188811185,,0.22293706293706292,20.221652382608696,1.8714285714285714,3.092857142857143,0.004857142857142857,0.0052689844282098105,0.00022590497533117671,0.23857142857142857,0.020585714285714284,1.9,3.13,16.32,18.7,0.4
2021-09-30 00:00:00+00:00,,7.118111902097902,9.159230783216783,6.84958041958042,,0.17391608391608393,20.631041895652174,1.8571428571428572,3.0642857142857145,0.0047857142857142855,0.005379910416172122,0.00022590497533117671,0.23685714285714285,0.019978571428571425,0.86,1.36,19.81,17.5,0.0
2021-10-01 00:00:00+00:00,,7.313286706293707,9.178671265734266,6.734405594405595,,0.19363636363636363,20.416601460869565,1.8428571428571427,3.0357142857142856,0.004714285714285714,0.005490836404134434,0.00022590497533117671,0.23514285714285715,0.01937142857142857,1.74,2.72,19.62,15.2,0.0
2021-10-02 00:00:00+00:00,,7.159236111111111,9.237916652777777,6.691041666666667,,0.1979861111111111,20.317656041666666,1.8285714285714285,3.007142857142857,0.004642857142857143,0.005601762392096745,0.00022590497533117671,0.23342857142857143,0.018764285714285713,1.36,3.04,17.4,16.8,0.0
2021-10-03 00:00:00+00:00,,7.467777756944445,9.361597256944444,6.840208333333333,,0.2103472222222222,20.58936532986111,1.8142857142857143,2.9785714285714286,0.004571428571428571,0.005712688380059058,0.00022590497533117671,0.23171428571428573,0.018157142857142854,1.71,3.4,14.42,19.3,0.1
2021-10-04 00:00:00+00:00,,5.26475,9.486589158914729,6.967357142857143,,0.1925,20.864381597472924,1.8,2.95,0.0045,0.005823614368021369,0.00022590497533117671,0.23,0.017549999999999996,1.43,3.13,13.62,19.0,7.4
2021-10-05 00:00:00+00:00,,7.687152784722222,9.5777083125,7.039166666666667,,0.21618055555555554,21.04686137152778,1.7571428571428571,2.9642857142857144,0.004428571428571428,0.0059900033499648364,0.0002097689056646641,0.24092857142857144,0.018164285714285713,1.35,2.98,11.97,18.5,4.5
2021-10-06 00:00:00+00:00,,8.423636384615385,9.354685265734265,6.839090909090909,,0.25272727272727274,21.177428626086957,1.7142857142857144,2.9785714285714286,0.004357142857142857,0.006156392331908305,0.00019363283599815146,0.2518571428571429,0.018778571428571426,2.04,3.35,6.91,19.1,5.8
2021-10-07 00:00:00+00:00,,9.119090895104895,9.181048888111889,6.6230769230769235,,0.2893006993006993,21.065339182608696,1.6714285714285715,2.992857142857143,0.004285714285714286,0.006322781313851772,0.00017749676633163885,0.2627857142857143,0.019392857142857142,2.86,3.93,6.89,18.6,3.6
2021-10-08 00:00:00+00:00,,8.843776230769231,8.973146846153846,6.357552447552448,,0.29671328671328673,20.803036260869565,1.6285714285714286,3.007142857142857,0.004214285714285714,0.00648917029579524,0.00016136069666512624,0.2737142857142857,0.020007142857142855,1.21,2.42,7.14,17.8,0.3
2021-10-09 00:00:00+00:00,,10.70552448951049,9.065034965034965,6.388111888111888,,0.3531468531468531,20.531908191304346,1.5857142857142859,3.0214285714285714,0.004142857142857143,0.006655559277738707,0.0001452246269986136,0.28464285714285714,0.020621428571428572,1.74,3.16,7.14,17.2,3.0
2021-10-10 00:00:00+00:00,,11.135774612676057,8.811818195804195,6.4372727272727275,,0.4062937062937063,20.260892539130438,1.542857142857143,3.0357142857142856,0.004071428571428571,0.0068219482596821755,0.00012908855733210098,0.2955714285714286,0.02123571428571429,2.27,3.08,13.23,17.3,0.1
2021-10-11 00:00:00+00:00,,12.35246453900709,8.811124027131783,6.4812765957446805,,0.4490070921985816,19.900112522522523,1.5,3.05,0.004,0.006988337241625643,0.00011295248766558836,0.3065,0.02185,1.63,2.77,15.66,17.4,0.0
2021-10-12 00:00:00+00:00,,12.653216783216784,8.697552384615385,6.5636363636363635,,0.46881118881118883,19.933667356521738,1.5,3.0214285714285714,0.004,0.006655559277738707,0.00011295248766558836,0.305,0.022114285714285715,1.16,2.62,13.73,17.7,0.0
2021-10-13 00:00:00+00:00,,11.259790181818182,9.128111846153846,6.4201398601398605,,0.346993006993007,20.384948069565215,1.5,2.9928571428571424,0.004,0.006322781313851772,0.00011295248766558836,0.3035,0.022378571428571428,1.47,2.28,13.83,17.7,0.0
2021-10-14 00:00:00+00:00,,10.02611107638889,9.098611173611111,6.287430555555556,,0.3196527777777778,20.554509913194444,1.5,2.964285714285714,0.004,0.0059900033499648364,0.00011295248766558836,0.302,0.02264285714285714,1.75,2.47,14.94,17.7,0.0
2021-10-15 00:00:00+00:00,,9.65077464084507,9.269577528169014,6.345140845070422,,0.3127464788732394,20.5682743554007,1.5,2.9357142857142855,0.004,0.0056572253860779015,0.00011295248766558836,0.3005,0.02290714285714286,1.91,3.6,15.88,19.9,0.0
2021-10-16 00:00:00+00:00,,9.519084577464788,9.224366225352112,6.35112676056338,,0.31485915492957744,20.35799130662021,1.5,2.907142857142857,0.004,0.005324447422190966,0.00011295248766558836,0.299,0.023171428571428572,3.33,6.86,9.9,17.2,1.6
2021-10-17 00:00:00+00:00,,9.578732345070422,8.246267556338028,6.171338028169014,,0.41619718309859155,18.940906707317072,1.5,2.878571428571428,0.004,0.004991669458304031,0.00011295248766558836,0.2975,0.023435714285714285,4.6,5.72,17.4,11.4,0.0
2021-10-18 00:00:00+00:00,,10.521964278571428,8.029791674479167,6.1345,,0.5228571428571429,17.891492359346643,1.5,2.8499999999999996,0.004,0.004658891494417095,0.00011295248766558836,0.296,0.0237,3.35,4.74,17.16,11.2,0.0
2021-10-19 00:00:00+00:00,,10.260354609929077,7.901985808510638,6.060567375886524,,0.5964539007092198,17.66977052356021,1.4857142857142858,2.8285714285714283,0.003928571428571429,0.004714354488398251,0.00016136069666512624,0.29764285714285715,0.023292857142857143,2.59,3.89,16.99,12.7,0.0
2021-10-20 00:00:00+00:00,,9.38944445138889,8.128194395833333,6.015244755244755,,0.5217361111111111,17.462999565972222,1.4714285714285713,2.807142857142857,0.003857142857142857,0.004769817482379407,0.00020976890566466407,0.29928571428571427,0.022885714285714284,2.22,2.84,16.77,13.3,0.0
2021-10-21 00:00:00+00:00,,9.250629363636364,8.171818230769231,5.964965034965035,,0.512027972027972,17.156241130434783,1.457142857142857,2.7857142857142856,0.003785714285714286,0.004825280476360563,0.00025817711466420197,0.30092857142857143,0.022478571428571428,2.78,4.6,14.4,14.6,0.2
2021-10-22 00:00:00+00:00,,8.906713244755245,8.621188825174825,5.9080419580419585,,0.4143356643356643,17.265691669565218,1.4428571428571428,2.7642857142857142,0.0037142857142857142,0.004880743470341719,0.0003065853236637398,0.30257142857142855,0.02207142857142857,3.08,4.39,13.77,15.4,0.3
2021-10-23 00:00:00+00:00,,9.514861090277778,8.554513895833333,5.907638888888889,,0.46534722222222225,16.9101759375,1.4285714285714286,2.742857142857143,0.003642857142857143,0.004936206464322875,0.0003549935326632777,0.3042142857142857,0.021664285714285712,2.76,4.34,15.28,12.5,0.0
2021-10-24 00:00:00+00:00,,9.321736062500001,8.677569458333332,5.918611111111111,,0.4593055555555556,16.770472118055554,1.4142857142857141,2.7214285714285715,0.0035714285714285713,0.004991669458304031,0.00040340174166281554,0.3058571428571428,0.021257142857142856,1.78,4.3,13.23,13.9,0.0
2021-10-25 00:00:00+00:00,0.01215,11.16121323897059,9.042862927419353,5.922573529411765,,0.4073529411764706,16.847025873161762,1.4,2.7,0.0035,0.005047132452285187,0.00045180995066235343,0.3075,0.02085,2.63,5.2,12.29,15.8,13.1
2021-10-26 00:00:00+00:00,0.009449999999999998,10.978951041958041,9.314580433566434,5.904895104895105,,0.45062937062937064,16.73392384347826,1.3833333333333333,2.7055555555555557,0.003611111111111111,0.015615914083138779,0.00045180995066235343,0.3203888888888889,0.02148888888888889,5.45,8.25,12.7,11.5,0.0
2021-10-27 00:00:00+00:00,,10.315734293706294,8.636433587412588,5.6600699300699295,,0.544055944055944,15.80619907826087,1.3666666666666667,2.7111111111111112,0.0037222222222222223,0.026184695713992373,0.00045180995066235343,0.3332777777777778,0.022127777777777777,4.41,6.03,15.04,10.7,0.0
2021-10-28 00:00:00+00:00,,9.950277770833333,8.22729163888889,5.661041666666667,,0.5527083333333334,15.261936822916665,1.3499999999999999,2.716666666666667,0.003833333333333333,0.036753477344845964,0.00045180995066235343,0.3461666666666667,0.022766666666666668,2.78,4.76,7.08,10.7,1.4
2021-10-29 00:00:00+00:00,,11.667887309859154,8.404506964788732,5.7637323943661976,,0.5562676056338027,15.160915540069686,1.3333333333333333,2.7222222222222223,0.003944444444444444,0.047322258975699555,0.00045180995066235343,0.35905555555555557,0.023405555555555558,3.85,5.87,11.83,13.7,35.2
2021-10-30 00:00:00+00:00,,14.007622384615384,8.729230664335665,5.8828671328671325,,0.6001398601398602,15.1727696,1.3166666666666667,2.727777777777778,0.004055555555555555,0.05789104060655315,0.00045180995066235343,0.3719444444444444,0.024044444444444445,2.0,3.01,7.23,11.7,5.0
2021-10-31 00:00:00+00:00,,10.3843006993007,9.174475496503497,5.865104895104896,,0.521118881118881,15.204656434782608,1.3,2.7333333333333334,0.004166666666666667,0.06845982223740675,0.00045180995066235343,0.3848333333333333,0.024683333333333335,3.52,6.41,10.17,11.3,0.6
2021-11-01 00:00:00+00:00,,15.217430548611112,9.056319486111112,5.888263888888889,,0.4831944444444444,14.914973368055554,1.2833333333333332,2.738888888888889,0.004277777777777778,0.07902860386826034,0.00045180995066235343,0.3977222222222222,0.025322222222222225,3.08,4.06,13.46,10.8,0.0
2021-11-02 00:00:00+00:00,,13.71020979020979,8.59741255944056,5.888251748251748,,0.40454545454545454,14.241760591304349,1.2666666666666666,2.7444444444444445,0.004388888888888888,0.08959738549911393,0.00045180995066235343,0.4106111111111111,0.025961111111111115,2.63,3.4,2.73,6.6,1.4
2021-11-03 00:00:00+00:00,,14.911666659722224,8.532569454861111,5.598263888888889,,0.4436805555555556,13.401729869791666,1.25,2.75,0.0045,0.10016616712996754,0.00045180995066235343,0.4235,0.026600000000000002,2.36,4.64,13.89,4.6,0.0
2021-11-04 00:00:00+00:00,,10.720069458333334,8.134513916666668,5.464652777777777,,0.35194444444444445,13.0186084375,1.26,2.74,0.005,0.09410960818722532,0.00047440044819547106,0.4028,0.026470000000000004,1.26,2.3,10.93,5.2,0.0
2021-11-05 00:00:00+00:00,,12.984195818181819,8.70923067132867,5.540979020979021,,0.43608391608391606,12.550147217391304,1.27,2.73,0.0055,0.0880530492444831,0.0004969909457285888,0.3821,0.026340000000000002,1.71,2.97,14.32,3.9,0.0
2021-11-06 00:00:00+00:00,,13.477152770833333,9.232291680555555,5.588680555555555,,0.4665972222222222,12.25047357638889,1.28,2.72,0.006,0.08199649030174086,0.0005195814432617064,0.3614,0.026210000000000004,1.96,2.86,13.89,3.3,0.0
2021-11-07 00:00:00+00:00,,15.73402776388889,9.656250027777778,5.636388888888889,,0.5184722222222222,11.888915850694444,1.29,2.71,0.006500000000000001,0.07593993135899864,0.000542171940794824,0.3407,0.026080000000000002,2.44,3.99,13.86,6.5,0.0
2021-11-08 00:00:00+00:00,0.007025641025641026,19.295915492957747,10.183346134615384,5.6766901408450705,,0.6022535211267606,11.60165390569395,1.3,2.7,0.007,0.06988337241625642,0.0005647624383279417,0.32,0.025950000000000004,3.04,4.33,13.75,9.4,0.0
2021-11-09 00:00:00+00:00,0.007012345679012346,18.496597222222224,10.553125000000001,5.728055555555556,,0.6334722222222222,11.593134114583332,1.3714285714285714,2.7535714285714286,0.007035714285714286,0.0652522124188299,0.000548626368661429,0.325,0.02646071428571429,2.24,3.05,13.56,10.7,0.0
2021-11-10 00:00:00+00:00,0.0068125,21.772867132867134,11.195454545454545,5.69972027972028,,0.7555244755244755,11.9198376,1.4428571428571428,2.8071428571428574,0.007071428571428571,0.060621052421403386,0.0005324902989949164,0.33,0.026971428571428577,2.47,3.92,13.36,13.8,0.2
2021-11-11 00:00:00+00:00,0.006458333333333333,25.66839160839161,11.455734251748252,5.762727272727273,,0.8846153846153846,11.901687373913044,1.5142857142857142,2.8607142857142858,0.007107142857142857,0.05598989242397687,0.0005163542293284038,0.335,0.02748214285714286,2.01,4.2,11.11,11.5,0.0
2021-11-12 00:00:00+00:00,0.01359375,30.131197183098593,12.1380555625,5.839236111111111,,1.0247222222222223,12.181560104166667,1.5857142857142856,2.9142857142857146,0.007142857142857143,0.051358732426550355,0.0005002181596618912,0.34,0.027992857142857146,2.92,4.6,13.35,12.6,8.5
2021-11-13 00:00:00+00:00,0.0075625,21.740347222222223,12.337777777777779,5.807291666666667,,0.7145833333333333,11.928237274305555,1.657142857142857,2.967857142857143,0.007178571428571428,0.046727572429123836,0.0004840820899953786,0.34500000000000003,0.028503571428571434,3.23,5.55,11.62,6.2,0.1
2021-11-14 00:00:00+00:00,0.007010416666666667,21.571944451388887,10.893680555555555,5.906944444444445,,0.6991666666666667,11.190856875000001,1.7285714285714284,3.021428571428572,0.007214285714285714,0.042096412431697317,0.000467946020328866,0.35000000000000003,0.029014285714285718,2.58,4.2,9.6,2.3,0.1
2021-11-15 00:00:00+00:00,0.007177083333333334,21.58609929078014,11.012237762237762,6.011398601398601,,0.7762937062937063,10.632424469565217,1.7999999999999998,3.075,0.0072499999999999995,0.037465252434270804,0.0004518099506623534,0.355,0.029525000000000003,4.18,6.62,12.86,3.6,0.0
2021-11-16 00:00:00+00:00,0.006947916666666667,27.476527777777775,11.142847222222223,6.045972222222222,,0.9339583333333334,10.234547100694444,1.8714285714285714,3.128571428571429,0.007285714285714286,0.032834092436844285,0.00043567388099584076,0.36,0.03003571428571429,1.89,3.11,12.07,5.7,0.0
2021-11-17 00:00:00+00:00,0.006895833333333334,19.485625006944446,11.864305555555555,6.058958333333333,,0.6750694444444444,10.27842796875,1.9428571428571426,3.1821428571428574,0.007321428571428572,0.028202932439417773,0.00041953781132932815,0.365,0.030546428571428575,1.69,3.81,12.05,9.6,0.0
2021-11-18 00:00:00+00:00,0.007114583333333334,27.140985908450705,11.993309859154929,6.0292957746478875,,0.852887323943662,10.57174743902439,2.0142857142857142,3.2357142857142858,0.007357142857142857,0.023571772441991254,0.00040340174166281554,0.37,0.03105714285714286,2.64,4.98,10.07,12.5,0.9
2021-11-19 00:00:00+00:00,0.00709375,19.79601397902098,11.675314685314685,6.060979020979021,,0.6837762237762238,10.265238862608696,2.0857142857142854,3.2892857142857146,0.007392857142857143,0.01894061244456474,0.0003872656719963029,0.375,0.03156785714285715,4.51,5.73,12.55,4.1,0.0
2021-11-20 00:00:00+00:00,0.00671875,20.024685321678323,11.496503496503497,6.11965034965035,,0.7009090909090909,9.66520124,2.157142857142857,3.342857142857143,0.0074285714285714285,0.014309452447138223,0.0003711296023297903,0.38,0.032078571428571435,1.46,2.7,10.01,-0.1,0.0
2021-11-21 00:00:00+00:00,0.006854166666666667,26.188309859154927,11.587323943661973,6.1580985915492965,,0.9019718309859156,9.113698179442508,2.2285714285714286,3.396428571428572,0.007464285714285714,0.009678292449711703,0.0003549935326632777,0.385,0.032589285714285716,1.22,2.16,5.71,0.6,0.0
2021-11-22 00:00:00+00:00,0.00659375,26.04125874125874,12.009265734265735,6.163006993006992,,0.9113286713286712,9.067632499130436,2.3,3.45,0.0075,0.005047132452285187,0.0003388574629967651,0.39,0.033100000000000004,3.18,5.09,9.3,5.9,2.8
2021-11-23 00:00:00+00:00,0.006000000000000001,19.659583340277777,11.694375,6.161875,,0.7059027777777778,8.620147961805555,2.2607142857142857,3.460714285714286,0.007678571428571429,0.005102595446266343,0.0003307894281635088,0.3931071428571429,0.03343571428571429,3.99,5.04,12.32,0.3,0.0
2021-11-24 00:00:00+00:00,0.005833333333333334,19.150915492957747,11.707676056338029,6.208239436619719,,0.6845774647887324,8.020308015679444,2.221428571428571,3.4714285714285715,0.007857142857142858,0.005158058440247498,0.00032272139333025247,0.39621428571428574,0.03377142857142858,2.11,3.47,11.82,-0.2,0.0
2021-11-25 00:00:00+00:00,0.005989583333333334,16.849701507462687,11.74776119402985,6.247761194029851,,0.6080597014925373,7.634650738515901,2.182142857142857,3.482142857142857,0.008035714285714285,0.005213521434228654,0.00031465335849699617,0.3993214285714286,0.034107142857142864,1.99,2.73,11.04,4.5,0.0
2021-11-26 00:00:00+00:00,0.006124999999999999,16.25853148951049,11.821818181818182,6.235314685314685,,0.5932867132867133,7.713950770434782,2.142857142857143,3.492857142857143,0.008214285714285714,0.0052689844282098105,0.00030658532366373986,0.4024285714285714,0.03444285714285714,4.74,6.88,10.75,5.0,1.4
2021-11-27 00:00:00+00:00,0.005906250000000001,19.136041666666667,11.866805555555555,6.213680555555555,,0.6839583333333333,7.359741645833334,2.1035714285714286,3.5035714285714286,0.008392857142857143,0.005324447422190967,0.0002985172888304835,0.4055357142857143,0.03477857142857143,3.44,4.74,10.14,0.1,0.0
2021-11-28 00:00:00+00:00,0.005989583333333334,23.722112676056337,11.834295774647888,6.240915492957747,,0.8638732394366198,6.9791777177700345,2.064285714285714,3.5142857142857142,0.008571428571428572,0.005379910416172122,0.0002904492539972272,0.40864285714285714,0.035114285714285716,2.85,4.43,8.52,4.8,0.0
2021-11-29 00:00:00+00:00,0.005979166666666667,20.625845070422535,11.847183098591549,6.248521126760563,,0.732605633802817,6.665961172473867,2.025,3.525,0.00875,0.005435373410153278,0.0002823812191639709,0.41175,0.03545,3.75,5.03,11.6,2.0,0.0
2021-11-30 00:00:00+00:00,0.005937500000000001,18.677692307692308,11.937552447552447,6.264055944055944,,0.7152447552447553,6.377289984347827,1.9857142857142858,3.5357142857142856,0.008928571428571428,0.005490836404134434,0.0002743131843307146,0.41485714285714287,0.03578571428571429,2.08,4.01,11.21,3.4,0.0
2021-12-01 00:00:00+00:00,0.005989583333333334,19.07979021678322,12.007062937062937,6.280979020979021,,0.6934265734265734,6.252516942608696,1.9464285714285714,3.5464285714285713,0.009107142857142857,0.005546299398115589,0.00026624514949745827,0.41796428571428573,0.036121428571428575,2.21,4.74,4.69,5.0,0.2
2021-12-02 00:00:00+00:00,0.006364583333333333,16.402167825174825,12.078601398601398,6.292657342657343,,0.5897902097902098,6.337375026086956,1.907142857142857,3.557142857142857,0.009285714285714286,0.005601762392096745,0.00025817711466420197,0.4210714285714286,0.03645714285714286,2.79,4.42,10.19,9.7,0.0
2021-12-03 00:00:00+00:00,0.006083333333333333,9.95873240140845,11.919718309859155,6.21612676056338,,0.38577464788732396,7.02998493728223,1.8678571428571429,3.5678571428571426,0.009464285714285715,0.0056572253860779015,0.00025010907983094566,0.4241785714285714,0.03679285714285714,2.78,4.04,10.66,11.3,0.0
2021-12-04 00:00:00+00:00,0.006062499999999999,15.391805555555557,11.96513888888889,6.145416666666667,,0.5659027777777778,7.42354104861111,1.8285714285714285,3.5785714285714283,0.009642857142857144,0.005712688380059058,0.00024204104499768935,0.42728571428571427,0.03712857142857143,2.29,3.82,10.12,9.9,0.0
2021-12-05 00:00:00+00:00,0.006062499999999999,19.07538460839161,11.980139860139861,6.231888111888112,,0.6627972027972028,7.245211132173914,1.7892857142857141,3.589285714285714,0.009821428571428571,0.005768151374040213,0.00023397301016443302,0.43039285714285713,0.037464285714285714,2.36,3.47,7.53,6.9,0.0
2021-12-06 00:00:00+00:00,0.0067083333333333335,38.870279720279726,12.142417302798982,6.2896503496503495,,0.7330769230769231,7.3613228738898755,1.75,3.5999999999999996,0.01,0.005823614368021369,0.00022590497533117671,0.4335,0.0378,2.75,5.99,5.43,9.9,0.9
2021-12-07 00:00:00+00:00,0.006471698113207548,13.541549267605635,11.84661971830986,6.285985915492958,,0.4670422535211267,7.152371803135888,1.75625,3.603571428571428,0.009910714285714287,0.005879077362002525,0.00023800702758106117,0.430625,0.03741607142857143,3.24,6.24,10.96,2.2,0.0
2021-12-08 00:00:00+00:00,,14.056690154929576,11.67345070422535,6.3114788732394365,,0.4875352112676057,6.904998970383275,1.7625,3.6071428571428568,0.009821428571428571,0.005934540355983681,0.00025010907983094566,0.42775,0.03703214285714286,1.37,3.3,6.56,2.2,0.0
2021-12-09 00:00:00+00:00,,11.742253521126761,11.490422535211268,6.344084507042254,,0.4334507042253521,6.507148027874565,1.76875,3.6107142857142853,0.009732142857142858,0.0059900033499648364,0.0002622111320808301,0.424875,0.036648214285714284,2.31,3.62,6.66,0.5,0.0
2021-12-10 00:00:00+00:00,,16.779166673611112,11.43763888888889,6.364722222222222,,0.5979861111111111,6.327103894097222,1.775,3.614285714285714,0.009642857142857142,0.0060454663439459926,0.0002743131843307146,0.422,0.036264285714285714,1.43,3.4,5.27,2.8,0.5
2021-12-11 00:00:00+00:00,,17.41715277777778,11.381319444444445,6.380277777777778,,0.5991666666666666,6.404245892361111,1.78125,3.6178571428571424,0.009553571428571429,0.006100929337927149,0.00028641523658059907,0.419125,0.035880357142857144,2.93,5.39,2.98,10.0,5.1
2021-12-12 00:00:00+00:00,,13.79486111111111,11.620833333333334,6.3566666666666665,,0.48562500000000003,6.655224923611112,1.7875,3.621428571428571,0.009464285714285715,0.006156392331908305,0.0002985172888304835,0.41625,0.035496428571428575,3.8,6.2,10.98,4.2,3.0
2021-12-13 00:00:00+00:00,,12.750327836065573,11.562786885245902,6.39016393442623,,0.5147540983606557,6.354036112266112,1.79375,3.6249999999999996,0.009375,0.00621185532588946,0.000310619341080368,0.413375,0.0351125,1.93,2.66,10.72,2.2,0.0
2021-12-14 00:00:00+00:00,0.006083333333333333,18.942985074626865,10.98852056451613,6.639701492537314,1493.0083333333332,0.5483582089552239,6.158374826704545,1.8,3.628571428571428,0.009285714285714286,0.006267318319870616,0.00032272139333025247,0.4105,0.03472857142857143,2.22,3.07,10.66,3.3,0.0
2021-12-15 00:00:00+00:00,0.006020833333333333,18.968041944055944,11.694055944055943,6.672937062937063,,0.5612587412587413,5.946902368695652,1.80625,3.6321428571428567,0.009196428571428572,0.006322781313851772,0.0003348234455801369,0.407625,0.03434464285714286,1.41,2.79,10.25,4.1,0.0
2021-12-16 00:00:00+00:00,0.006333333333333333,13.055555569444444,11.826666666666666,6.679791666666667,,0.40513888888888894,5.990993479166667,1.8125,3.6357142857142852,0.009107142857142857,0.006378244307832928,0.0003469254978300214,0.40475,0.03396071428571429,1.67,4.11,10.09,5.5,0.0
2021-12-17 00:00:00+00:00,0.006322916666666667,18.802777777777777,11.85576388888889,6.600902777777778,,0.6167361111111112,6.7093235729166665,1.81875,3.639285714285714,0.009017857142857143,0.0064337073018140845,0.0003590275500799058,0.401875,0.03357678571428571,1.89,3.2,5.59,11.9,4.4
2021-12-18 00:00:00+00:00,0.006520833333333333,17.96611111111111,11.816319444444444,6.665694444444444,,0.6126388888888888,6.953734380208334,1.825,3.6428571428571423,0.008928571428571428,0.00648917029579524,0.0003711296023297903,0.399,0.03319285714285714,1.44,3.32,2.74,9.9,4.5
2021-12-19 00:00:00+00:00,0.00671875,9.054791715277778,11.827916666666667,6.6369444444444445,,0.28784722222222225,7.256495782986111,1.83125,3.646428571428571,0.008839285714285714,0.006544633289776396,0.0003832316545796748,0.396125,0.03280892857142857,3.76,5.53,3.47,7.4,1.4
2021-12-20 00:00:00+00:00,0.006052083333333333,11.536527784722223,11.493125,6.712361111111111,,0.3804166666666667,6.439669135416667,1.8375,3.6499999999999995,0.00875,0.006600096283757552,0.0003953337068295593,0.39325,0.032425,2.03,3.76,10.79,-0.8,0.0
2021-12-21 00:00:00+00:00,0.006031249999999999,14.051678314685315,11.428111888111887,6.749090909090909,,0.44594405594405595,5.966443803478261,1.84375,3.6535714285714285,0.008660714285714285,0.006655559277738708,0.0004074357590794437,0.390375,0.03204107142857143,1.47,2.56,6.03,-0.4,0.0
2021-12-22 00:00:00+00:00,0.006510416666666667,10.27833332638889,11.49861111111111,6.722916666666666,,0.34,5.842110138888889,1.85,3.657142857142857,0.008571428571428572,0.006711022271719863,0.00041953781132932815,0.3875,0.031657142857142856,4.21,7.44,10.46,1.5,0.0
2021-12-23 00:00:00+00:00,0.006322916666666667,9.889580412587412,11.546433566433565,6.721188811188811,,0.34545454545454546,5.462285036521739,1.85625,3.6607142857142856,0.008482142857142858,0.006766485265701019,0.00043163986357921263,0.384625,0.031273214285714286,3.34,4.75,10.44,0.5,0.0
2021-12-24 00:00:00+00:00,0.006135416666666667,10.744305527777778,11.544583333333334,6.745763888888889,,0.3809027777777778,5.3174211684027775,1.8625,3.664285714285714,0.008392857142857143,0.0068219482596821755,0.0004437419158290971,0.38175000000000003,0.030889285714285716,2.01,3.81,9.98,5.3,0.0
2021-12-25 00:00:00+00:00,0.006520833333333333,8.564545433566433,11.546083916083916,6.725104895104895,,0.2965034965034965,5.566776495652174,1.8687500000000001,3.6678571428571427,0.00830357142857143,0.006877411253663332,0.0004558439680789816,0.378875,0.030505357142857143,2.84,6.32,5.64,10.2,0.0
2021-12-26 00:00:00+00:00,0.006114583333333333,6.6004195874125875,11.517062937062937,6.60034965034965,,0.23188811188811193,6.791332815652174,1.875,3.6714285714285713,0.008214285714285714,0.006932874247644487,0.0004679460203288661,0.376,0.030121428571428573,2.99,4.41,10.14,13.4,0.0
2021-12-27 00:00:00+00:00,0.005875000000000001,7.04625,11.387986111111111,6.6530555555555555,,0.26027777777777783,6.6768456875,1.88125,3.675,0.008125,0.006988337241625643,0.0004800480725787505,0.37312500000000004,0.0297375,2.18,3.05,7.55,8.2,0.0
2021-12-28 00:00:00+00:00,0.006187499999999999,6.4804166875,11.447222222222223,6.608819444444444,,0.22847222222222222,7.088593960069444,,,,,,,,2.35,4.24,6.75,12.7,0.1
2021-12-29 00:00:00+00:00,0.007020833333333334,8.162986090277776,11.374097222222222,6.600972222222222,,0.2997222222222222,7.644177192708333,,,,,,,,1.97,2.98,3.84,13.4,1.2
2021-12-30 00:00:00+00:00,0.007447916666666666,8.082867146853147,11.183286713286714,6.667272727272727,,0.3118181818181818,7.558311071304347,,,,,,,,1.32,2.77,6.06,11.9,4.2
2021-12-31 00:00:00+00:00,0.00659375,8.32702125531915,11.208014184397163,6.684468085106383,,0.33411347517730494,7.917946787085515,,,,,,,,1.97,3.55,6.48,10.3,0.3
2022-01-01 00:00:00+00:00,0.007229166666666668,9.629020951048952,11.108321678321678,6.706573426573426,,0.3534265734265734,8.006508799999999,,,,,,,,1.95,5.17,4.99,13.0,3.5
2022-01-02 00:00:00+00:00,0.014958333333333332,11.118680548611112,11.248958333333333,6.6283216783216785,,0.35694444444444445,9.107957538194444,,,,,,,,2.46,5.09,3.54,14.7,21.8
2022-01-03 00:00:00+00:00,0.016270833333333335,10.744545447552447,11.148531468531468,6.77951048951049,,0.32405594405594407,8.512291751304348,,,,,,,,4.32,5.62,6.82,3.8,21.4
2022-01-04 00:00:00+00:00,0.00990625,9.777986083333333,10.65763888888889,6.865694444444444,,0.3379861111111111,6.908992965277778,,,,,,,,2.65,5.22,11.4,-5.7,0.0
2022-01-05 00:00:00+00:00,0.008385416666666666,10.487272713286714,10.703846153846154,6.876223776223776,,0.3853846153846154,6.302753852173914,,,,,,,,1.72,2.78,6.44,-0.8,0.0
2022-01-06 00:00:00+00:00,0.008375,10.451250013888888,10.801388888888889,6.863958333333333,,0.3697916666666667,6.203598810763889,,,,,,,,3.15,4.84,8.1,4.2,0.0
2022-01-07 00:00:00+00:00,0.008875,11.149583333333332,10.857083333333334,6.882916666666667,,0.3786111111111111,5.818343637152777,,,,,,,,4.38,6.51,11.22,-4.0,3.5
2022-01-08 00:00:00+00:00,0.007177083333333334,11.561597243055555,10.976805555555556,6.896805555555556,,0.40145833333333336,5.074950123263889,,,,,,,,2.46,4.39,11.17,-6.7,0.0
2022-01-09 00:00:00+00:00,0.008458333333333333,12.407013881944444,11.13888888888889,6.877083333333333,,0.44402777777777774,4.782963713541666,,,,,,,,2.12,3.76,4.26,0.5,5.0
2022-01-10 00:00:00+00:00,0.0095625,12.717013881944444,11.259444444444444,6.856388888888889,,0.44534722222222217,4.616650949652778,,,,,,,,4.83,7.28,11.53,0.3,1.1
2022-01-11 00:00:00+00:00,0.00778125,12.236111125,11.59361111111111,6.818819444444444,,0.45763888888888893,3.991319991319444,,,,,,,,2.81,4.62,11.74,-3.6,0.0
2022-01-12 00:00:00+00:00,0.006854166666666667,13.365248234042554,11.883829787234042,6.828652482269503,,0.5079432624113476,3.194347802792321,,,,,,,,1.89,3.2,11.42,-0.5,0.0
2022-01-13 00:00:00+00:00,0.006354166666666667,14.40513888888889,11.994791666666666,6.794097222222223,,0.49875,3.404193385416667,,,,,,,,1.96,3.44,5.55,1.4,0.2
2022-01-14 00:00:00+00:00,0.00646875,14.66986013986014,12.051398601398601,6.765664335664336,,0.5075524475524475,3.481588191304348,,,,,,,,3.34,5.25,10.36,2.2,0.0
2022-01-15 00:00:00+00:00,0.005958333333333334,13.871666666666666,12.109791666666666,6.733402777777778,,0.5002083333333334,3.5087403993055557,,,,,,,,2.5,4.53,5.01,-1.5,0.0
2022-01-16 00:00:00+00:00,0.008916666666666666,14.865563380281689,12.222183098591549,6.734113475177305,,0.5540845070422535,2.9309915540069684,,,,,,,,2.62,4.24,1.21,-6.2,20.8
2022-01-17 00:00:00+00:00,0.00815625,16.365625,12.094791666666667,6.753055555555555,,0.6104861111111111,2.9769566822916667,,,,,,,,4.78,6.93,6.99,-2.3,7.1
2022-01-18 00:00:00+00:00,0.006062499999999999,15.442657342657345,12.234755244755243,6.7615384615384615,,0.6234965034965034,3.2030695026086957,,,,,,,,3.72,6.2,12.01,-3.3,0.0
2022-01-19 00:00:00+00:00,0.0063437499999999996,11.50370627972028,12.517272727272728,6.75979020979021,,0.47461538461538466,3.3156696069565217,,,,,,,,1.16,2.45,4.84,-5.2,0.0
2022-01-20 00:00:00+00:00,0.011500000000000002,12.096805555555555,12.584097222222221,6.740347222222223,,0.4640277777777777,3.3878581614583334,,,,,,,,2.74,4.2,2.55,1.1,2.5
2022-01-21 00:00:00+00:00,0.00784375,11.829305576388888,12.547777777777778,6.75986111111111,,0.4593055555555556,3.502769921875,,,,,,,,2.76,4.0,7.11,-5.3,0.1
2022-01-22 00:00:00+00:00,0.009333333333333334,10.47321679020979,12.51867132867133,6.747692307692307,,0.42034965034965033,3.7037178121739127,,,,,,,,2.0,2.72,13.3,-6.1,0.0
2022-01-23 00:00:00+00:00,0.006322916666666667,10.806408443661972,12.397676056338028,6.740915492957747,,0.43126760563380284,3.891482954703833,,,,,,,,2.14,2.83,11.41,-1.9,0.0
2022-01-24 00:00:00+00:00,0.005718750000000001,11.11408447887324,12.485774647887323,6.742394366197183,,0.4611267605633803,4.038876303135888,,,,,,,,2.28,3.52,11.61,0.3,0.0
2022-01-25 00:00:00+00:00,0.007229166666666666,11.751328692307691,12.22020979020979,6.763006993006993,,0.45937062937062934,4.134621026086957,,,,,,,,2.52,4.1,10.31,2.6,0.0
2022-01-26 00:00:00+00:00,0.0064375,12.448309845070423,12.412253521126761,6.79,,0.512112676056338,4.223919398954704,,,,,,,,3.31,4.97,13.5,-2.8,0.0
2022-01-27 00:00:00+00:00,0.00796875,12.682797195804195,12.901468531468533,6.787762237762237,,0.5183216783216783,4.295704024347826,,,,,,,,1.87,3.09,12.78,-4.5,0.0
2022-01-28 00:00:00+00:00,0.005968750000000001,14.242937076923077,13.143496503496504,6.758671328671329,,0.6372027972027973,4.244850996521739,,,,,,,,1.38,2.33,5.07,-1.0,2.0
2022-01-29 00:00:00+00:00,0.00734375,15.207777777777778,13.096388888888889,6.669791666666667,,0.6081944444444445,4.225922197916667,,,,,,,,5.25,6.94,14.22,-4.7,2.6
2022-01-30 00:00:00+00:00,0.010645833333333334,13.969090916083916,13.131888111888111,6.597132867132867,,0.6188111888111888,4.25385080173913,,,,,,,,2.92,4.8,8.34,-5.5,0.0
2022-01-31 00:00:00+00:00,0.006083333333333333,11.361468538461539,12.852074592074592,6.562517482517482,220.2,0.48538461538461536,4.145729342028986,2.1,3.8,0.005,0.0089295420309661,0.0009036199013247069,0.2725,0.016300000000000002,1.75,2.73,12.19,-2.7,0.0
2022-02-01 00:00:00+00:00,0.00521875,11.300140866197182,12.98161971830986,6.549507042253521,,0.4709859154929577,4.239247245644599,2.075,3.783333333333333,0.005,0.00904277897701096,0.0009036199013247069,0.27370833333333333,0.0166625,1.48,2.75,13.32,-1.3,0.0
2022-02-02 00:00:00+00:00,0.005322916666666667,10.297394408450705,12.968802816901407,6.54218309859155,,0.40774647887323945,4.251334815331011,2.0500000000000003,3.7666666666666666,0.005,0.00915601592305582,0.0009036199013247069,0.2749166666666667,0.017025000000000002,1.56,2.75,12.25,0.4,0.0
2022-02-03 00:00:00+00:00,0.02940625,11.141478845070422,13.027323943661973,6.527112676056338,,0.47929577464788736,4.1897311846689895,2.025,3.75,0.005,0.009269252869100679,0.0009036199013247069,0.276125,0.0173875,1.15,2.14,1.99,3.6,18.9
2022-02-04 00:00:00+00:00,0.049916666666666665,14.37485916197183,12.585281690140844,6.569577464788733,,0.6235211267605634,4.185293951219513,2.0,3.7333333333333334,0.005,0.00938248981514554,0.0009036199013247069,0.2773333333333333,0.017750000000000002,3.61,5.8,3.08,8.7,15.5
2022-02-05 00:00:00+00:00,0.023874999999999997,14.441549295774646,12.938661971830985,6.566478873239436,,0.6167605633802816,4.352624526132404,1.975,3.7166666666666663,0.005,0.0094957267611904,0.0009036199013247069,0.2785416666666667,0.0181125,4.23,6.12,14.5,-2.1,0.0
2022-02-06 00:00:00+00:00,0.012979166666666667,10.403472229166667,13.4875,6.568671328671329,,0.4627083333333333,4.489346282986111,1.9500000000000002,3.6999999999999997,0.005,0.00960896370723526,0.0009036199013247069,0.27975,0.018475000000000002,1.88,2.55,14.78,-3.7,0.0
2022-02-07 00:00:00+00:00,0.010447916666666666,9.215555583333334,13.159722222222221,6.512708333333333,,0.39958333333333335,4.307188376736111,1.925,3.683333333333333,0.005,0.00972220065328012,0.0009036199013247069,0.28095833333333337,0.0188375,1.5,2.56,2.53,-3.2,2.5
2022-02-08 00:00:00+00:00,0.008927083333333334,10.209166673611112,12.893333333333334,6.582916666666666,,0.44722222222222224,4.379863164930556,1.9000000000000001,3.6666666666666665,0.005,0.00983543759932498,0.0009036199013247069,0.2821666666666667,0.019200000000000002,3.06,4.61,14.86,0.2,0.0
2022-02-09 00:00:00+00:00,0.007770833333333334,8.049374979166666,12.64875,6.491527777777778,,0.33548611111111115,4.374627315972223,1.875,3.65,0.005,0.009948674545369839,0.0009036199013247069,0.283375,0.0195625,2.51,4.18,15.05,2.4,0.0
2022-02-10 00:00:00+00:00,0.007239583333333334,7.376111111111111,12.040138888888889,6.376805555555555,,0.3136111111111111,4.414866315972223,1.85,3.6333333333333333,0.005,0.010061911491414699,0.0009036199013247069,0.28458333333333335,0.019925000000000002,3.15,5.61,14.16,5.4,0.0
2022-02-11 00:00:00+00:00,0.006552083333333333,8.568263909722223,11.515,6.362916666666667,,0.3525694444444445,4.467019831597223,1.8250000000000002,3.6166666666666667,0.005,0.010175148437459558,0.0009036199013247069,0.28579166666666667,0.0202875,3.05,5.86,14.13,6.2,0.0
2022-02-12 00:00:00+00:00,0.006229166666666667,8.295352105633802,11.848309859154929,6.288661971830986,,0.31683098591549297,4.9169003850174215,1.8,3.5999999999999996,0.005,0.01028838538350442,0.0009036199013247069,0.28700000000000003,0.02065,3.1,5.17,10.89,9.0,0.0
2022-02-13 00:00:00+00:00,0.006604166666666667,8.815763868055555,11.834375000000001,6.249375,,0.3205555555555556,5.074745500000001,1.775,3.583333333333333,0.005,0.01040162232954928,0.0009036199013247069,0.28820833333333334,0.021012500000000003,3.43,4.39,5.81,2.4,3.0
2022-02-14 00:00:00+00:00,0.005947916666666667,9.033286741258742,11.838881118881119,6.251468531468531,,0.3372727272727272,4.785190050434783,1.75,3.5666666666666664,0.005,0.01051485927559414,0.0009036199013247069,0.28941666666666666,0.021375,3.15,4.4,13.2,-2.9,0.0
2022-02-15 00:00:00+00:00,0.006635416666666667,8.857832132867133,11.847342657342658,6.264755244755245,,0.3408391608391608,4.437484713043479,1.725,3.55,0.005,0.010628096221638999,0.0009036199013247069,0.290625,0.0217375,2.08,3.55,16.32,-2.2,0.0
2022-02-16 00:00:00+00:00,0.005781250000000001,9.465531858156028,11.959219858156029,6.248014184397164,,0.34815602836879433,4.387478373472949,1.7,3.533333333333333,0.005,0.010741333167683859,0.0009036199013247069,0.29183333333333333,0.0221,2.49,3.91,14.76,1.9,0.0
2022-02-17 00:00:00+00:00,0.005864583333333334,11.19650351048951,12.002587412587411,6.228881118881119,,0.40104895104895105,4.677040406956522,1.675,3.5166666666666666,0.005,0.010854570113728718,0.0009036199013247069,0.29304166666666664,0.0224625,3.91,6.28,5.11,9.8,0.3
2022-02-18 00:00:00+00:00,0.009885416666666666,11.345804202797202,12.112867132867134,6.1753846153846155,,0.3798601398601399,5.467556954782609,1.65,3.5,0.005,0.010967807059773578,0.0009036199013247069,0.29425,0.022825,5.7,7.22,15.12,8.5,8.4
2022-02-19 00:00:00+00:00,0.007125,12.151818181818182,12.225034965034965,6.175664335664336,,0.39384615384615385,5.36024363826087,1.625,3.4833333333333334,0.005,0.011081044005818438,0.0009036199013247069,0.2954583333333333,0.0231875,4.47,7.34,16.56,-0.5,0.0
2022-02-20 00:00:00+00:00,0.006572916666666667,12.084436633802817,12.274929577464789,6.183169014084507,,0.3997183098591549,5.067498881533101,1.6,3.466666666666667,0.005,0.011194280951863297,0.0009036199013247069,0.29666666666666663,0.02355,2.68,4.6,17.43,-0.7,0.0
2022-02-21 00:00:00+00:00,0.006395833333333333,12.607972034965034,12.41916083916084,6.171398601398601,,0.4246153846153846,5.105027911304347,1.5750000000000002,3.4499999999999997,0.005,0.011307517897908159,0.0009036199013247069,0.297875,0.0239125,1.93,4.52,17.12,3.7,0.0
2022-02-22 00:00:00+00:00,0.007260416666666668,13.052517468531468,12.481468531468531,6.152237762237762,,0.43293706293706297,5.539803005217391,,,,,,,,3.49,5.01,4.63,10.1,2.5
2022-02-23 00:00:00+00:00,0.008114583333333333,14.855972222222224,12.550763888888888,6.073819444444444,,0.4313194444444444,6.934002460069444,,,,,,,,2.7,3.85,11.91,13.8,8.6
2022-02-24 00:00:00+00:00,0.01746875,17.142097902097902,11.832145919881306,6.103986013986014,62.118500000000004,0.5344055944055944,6.5687526582795694,1.5,3.4,0.005,0.011647228736042738,0.0009036199013247069,0.3015,0.025,2.81,4.38,3.46,5.6,17.5
2022-02-25 00:00:00+00:00,0.017979166666666668,18.13972027972028,12.45972027972028,6.128601398601399,,0.5667832167832167,6.747201052173913,1.5142857142857142,3.395238095238095,0.004904761904761905,0.011332938436816188,0.0008713477619916816,0.2995238095238095,0.02486666666666667,3.42,6.91,14.89,3.7,1.0
2022-02-26 00:00:00+00:00,0.0129375,16.025244755244756,12.617762237762237,6.101818181818182,,0.4162937062937063,7.115844151304348,1.5285714285714285,3.3904761904761904,0.0048095238095238095,0.011018648137589638,0.0008390756226586564,0.29754761904761906,0.024733333333333336,2.71,4.8,12.48,2.7,0.0
2022-02-27 00:00:00+00:00,0.010375,16.878541666666667,12.743888888888888,6.118611111111111,,0.4365277777777778,6.976178586805556,1.542857142857143,3.3857142857142857,0.004714285714285714,0.010704357838363088,0.0008068034833256311,0.29557142857142854,0.0246,2.99,4.1,11.39,4.1,0.0
2022-02-28 00:00:00+00:00,0.008864583333333334,18.214676258992807,12.740287769784173,6.134892086330935,,0.4857553956834532,6.695580980735551,1.5571428571428572,3.380952380952381,0.004619047619047619,0.010390067539136537,0.0007745313439926058,0.2935952380952381,0.024466666666666668,2.62,3.97,18.33,4.3,0.0
2022-03-01 00:00:00+00:00,0.008010416666666667,17.194335664335664,12.86965034965035,6.113776223776224,,0.43895104895104897,6.758570443478261,1.5714285714285714,3.376190476190476,0.004523809523809524,0.010075777239909987,0.0007422592046595806,0.2916190476190476,0.024333333333333335,1.99,3.04,16.92,5.9,0.0
2022-03-02 00:00:00+00:00,0.007364583333333333,17.32340277777778,13.04,6.0311111111111115,,0.42,7.513555194444444,1.5857142857142856,3.3714285714285714,0.004428571428571428,0.009761486940683437,0.0007099870653265554,0.28964285714285715,0.024200000000000003,3.23,4.74,17.95,9.5,0.0
2022-03-03 00:00:00+00:00,0.0070625,17.65062937062937,12.978251748251749,5.908321678321678,,0.4204895104895105,8.72578699826087,1.6,3.3666666666666667,0.004333333333333333,0.009447196641456887,0.0006777149259935302,0.2876666666666667,0.02406666666666667,3.37,5.16,17.78,11.8,0.0
2022-03-04 00:00:00+00:00,0.006156249999999999,18.078194444444446,13.160277777777777,6.02548611111111,,0.4261111111111111,8.517646390625,1.6142857142857143,3.361904761904762,0.004238095238095239,0.009132906342230337,0.0006454427866605049,0.28569047619047616,0.023933333333333334,2.76,4.56,18.6,5.2,0.0
2022-03-05 00:00:00+00:00,0.006031249999999999,17.069787234042554,13.071276595744681,5.930921985815603,,0.3824113475177305,8.641600584642234,1.6285714285714286,3.357142857142857,0.004142857142857143,0.008818616043003788,0.0006131706473274797,0.2837142857142857,0.0238,2.09,4.96,18.22,7.9,0.0
2022-03-06 00:00:00+00:00,0.006291666666666667,17.87576388888889,12.992986111111112,5.870208333333334,,0.38055555555555554,9.33273056423611,1.6428571428571428,3.3523809523809525,0.004047619047619048,0.008504325743777238,0.0005808985079944544,0.28173809523809523,0.02366666666666667,3.86,5.34,13.28,15.1,1.5
2022-03-07 00:00:00+00:00,0.006822916666666667,19.786388888888887,12.863402777777777,5.874722222222222,,0.40604166666666663,9.866237163194445,1.6571428571428573,3.3476190476190473,0.003952380952380952,0.008190035444550688,0.0005486263686614292,0.27976190476190477,0.023533333333333337,4.25,8.42,12.07,16.5,5.4
2022-03-08 00:00:00+00:00,0.006427083333333333,18.83736111111111,12.257013888888888,5.747152777777778,,0.37104166666666666,10.509259324652778,1.6714285714285715,3.3428571428571425,0.0038571428571428576,0.007875745145324138,0.0005163542293284039,0.2777857142857143,0.023400000000000004,3.81,7.38,19.44,8.2,2.6
2022-03-09 00:00:00+00:00,0.014395833333333332,19.46709219858156,12.128671328671329,5.70048951048951,,0.3912676056338028,10.41017784,1.6857142857142857,3.338095238095238,0.0037619047619047623,0.007561454846097587,0.00048408208999537865,0.27580952380952384,0.02326666666666667,2.92,5.59,7.8,6.7,15.1
2022-03-10 00:00:00+00:00,0.009291666666666667,21.422222222222224,12.070347222222223,5.840486111111111,,0.42993055555555554,9.997608784722223,1.7,3.333333333333333,0.003666666666666667,0.0072471645468710376,0.00045180995066235343,0.2738333333333333,0.023133333333333336,2.34,5.32,10.27,4.1,0.0
2022-03-11 00:00:00+00:00,0.008322916666666668,18.61236111111111,12.162291666666667,5.791666666666667,,0.3692361111111111,10.005276578124999,1.7142857142857144,3.3285714285714283,0.0035714285714285718,0.006932874247644488,0.00041953781132932815,0.27185714285714285,0.023000000000000003,1.91,4.1,19.81,5.7,0.0
2022-03-12 00:00:00+00:00,0.054430107526881724,20.89611111111111,11.773263888888888,5.750625,,0.41027777777777774,9.649626404513889,1.7285714285714286,3.3238095238095235,0.0034761904761904765,0.006618583948417937,0.0003872656719963029,0.2698809523809524,0.02286666666666667,5.6,8.99,8.98,1.3,13.5
2022-03-13 00:00:00+00:00,0.02892682926829268,24.382569444444446,11.496111111111112,5.909166666666667,,0.5175694444444444,8.165172524305556,1.7428571428571429,3.319047619047619,0.003380952380952381,0.006304293649191387,0.0003549935326632777,0.2679047619047619,0.022733333333333338,3.78,5.88,21.14,-3.3,0.0
2022-03-14 00:00:00+00:00,0.008447916666666666,20.443380281690143,11.768239436619718,5.841267605633803,,0.4350704225352113,8.165498280487805,1.7571428571428571,3.314285714285714,0.003285714285714286,0.005990003349964837,0.00032272139333025247,0.26592857142857146,0.022600000000000002,2.14,3.45,20.39,5.2,0.0
2022-03-15 00:00:00+00:00,0.008166666666666668,19.111458333333335,11.933472222222223,5.74423611111111,,0.395,8.705782875,1.7714285714285714,3.3095238095238093,0.0031904761904761906,0.0056757130507382875,0.00029044925399722725,0.26395238095238094,0.02246666666666667,1.53,2.42,20.06,8.3,0.0
2022-03-16 00:00:00+00:00,0.008302083333333333,20.79590277777778,12.035833333333334,5.695138888888889,,0.4126388888888889,9.366530628472223,1.7857142857142858,3.3047619047619046,0.0030952380952380953,0.005361422751511737,0.0002581771146642019,0.2619761904761905,0.022333333333333337,2.16,3.8,15.06,9.2,1.5
2022-03-17 00:00:00+00:00,0.008916666666666666,11.95684566929134,10.876154222434671,5.580944881889764,192.29090909090908,0.33228346456692914,10.376249656673805,1.8,3.3,0.003,0.005047132452285187,0.00022590497533117671,0.26,0.022200000000000004,2.29,3.54,15.35,12.1,8.3
2022-03-18 00:00:00+00:00,0.00790625,21.743636363636366,12.092307692307692,5.687482517482517,,0.3767832167832168,10.408732789565217,1.7750000000000001,3.370833333333333,0.0032916666666666667,0.005500080236464627,0.00032003204838583363,0.26233333333333336,0.022333333333333337,2.96,5.56,13.92,12.4,0.1
2022-03-19 00:00:00+00:00,0.007416666666666666,23.79492957746479,12.06225352112676,5.699647887323944,,0.40218309859154927,10.80187806271777,1.75,3.4416666666666664,0.0035833333333333333,0.005953028020644067,0.0004141591214404906,0.26466666666666666,0.02246666666666667,3.61,5.98,13.5,14.5,0.4
2022-03-20 00:00:00+00:00,0.007010416666666667,20.446458333333332,11.775555555555556,5.534722222222222,,0.3222916666666667,11.328318940972222,1.725,3.5125,0.003875,0.006405975804823507,0.0005082861944951475,0.267,0.022600000000000002,6.22,7.8,14.26,9.3,0.0
2022-03-21 00:00:00+00:00,0.006885416666666667,21.275314685314683,11.721538461538461,5.583239436619719,,0.3404195804195804,11.023099930434784,1.7,3.5833333333333335,0.004166666666666667,0.0068589235890029465,0.0006024132675498045,0.2693333333333333,0.022733333333333335,2.88,4.55,21.11,9.7,0.0
2022-03-22 00:00:00+00:00,0.006916666666666667,23.650972222222222,10.049273780487804,5.618611111111111,479.66333333333336,0.37520833333333337,11.263193937823834,1.675,3.654166666666667,0.004458333333333333,0.007311871373182387,0.0006965403406044614,0.27166666666666667,0.022866666666666667,1.9,3.61,17.13,11.2,0.0
2022-03-23 00:00:00+00:00,0.012020833333333333,27.90895104895105,11.943146853146853,5.700422535211268,,0.46258741258741265,11.262929739130435,1.65,3.725,0.00475,0.007764819157361826,0.0007906674136591182,0.274,0.023,3.38,6.21,3.19,11.3,19.0
2022-03-24 00:00:00+00:00,0.017416666666666667,27.995845070422533,11.687042253521126,5.6427464788732395,,0.4590140845070423,11.662340470383276,1.625,3.7958333333333334,0.0050416666666666665,0.008217766941541266,0.0008847944867137752,0.2763333333333333,0.023133333333333336,2.77,4.6,14.16,15.0,0.7
2022-03-25 00:00:00+00:00,0.014958333333333332,29.515944055944054,11.666503496503497,5.744965034965035,,0.4560139860139861,11.476374,1.6,3.8666666666666667,0.005333333333333333,0.008670714725720705,0.0009789215597684321,0.2786666666666667,0.023266666666666668,3.69,5.73,14.9,9.8,0.0
2022-03-26 00:00:00+00:00,0.01246875,28.26125,11.528819444444444,5.790694444444444,,0.4666666666666667,10.579581553819445,1.575,3.9375,0.005625,0.009123662509900146,0.0010730486328230891,0.28099999999999997,0.0234,5.2,7.67,19.13,5.6,0.8
2022-03-27 00:00:00+00:00,0.010291666666666666,25.054965034965036,11.448461538461538,5.6618881118881115,,0.4244055944055944,10.125917135652175,1.55,4.008333333333334,0.005916666666666666,0.009576610294079586,0.0011671757058777461,0.2833333333333333,0.023533333333333333,5.12,6.13,23.51,1.1,0.0
2022-03-28 00:00:00+00:00,0.008687499999999999,24.64604166666667,11.31625,5.655,,0.42333333333333334,9.640739916666668,1.525,4.079166666666667,0.006208333333333333,0.010029558078259025,0.0012613027789324031,0.2856666666666666,0.023666666666666666,4.67,6.7,24.25,0.6,0.0
2022-03-29 00:00:00+00:00,0.00753125,25.77659574468085,10.133312890295358,5.705815602836879,499.7763636363636,0.4594326241134752,8.948185214628298,1.5,4.15,0.0065,0.010482505862438466,0.00135542985198706,0.288,0.023799999999999998,1.95,3.96,18.71,1.0,0.0
2022-03-30 00:00:00+00:00,0.007125,25.369791666666668,11.35388888888889,5.71125,,0.4509722222222222,9.148488168402778,1.5,4.085714285714286,0.006571428571428571,0.010482505862438466,0.0013957700261533414,0.2972142857142857,0.024028571428571427,2.89,5.12,15.0,7.0,0.3
2022-03-31 00:00:00+00:00,0.008135416666666668,24.921971830985918,11.336408450704225,5.627676056338028,,0.4333098591549296,10.100189787456445,1.5,4.021428571428571,0.006642857142857142,0.010482505862438466,0.001436110200319623,0.3064285714285714,0.024257142857142856,5.41,9.99,11.91,14.3,7.9
2022-04-01 00:00:00+00:00,0.007604166666666666,19.886153846153846,11.149160839160839,5.618531468531469,,0.3362237762237762,10.914131236521738,1.5,3.9571428571428573,0.006714285714285714,0.010482505862438466,0.0014764503744859046,0.3156428571428571,0.024485714285714284,5.29,7.22,20.62,9.4,0.1
2022-04-02 00:00:00+00:00,0.0067083333333333335,17.852867132867132,11.21937062937063,5.580563380281689,,0.32664335664335664,10.606025977391305,1.5,3.8928571428571432,0.0067857142857142855,0.010482505862438466,0.0015167905486521862,0.32485714285714284,0.024714285714285713,2.43,4.23,24.39,5.1,0.0
2022-04-03 00:00:00+00:00,0.006916666666666667,13.542657342657343,11.207272727272729,5.422447552447553,,0.2561538461538462,11.44920479478261,1.5,3.8285714285714287,0.006857142857142857,0.010482505862438466,0.0015571307228184677,0.3340714285714286,0.02494285714285714,3.81,5.64,24.39,9.0,0.0
2022-04-04 00:00:00+00:00,0.0065625,13.14239435915493,11.154859154929577,5.458661971830986,,0.24929577464788732,11.263085261324042,1.5,3.7642857142857147,0.006928571428571428,0.010482505862438466,0.0015974708969847492,0.34328571428571425,0.02517142857142857,2.22,4.22,18.4,6.3,0.1
2022-04-05 00:00:00+00:00,0.0095,13.429652777777779,11.174930555555555,5.4598611111111115,,0.25645833333333334,11.702413854166666,1.5,3.7,0.006999999999999999,0.010482505862438466,0.001637811071151031,0.3525,0.0254,2.07,4.9,12.02,12.0,5.8
2022-04-06 00:00:00+00:00,0.014958333333333332,11.832676035211266,11.136408450704225,5.497394366197183,,0.22915492957746478,12.541652020905923,1.5,3.635714285714286,0.007071428571428571,0.010482505862438466,0.0016781512453173126,0.3617142857142857,0.025628571428571428,2.5,4.92,20.34,14.2,5.3
2022-04-07 00:00:00+00:00,0.013614583333333333,12.573402770833333,11.059583333333332,5.461111111111111,,0.2338888888888889,13.465780173611112,1.5,3.5714285714285716,0.007142857142857143,0.010482505862438466,0.001718491419483594,0.3709285714285714,0.025857142857142856,2.88,4.94,9.33,12.7,19.4
2022-04-08 00:00:00+00:00,0.011885416666666667,14.714265741258743,11.09881118881119,5.704965034965035,,0.27314685314685316,12.623547773913042,1.5,3.507142857142857,0.007214285714285714,0.010482505862438466,0.0017588315936498755,0.3801428571428571,0.026085714285714285,2.8,4.83,20.17,8.3,1.4
2022-04-09 00:00:00+00:00,0.010947916666666667,14.071188797202797,10.936293706293707,5.6623776223776225,,0.2692307692307692,11.948079895652175,1.5,3.442857142857143,0.007285714285714285,0.010482505862438466,0.0017991717678161572,0.38935714285714285,0.026314285714285714,4.08,5.29,18.11,5.0,1.0
2022-04-10 00:00:00+00:00,0.009427083333333332,14.262167839160838,11.03027972027972,5.6706993006993,,0.27713286713286717,11.604613895652173,1.5,3.3785714285714286,0.007357142857142857,0.010482505862438466,0.0018395119419824387,0.3985714285714286,0.026542857142857142,4.67,6.53,22.38,5.5,0.0
2022-04-11 00:00:00+00:00,0.008864583333333334,15.02503497902098,11.098951048951049,5.567692307692307,,0.2847552447552448,11.869674765217392,1.5,3.3142857142857145,0.0074285714285714285,0.010482505862438466,0.0018798521161487204,0.40778571428571425,0.02677142857142857,2.52,5.71,23.44,9.9,0.0
2022-04-12 00:00:00+00:00,0.008593749999999999,9.770780138297873,11.353846153846154,5.633971631205673,1291.5042857142857,0.2816312056737589,12.9585579390681,1.5,3.25,0.0075,0.010482505862438466,0.001920192290315002,0.417,0.027,2.3,4.78,15.31,15.4,0.0
2022-04-13 00:00:00+00:00,0.00821875,15.652447552447553,11.531888111888112,5.70937062937063,,0.29734265734265736,13.171962139130436,1.5,3.2785714285714285,0.007357142857142857,0.009872412928645751,0.0017588315936498758,0.3994285714285714,0.026985714285714286,2.44,6.65,18.86,16.9,0.0
2022-04-14 00:00:00+00:00,0.008052083333333333,15.002222215277776,11.288958333333333,5.485902777777778,,0.23916666666666664,14.604237968749999,1.5,3.3071428571428574,0.007214285714285714,0.009262319994853035,0.0015974708969847496,0.38185714285714284,0.02697142857142857,4.08,6.17,10.76,17.1,0.0
2022-04-15 00:00:00+00:00,0.0071666666666666675,13.07422535915493,11.054859154929577,5.541056338028169,,0.21746478873239436,14.343674965156795,1.5,3.335714285714286,0.007071428571428571,0.00865222706106032,0.0014361102003196233,0.36428571428571427,0.026957142857142857,2.98,4.83,26.16,12.0,0.0
2022-04-16 00:00:00+00:00,0.00715625,12.181944416666667,11.123194444444444,5.555347222222222,,0.1970138888888889,14.730058350694444,1.5,3.3642857142857143,0.006928571428571428,0.008042134127267606,0.0012747495036544972,0.3467142857142857,0.026942857142857143,3.18,4.96,21.14,15.4,0.5
2022-04-17 00:00:00+00:00,0.00703125,10.91852111971831,10.685422535211266,5.239295774647887,,0.1623943661971831,15.887458013937284,1.5,3.392857142857143,0.0067857142857142855,0.00743204119347489,0.001113388806989371,0.3291428571428571,0.02692857142857143,3.04,6.1,25.15,13.1,0.0
2022-04-18 00:00:00+00:00,0.016666666666666666,12.376805562500001,10.462777777777779,5.200694444444444,,0.18645833333333334,14.923753072916668,1.5,3.4214285714285717,0.006642857142857142,0.006821948259682175,0.0009520281103242448,0.31157142857142855,0.026914285714285714,3.47,5.4,4.4,5.4,25.9
2022-04-19 00:00:00+00:00,0.012791666666666666,11.568064285714286,10.246170688748688,5.521214285714286,289.48,0.2586428571428572,13.072250774739583,1.5,3.45,0.0065,0.00621185532588946,0.0007906674136591186,0.294,0.0269,5.28,7.69,24.78,5.2,0.1
2022-04-20 00:00:00+00:00,0.010375,15.720208333333334,11.045694444444443,5.583333333333333,,0.2865972222222222,13.057926597222222,1.5,3.8769230769230774,0.006615384615384615,0.006371133667578933,0.0007530165844372558,0.2939230769230769,0.026707692307692307,2.09,3.0,26.68,6.0,0.0
2022-04-21 00:00:00+00:00,0.00925,16.532887323943662,11.270140845070422,5.7863380281690135,,0.3117605633802817,13.239012926829268,1.5,4.303846153846154,0.00673076923076923,0.0065304120092684066,0.000715365755215393,0.2938461538461538,0.026515384615384614,2.81,3.47,12.01,10.3,0.0
2022-04-22 00:00:00+00:00,0.009,14.909513888888888,11.367777777777778,5.576527777777778,,0.26006944444444446,14.48467765625,1.5,4.730769230769231,0.0068461538461538456,0.00668969035095788,0.0006777149259935302,0.2937692307692307,0.02632307692307692,1.83,3.54,26.33,15.6,0.0
2022-04-23 00:00:00+00:00,0.008677083333333334,13.769166666666667,11.579930555555556,5.6369444444444445,,0.24645833333333333,15.2417665625,1.5,5.157692307692308,0.006961538461538462,0.006848968692647353,0.0006400640967716674,0.2936923076923077,0.02613076923076923,1.84,3.6,24.11,17.1,0.0
2022-04-24 00:00:00+00:00,0.008208333333333333,14.025664342657342,11.741328671328672,5.757412587412587,,0.25034965034965034,16.223068782608696,1.5,5.584615384615384,0.007076923076923077,0.007008247034336826,0.0006024132675498046,0.2936153846153846,0.02593846153846154,2.31,4.7,24.99,19.8,0.0
2022-04-25 00:00:00+00:00,0.007875,14.759300692307693,11.843426573426573,5.8360139860139855,,0.25405594405594406,17.067000904347825,1.5,6.011538461538462,0.007192307692307692,0.0071675253760263,0.0005647624383279418,0.2935384615384615,0.025746153846153846,2.08,4.65,25.07,20.2,0.0
2022-04-26 00:00:00+00:00,0.0074375,16.394930555555554,11.672222208333332,5.761180555555556,,0.2647916666666667,17.888698940972223,1.5,6.438461538461539,0.007307692307692308,0.007326803717715774,0.000527111609106079,0.29346153846153844,0.025553846153846153,2.71,5.09,14.23,17.5,12.7
2022-04-27 00:00:00+00:00,0.007010416666666667,15.497500006944446,10.446736111111111,5.135208333333334,,0.24048611111111112,17.611706041666665,1.5,6.865384615384616,0.007423076923076923,0.007486082059405247,0.0004894607798842162,0.29338461538461535,0.02536153846153846,5.71,8.99,26.55,10.4,0.0
2022-04-28 00:00:00+00:00,0.00659375,15.199084514084506,10.585915492957747,5.103521126760564,,0.24457746478873238,16.607373222996515,1.5,7.292307692307693,0.007538461538461539,0.00764536040109472,0.0004518099506623534,0.29330769230769227,0.025169230769230767,3.27,4.58,28.23,10.9,0.0
2022-04-29 00:00:00+00:00,0.006260416666666667,17.39881944444444,10.850972222222222,5.261875,,0.2986111111111111,16.154423125,1.5,7.719230769230769,0.0076538461538461534,0.0078046387427841936,0.0004141591214404906,0.29323076923076924,0.024976923076923077,1.85,2.95,19.95,11.6,0.0
2022-04-30 00:00:00+00:00,0.007041666666666667,16.95048951048951,10.79916083916084,5.1678321678321675,,0.2960839160839161,15.814075095652173,1.5,8.146153846153847,0.00776923076923077,0.007963917084473667,0.0003765082922186278,0.29315384615384615,0.024784615384615384,1.16,1.98,11.29,11.7,3.5
2022-05-01 00:00:00+00:00,0.006947916666666667,19.002916666666668,10.850625,5.315902777777778,,0.3491666666666667,15.506106354166668,1.5,8.573076923076924,0.007884615384615386,0.00812319542616314,0.000338857462996765,0.29307692307692307,0.02459230769230769,1.47,3.05,17.86,13.5,0.6
2022-05-02 00:00:00+00:00,0.006875,13.869567441860465,8.825319402985075,5.254341085271318,134.4,0.3035658914728682,16.341902693069308,1.5,9.0,0.008,0.008282473767852613,0.00030120663377490223,0.293,0.024399999999999998,2.62,4.49,27.57,18.0,0.1
2022-05-03 00:00:00+00:00,0.00678125,17.743402777777778,11.179513888888888,5.488402777777778,,0.33916666666666667,17.100151336805553,1.5357142857142858,8.207142857142857,0.007642857142857143,0.008153060115229916,0.00035499353266327764,0.29407142857142854,0.0242,2.92,4.88,24.25,18.5,2.3
2022-05-04 00:00:00+00:00,0.0069375,17.282676056338026,11.246197183098591,5.558591549295774,,0.33373239436619717,18.296599041811845,1.5714285714285714,7.414285714285715,0.007285714285714286,0.008023646462607219,0.00040878043155165305,0.29514285714285715,0.023999999999999997,2.69,5.1,24.38,19.2,0.6
2022-05-05 00:00:00+00:00,0.0060416666666666665,15.763356650349651,11.346153846153847,5.647972027972028,,0.31650349650349646,18.252040646853146,1.6071428571428572,6.621428571428572,0.006928571428571428,0.007894232809984521,0.0004625673304400285,0.2962142857142857,0.023799999999999998,2.57,4.52,20.39,17.4,0.0
2022-05-06 00:00:00+00:00,0.010510416666666666,16.251736104166667,11.032361097222223,5.56826388888889,,0.31680555555555556,18.215645538194444,1.6428571428571428,5.828571428571429,0.006571428571428572,0.007764819157361825,0.0005163542293284039,0.29728571428571426,0.0236,2.78,4.26,8.26,16.2,6.8
2022-05-07 00:00:00+00:00,0.011458333333333333,15.179154929577464,10.14556333802817,5.213239436619718,,0.3120422535211268,17.827547857142857,1.6785714285714286,5.035714285714286,0.006214285714285714,0.007635405504739128,0.0005701411282167793,0.2983571428571428,0.0234,2.51,4.18,5.71,12.9,20.6
2022-05-08 00:00:00+00:00,0.008677083333333334,15.001805555555556,10.091875013888888,5.242291666666667,,0.3404861111111111,16.586744131944446,1.7142857142857142,4.242857142857143,0.005857142857142857,0.007505991852116431,0.0006239280271051548,0.29942857142857143,0.0232,3.5,4.27,15.94,9.3,0.3
2022-05-09 00:00:00+00:00,0.008078947368421052,13.05621739130434,10.006902951388888,5.530869565217391,166.094,0.39210144927536233,16.47599193593315,1.75,3.45,0.0055,0.007376578199493734,0.0006777149259935302,0.3005,0.023,1.73,2.55,28.98,10.9,0.0
2022-05-10 00:00:00+00:00,0.00796875,14.290211274647886,10.565915492957746,5.215352112676056,,0.3571830985915493,17.08066911149826,1.75,3.5500000000000003,0.0055625,0.006939807121892131,0.000621238682160736,0.306875,0.02240625,2.47,3.34,29.25,13.4,0.0
2022-05-11 00:00:00+00:00,0.007635416666666666,14.267042253521128,10.685774647887325,5.167816901408451,,0.35725352112676056,17.657676759581882,1.75,3.6500000000000004,0.005625,0.006503036044290529,0.0005647624383279418,0.31325,0.0218125,2.39,4.61,29.0,15.2,0.0
2022-05-12 00:00:00+00:00,0.00728125,14.80197183802817,9.863184879032257,5.183591549295775,294.9171428571429,0.4057746478873239,18.45497653927813,1.75,3.75,0.0056875,0.006066264966688926,0.0005082861944951476,0.319625,0.021218749999999998,3.06,5.17,18.75,16.4,0.1
2022-05-13 00:00:00+00:00,0.007239583333333334,15.144305555555555,11.146180555555555,5.477013888888889,,0.4947916666666667,18.518688819444446,1.75,3.85,0.00575,0.005629493889087323,0.00045180995066235343,0.32599999999999996,0.020624999999999998,2.51,3.41,19.36,17.7,11.6
2022-05-14 00:00:00+00:00,0.008302083333333333,14.058450704225352,11.406901408450704,5.5883802816901404,,0.5957746478873239,18.85747226480836,1.75,3.95,0.0058125,0.005192722811485721,0.00039533370682955923,0.332375,0.02003125,1.33,2.64,17.43,17.0,5.4
2022-05-15 00:00:00+00:00,0.007375,13.499090909090908,11.963146853146853,5.811328671328671,,0.7157342657342657,19.250471686956523,1.75,4.05,0.005875,0.004755951733884118,0.0003388574629967651,0.33875,0.0194375,1.78,4.36,22.66,18.8,0.5
2022-05-16 00:00:00+00:00,0.006864583333333334,13.923055555555557,12.29277777777778,5.9575,,0.8472916666666667,19.78949947916667,1.75,4.15,0.0059375,0.004319180656282515,0.0002823812191639709,0.34512499999999996,0.01884375,3.09,6.26,24.25,19.9,0.4
2022-05-17 00:00:00+00:00,0.006489583333333333,14.773216783216784,12.870909090909091,6.0805594405594405,,0.9912587412587412,19.93153316521739,1.75,4.25,0.006,0.0038824095786809125,0.00022590497533117671,0.3515,0.01825,3.62,6.46,27.53,18.6,0.0
2022-05-18 00:00:00+00:00,0.006124999999999999,16.55326388888889,13.917916666666667,6.288680555555556,,1.160486111111111,20.150630972222224,1.6583333333333332,4.2,0.00625,0.004205943710237655,0.0002447303899421081,0.3883333333333333,0.018941666666666666,2.79,4.83,23.49,19.3,0.0
2022-05-19 00:00:00+00:00,0.07136458333333333,18.51465277777778,14.433333333333334,6.408819444444444,,1.3229166666666667,20.794977812499997,1.5666666666666667,4.15,0.0065,0.004529477841794398,0.0002635558045530395,0.42516666666666664,0.019633333333333332,3.2,4.3,26.28,23.1,0.0
2022-05-20 00:00:00+00:00,0.11113541666666667,19.85666666666667,15.13888888888889,6.542708333333334,,1.5527083333333334,21.12334720486111,1.475,4.1,0.00675,0.004853011973351141,0.0002823812191639709,0.46199999999999997,0.020325,2.47,6.66,25.6,23.1,1.1
2022-05-21 00:00:00+00:00,0.11111458333333334,20.47244755244755,15.833216783216784,6.700769230769231,,1.7862937062937063,21.472970695652176,1.3833333333333333,4.05,0.007,0.005176546104907883,0.0003012066337749023,0.49883333333333335,0.021016666666666666,2.45,5.12,23.13,24.3,0.3
2022-05-22 00:00:00+00:00,0.1111875,19.72133802816901,15.927887323943663,6.876971830985915,,2.175281690140845,21.55792416376307,1.2916666666666665,4.0,0.0072499999999999995,0.005500080236464627,0.0003200320483858337,0.5356666666666666,0.021708333333333333,2.03,3.27,22.67,22.6,1.3
2022-05-23 00:00:00+00:00,0.11663541666666667,25.144880952380937,12.646813362068965,6.981571428571428,377.43642857142856,2.761285714285714,21.41688767091541,1.2,3.9499999999999997,0.0075,0.005823614368021369,0.0003388574629967651,0.5725,0.0224,2.4,3.67,8.59,18.5,13.1
2022-05-24 00:00:00+00:00,0.136875,17.17943661971831,13.53598590140845,8.100563366197182,,2.8196478873239434,19.077661971830985,1.175,3.9499999999999997,0.0075,0.006114795086422437,0.00036709558491316213,0.5705625,0.022725,2.44,3.36,7.18,13.9,52.8
2022-05-25 00:00:00+00:00,0.118125,12.261328664335664,10.389073967889907,8.349230741258742,346.3944285714286,1.7012587412587412,18.954575403817916,1.15,3.9499999999999997,0.0075,0.006405975804823506,0.00039533370682955923,0.568625,0.02305,2.24,3.82,18.8,15.6,0.0
2022-05-26 00:00:00+00:00,0.11667708333333333,11.877569451388888,10.956458333333334,8.127361104166667,,1.804861111111111,18.387867725694445,1.125,3.9499999999999997,0.0075,0.006697156523224574,0.0004235718287459563,0.5666875,0.023375,2.65,4.16,13.0,16.6,0.5
2022-05-27 00:00:00+00:00,0.13395833333333335,10.373124951388888,10.444236090277776,7.330208333333333,,1.4828472222222222,18.434914392361108,1.1,3.95,0.0075,0.006988337241625642,0.0004518099506623534,0.56475,0.0237,2.51,4.22,18.51,18.4,16.8
2022-05-28 00:00:00+00:00,0.12748958333333335,8.887972013986014,10.095384587412589,7.426573426573427,,1.350909090909091,18.582353147826087,1.075,3.95,0.0075,0.007279517960026711,0.0004800480725787505,0.5628125,0.024025,3.12,5.06,21.39,18.1,0.6
2022-05-29 00:00:00+00:00,0.11688541666666667,8.870347298611112,10.47236109027778,7.779097222222223,,1.4975694444444445,18.68568315972222,1.05,3.95,0.0075,0.007570698678427779,0.0005082861944951476,0.560875,0.02435,1.64,2.48,23.05,18.1,0.0
2022-05-30 00:00:00+00:00,0.113375,9.205384615384615,11.242797202797203,7.999230783216784,,1.73013986013986,19.19300092173913,1.025,3.95,0.0075,0.007861879396828848,0.0005365243164115446,0.5589375000000001,0.024675000000000002,1.42,2.65,27.14,20.7,0.0
2022-05-31 00:00:00+00:00,0.11169791666666667,19.869644454861096,9.363774123989218,8.272638868055557,592.495,2.0622916666666664,20.15343610630408,1.0,3.95,0.0075,0.008153060115229916,0.0005647624383279417,0.557,0.025,1.81,2.48,26.57,23.0,0.0
2022-06-01 00:00:00+00:00,0.11089583333333335,12.501958034965035,13.2606993006993,8.481048986013986,,2.59,20.561210921739132,0.9642857142857143,4.285714285714286,0.008428571428571428,0.008208523109211071,0.0005647624383279417,0.6152142857142857,0.02648571428571429,2.35,3.01,26.13,23.7,0.0
2022-06-02 00:00:00+00:00,0.11030208333333334,15.056853146853147,13.95013986013986,8.698461531468531,,3.076993006993007,20.69074420869565,0.9285714285714286,4.621428571428572,0.009357142857142857,0.008263986103192228,0.0005647624383279417,0.6734285714285715,0.027971428571428574,2.98,5.68,26.26,23.8,0.2
2022-06-03 00:00:00+00:00,0.1079375,17.903680555555557,15.099861111111112,8.840624944444444,,3.9815972222222222,20.97002607638889,0.8928571428571429,4.957142857142857,0.010285714285714285,0.008319449097173384,0.0005647624383279417,0.7316428571428572,0.029457142857142862,3.05,3.76,23.53,20.4,1.1
2022-06-04 00:00:00+00:00,0.10684375,21.555434782608696,16.110434782608696,8.833333347826088,,4.398623188405797,20.574937333333335,0.8571428571428572,5.292857142857144,0.011214285714285715,0.00837491209115454,0.0005647624383279417,0.7898571428571428,0.030942857142857147,2.2,2.91,29.82,19.3,0.0
2022-06-05 00:00:00+00:00,0.1063222222222222,23.792727272727273,17.03937062937063,8.94517479020979,,4.818251748251749,20.486041391304347,0.8214285714285714,5.628571428571429,0.012142857142857143,0.008430375085135696,0.0005647624383279417,0.8480714285714286,0.03242857142857143,1.89,3.04,28.2,19.2,0.0
2022-06-06 00:00:00+00:00,,23.713916083916086,18.31202797202797,8.963216769230769,,5.371958041958043,20.506484469565216,0.7857142857142857,5.964285714285715,0.01307142857142857,0.008485838079116853,0.0005647624383279417,0.9062857142857144,0.03391428571428572,2.08,3.95,23.52,18.9,0.0
2022-06-07 00:00:00+00:00,,58.35362589928057,14.87285981848185,8.711007215827339,567.0055555555556,4.856258992805755,20.38232310853769,0.75,6.300000000000001,0.014,0.008541301073098008,0.0005647624383279417,0.9645,0.03540000000000001,3.11,5.32,14.92,19.3,11.4
2022-06-08 00:00:00+00:00,,18.196083916083914,17.54972027972028,8.955524517482518,,4.1693006993007,20.70527332173913,0.725,5.916666666666667,0.012833333333333334,0.009382489815145539,0.0006024132675498045,0.9075,0.03305833333333334,1.68,3.89,20.12,20.7,18.0
2022-06-09 00:00:00+00:00,,16.77798611111111,16.689305555555556,8.742916673611111,,4.105833333333333,21.23756685763889,0.7,5.533333333333334,0.011666666666666667,0.010223678557193071,0.0006400640967716673,0.8505,0.03071666666666667,3.75,5.45,29.2,21.2,4.3
2022-06-10 00:00:00+00:00,,12.329295774647887,15.785563380281692,8.424718316901409,,3.7692957746478872,21.045973257839723,0.675,5.15,0.0105,0.011064867299240602,0.0006777149259935302,0.7935000000000001,0.028375000000000004,2.23,3.05,22.0,18.1,0.0
2022-06-11 00:00:00+00:00,,12.452986104166666,14.984097222222223,8.656319423611112,,3.2515277777777776,20.890144288194445,0.65,4.766666666666667,0.009333333333333332,0.011906056041288133,0.000715365755215393,0.7365,0.026033333333333335,1.84,3.95,20.32,19.8,0.3
2022-06-12 00:00:00+00:00,,10.68291667361111,15.041944444444445,8.782222201388889,,3.1063888888888886,21.290323645833336,0.625,4.383333333333334,0.008166666666666666,0.012747244783335665,0.0007530165844372558,0.6795,0.023691666666666666,1.69,3.53,21.85,21.3,1.0
2022-06-13 00:00:00+00:00,,32.459799985915495,14.082446933085501,8.847112704225351,269.126,3.019507042253521,21.92709711756374,0.6,4.0,0.007,0.013588433525383196,0.0007906674136591186,0.6225,0.02135,2.09,3.26,24.83,25.5,0.7
2022-06-14 00:00:00+00:00,,11.460559433566434,14.557412587412587,8.777132888111888,,3.0234265734265735,21.984574469565217,0.5785714285714285,4.142857142857143,0.007214285714285715,0.013588433525383196,0.0008068034833256312,0.6495714285714286,0.02217857142857143,3.38,5.47,20.94,25.9,1.4
2022-06-15 00:00:00+00:00,,10.992097916083917,12.788168402154398,8.859860146853146,1177.11859375,2.8702797202797203,21.79893872673849,0.5571428571428572,4.285714285714286,0.0074285714285714285,0.013588433525383196,0.0008229395529921438,0.6766428571428572,0.023007142857142858,1.29,2.97,16.33,24.7,1.5
2022-06-16 00:00:00+00:00,,10.696013993006993,13.848251748251748,8.630769272727273,,2.793496503496504,22.741740382608697,0.5357142857142857,4.428571428571429,0.007642857142857143,0.013588433525383196,0.0008390756226586564,0.7037142857142857,0.023835714285714286,2.01,4.79,23.59,24.9,5.4
2022-06-17 00:00:00+00:00,,9.470559454545453,13.238601391608391,8.038741286713286,,2.787972027972028,22.42584467826087,0.5142857142857142,4.571428571428571,0.007857142857142858,0.013588433525383196,0.000855211692325169,0.7307857142857144,0.02466428571428571,4.22,6.98,25.06,25.2,14.4
2022-06-18 00:00:00+00:00,,7.363541645833333,12.851805555555556,6.322777777777778,,3.404166666666667,23.079429739583333,0.4928571428571429,4.714285714285714,0.008071428571428571,0.013588433525383196,0.0008713477619916816,0.7578571428571429,0.02549285714285714,4.63,6.74,30.19,21.6,0.0
2022-06-19 00:00:00+00:00,,5.445416666666667,11.237430555555555,5.170625,,3.824513888888889,22.42118814236111,0.4714285714285714,4.857142857142857,0.008285714285714287,0.013588433525383196,0.0008874838316581942,0.7849285714285714,0.02632142857142857,3.96,4.65,30.89,18.1,0.0
2022-06-20 00:00:00+00:00,,32.77041897810219,9.293595548728813,5.6499270072992696,544.7230000000001,3.712043795620438,21.73856281341108,0.45,5.0,0.0085,0.013588433525383196,0.0009036199013247069,0.812,0.027149999999999997,2.04,3.4,17.94,17.8,0.0
2022-06-21 00:00:00+00:00,,4.959090909090909,10.262727265734267,5.840489510489511,,3.449020979020979,21.75467088695652,0.4428571428571429,5.0,0.0085,0.013976674483251286,0.0008713477619916816,0.8490000000000001,0.028757142857142856,1.46,2.61,27.72,21.9,0.0
2022-06-22 00:00:00+00:00,,4.852430555555555,10.271666645833333,5.958263888888889,,3.23,22.41243984375,0.4357142857142857,5.0,0.0085,0.014364915441119378,0.0008390756226586564,0.886,0.03036428571428571,3.11,4.32,25.62,24.7,0.0
2022-06-23 00:00:00+00:00,,4.766713286713286,9.554055958041959,6.079580419580419,,2.46013986013986,22.708654991304346,0.4285714285714286,5.0,0.0085,0.014753156398987468,0.0008068034833256312,0.923,0.031971428571428574,2.71,4.1,26.46,24.6,2.5
2022-06-24 00:00:00+00:00,,4.954042531914894,8.468865226950355,6.176312056737589,,1.2688652482269502,22.58265757417103,0.42142857142857143,5.0,0.0085,0.01514139735685556,0.0007745313439926058,0.96,0.03357857142857143,1.44,4.07,27.17,23.5,0.0
2022-06-25 00:00:00+00:00,,4.737517730496454,7.96148934751773,6.295602836879432,,0.9175177304964539,22.745590331588133,0.4142857142857143,5.0,0.0085,0.01552963831472365,0.0007422592046595806,0.997,0.035185714285714285,2.14,2.94,26.22,23.6,1.3
2022-06-26 00:00:00+00:00,,4.261258741258741,6.77629372027972,6.332587412587412,,0.6085314685314686,22.81119299130435,0.40714285714285714,5.0,0.0085,0.01591787927259174,0.0007099870653265554,1.034,0.03679285714285715,1.74,3.2,18.06,22.3,6.8
2022-06-27 00:00:00+00:00,0.08807017543859648,35.239049019607876,7.120438766666667,6.251985294117647,357.9157407407408,0.37816176470588236,22.180455257611243,0.4,5.0,0.0085,0.016306120230459832,0.0006777149259935302,1.071,0.038400000000000004,2.46,3.85,19.81,22.2,2.4
2022-06-28 00:00:00+00:00,0.08394791666666668,1.8794405594405594,5.4868531468531465,6.078321678321679,,0.24125874125874125,22.421770939130436,0.41071428571428575,5.16875,0.008812500000000001,0.02149884304194555,0.00077654835270092,1.06725,0.038643750000000004,2.16,3.89,29.57,20.2,0.0
2022-06-29 00:00:00+00:00,0.08265625,1.9497202797202797,4.852657342657342,6.0668531468531475,,0.17272727272727273,22.39424904347826,0.42142857142857143,5.3374999999999995,0.009125000000000001,0.02669156585343127,0.0008753817794083098,1.0635,0.038887500000000005,1.56,2.64,26.59,21.5,0.0
2022-06-30 00:00:00+00:00,0.08290625,2.5362142857142858,4.392307692307693,6.1245714285714286,,0.2005714285714286,22.72337723518851,0.43214285714285716,5.50625,0.0094375,0.03188428866491699,0.0009742152061156995,1.05975,0.039131250000000006,1.49,3.42,25.22,23.3,1.0
2022-07-01 00:00:00+00:00,0.04295833333333334,3.327112690140845,5.8568511314655165,6.199014084507042,881.7700934782608,0.22633802816901408,22.98327958815029,0.4428571428571429,5.675,0.00975,0.03707701147640271,0.0010730486328230893,1.056,0.03937500000000001,2.24,4.81,26.54,24.7,0.0
2022-07-02 00:00:00+00:00,0.007322916666666666,3.1746527847222223,2.7986805555555554,6.2179166666666665,,0.18638888888888888,23.38759376736111,0.4535714285714286,5.84375,0.0100625,0.04226973428788843,0.001171882059530479,1.05225,0.03961875,1.91,4.44,22.46,24.2,10.0
2022-07-03 00:00:00+00:00,0.00534375,2.2467132867132866,2.0232867132867134,6.281818181818181,,0.11825174825174825,23.52602843478261,0.4642857142857143,6.012499999999999,0.010374999999999999,0.04746245709937415,0.001270715486237869,1.0485,0.0398625,2.09,2.9,24.58,23.6,1.1
2022-07-04 00:00:00+00:00,0.004833333333333334,2.4588194444444444,1.1706944444444445,6.2780555555555555,,0.12145833333333335,23.41162784722222,0.47500000000000003,6.1812499999999995,0.010687499999999999,0.05265517991085987,0.0013695489129452588,1.0447499999999998,0.04010625,1.57,2.72,24.7,23.5,0.0
2022-07-05 00:00:00+00:00,0.006916666666666667,3.311527784722222,6.173196223021582,6.227222222222222,202.0,0.25131944444444443,23.90795489042676,0.48571428571428577,6.35,0.011,0.05784790272234559,0.0014683823396526485,1.041,0.040350000000000004,1.72,4.81,19.9,23.7,5.7
2022-07-06 00:00:00+00:00,0.008239583333333333,5.792291659722222,0.38993055555555556,6.3308333333333335,,0.3531944444444444,23.60591831597222,0.49642857142857144,6.508333333333333,0.011083333333333332,0.054741975059400864,0.0013366044373761287,1.0616666666666665,0.040225000000000004,2.31,3.89,22.74,26.0,0.0
2022-07-07 00:00:00+00:00,0.0065,9.857412594405595,0.1962237762237762,6.264265734265734,,0.7157342657342657,23.80271126956522,0.5071428571428571,6.666666666666666,0.011166666666666667,0.051636047396456136,0.0012048265350996091,1.0823333333333334,0.040100000000000004,2.33,3.61,23.42,26.5,0.3
2022-07-08 00:00:00+00:00,0.006802083333333334,11.741619704225352,0.05598591549295775,6.319718309859155,,0.8165492957746479,23.81883325783972,0.5178571428571429,6.824999999999999,0.01125,0.0485301197335114,0.0010730486328230891,1.103,0.039975,1.23,3.04,21.49,25.2,1.0
2022-07-09 00:00:00+00:00,0.006229166666666667,9.250902770833333,0.021944444444444447,6.476597222222222,,0.6782638888888889,23.85061967013889,0.5285714285714286,6.983333333333333,0.011333333333333332,0.04542419207056667,0.0009412707305465695,1.1236666666666666,0.03985,1.92,3.67,14.52,23.6,3.7
2022-07-10 00:00:00+00:00,0.010656249999999999,7.23496502097902,0.02,6.664545454545454,,0.61006993006993,23.07393507826087,0.5392857142857144,7.141666666666667,0.011416666666666667,0.042318264407621944,0.0008094928282700497,1.1443333333333334,0.039724999999999996,2.2,3.37,10.2,19.0,11.3
2022-07-11 00:00:00+00:00,0.006197916666666667,32.686515199754886,2.9661825955734407,6.271176470588236,517.5804285714286,1.095,22.505271619348054,0.55,7.3,0.0115,0.039212336744677216,0.00067771492599353,1.165,0.039599999999999996,1.08,2.09,28.59,19.8,0.0
2022-07-12 00:00:00+00:00,0.007229166666666668,14.340763895833334,0.48104166666666665,6.095347222222222,,1.6244444444444444,23.009942586805558,0.6071428571428572,7.192857142857143,0.011214285714285715,0.03771483590718601,0.0007745313439926056,1.1164285714285715,0.04012857142857142,2.3,4.22,25.14,23.1,1.7
2022-07-13 00:00:00+00:00,0.007010416666666667,11.614685314685316,0.2985416666666667,6.201666666666666,,1.3099305555555556,23.583407100694444,0.6642857142857143,7.085714285714285,0.010928571428571428,0.036217335069694795,0.0008713477619916813,1.0678571428571428,0.04065714285714286,2.67,5.12,22.81,23.3,2.0
2022-07-14 00:00:00+00:00,0.0068125,9.754722229166667,0.5404861111111111,6.2567361111111115,,0.9153472222222222,23.438257274305556,0.7214285714285714,6.978571428571429,0.010642857142857143,0.03471983423220359,0.000968164179990757,1.0192857142857144,0.041185714285714284,2.0,2.76,24.88,23.4,0.1
2022-07-15 00:00:00+00:00,0.005718750000000001,6.425874118881119,0.523986013986014,6.348041958041958,,0.5013986013986014,23.61974340869565,0.7785714285714286,6.871428571428571,0.010357142857142856,0.03322233339471238,0.0010649805979898327,0.9707142857142858,0.04171428571428571,1.51,2.47,24.94,23.4,0.0
2022-07-16 00:00:00+00:00,0.005208333333333333,11.166180527777778,0.40875,6.40375,,0.7998611111111111,23.74642902777778,0.8357142857142856,6.764285714285714,0.010071428571428571,0.03172483255722117,0.0011617970159889086,0.9221428571428572,0.04224285714285714,1.14,3.02,20.33,23.6,0.3
2022-07-17 00:00:00+00:00,0.005427083333333333,12.586388881944444,0.6541666666666667,6.517083333333334,,0.8183333333333334,23.87786123263889,0.8928571428571428,6.657142857142857,0.009785714285714285,0.03022733171972996,0.001258613433987984,0.8735714285714286,0.04277142857142857,1.29,3.61,18.8,23.6,4.2
2022-07-18 00:00:00+00:00,0.005802083333333334,20.342366670187776,3.3813421174294964,6.499788732394366,464.7,0.8549295774647888,23.81463015278839,0.95,6.55,0.0095,0.028729830882238752,0.00135542985198706,0.825,0.0433,1.81,3.8,20.43,24.4,0.7
2022-07-19 00:00:00+00:00,0.005593750000000001,11.586458354166666,1.3778472222222222,6.563472222222222,,0.6495833333333334,24.440348333333333,1.0,6.442857142857143,0.009285714285714286,0.026289459147067894,0.0011940691553219338,0.7945714285714285,0.04183571428571428,1.79,3.47,25.3,24.8,1.0
2022-07-20 00:00:00+00:00,0.00503125,10.670486104166667,1.7255555555555555,6.530833333333334,,0.5011805555555555,24.652326927083333,1.05,6.335714285714285,0.00907142857142857,0.023849087411897035,0.0010327084586568076,0.7641428571428571,0.04037142857142857,2.0,3.94,25.22,24.9,0.0
2022-07-21 00:00:00+00:00,0.005619047619047619,11.800763888888888,1.740625,6.58875,,0.5163194444444444,24.961016684027776,1.1,6.228571428571429,0.008857142857142857,0.021408715676726173,0.0008713477619916815,0.7337142857142857,0.038907142857142855,2.47,4.33,22.5,26.0,0.0
2022-07-22 00:00:00+00:00,0.0051489361702127655,9.851666659722222,1.8159027777777779,6.647569444444445,,0.37569444444444444,25.13023664930556,1.15,6.121428571428572,0.008642857142857143,0.018968343941555315,0.0007099870653265553,0.7032857142857143,0.03744285714285714,2.03,2.81,25.29,26.2,0.0
2022-07-23 00:00:00+00:00,0.0045,6.960209790209791,1.6967832167832169,6.668881118881119,,0.19783216783216784,25.460498782608695,1.2,6.014285714285715,0.00842857142857143,0.016527972206384453,0.0005486263686614292,0.6728571428571428,0.03597857142857142,1.49,2.4,26.45,26.5,0.0
2022-07-24 00:00:00+00:00,0.00428125,6.474895104895105,1.471958041958042,6.668181818181818,,0.15475524475524474,25.589381895652174,1.25,5.9071428571428575,0.008214285714285714,0.014087600471213596,0.00038726567199630303,0.6424285714285713,0.03451428571428571,1.52,3.01,23.07,26.2,0.0
2022-07-25 00:00:00+00:00,0.004354166666666667,9.3492078125,4.0393054936305735,6.752734375,319.0220652173913,0.1365625,26.215081218543045,1.3,5.800000000000001,0.008,0.011647228736042738,0.00022590497533117671,0.612,0.033049999999999996,2.01,3.26,16.61,25.4,5.9
2022-07-26 00:00:00+00:00,0.0054062500000000005,8.138819451388889,0.9766666666666668,6.881180555555556,,0.11812500000000001,25.51858482638889,1.3,5.614285714285715,0.007928571428571429,0.011092598796231179,0.0003549935326632777,0.5999285714285714,0.032478571428571426,1.81,3.67,18.81,25.3,0.3
2022-07-27 00:00:00+00:00,0.0025714285714285717,11.464405594405594,0.7342657342657343,6.974335664335665,,0.15321678321678323,25.201198747826087,1.3,5.428571428571429,0.007857142857142858,0.010537968856419621,0.0004840820899953786,0.5878571428571429,0.031907142857142856,1.97,4.61,13.65,24.0,5.5
2022-07-28 00:00:00+00:00,,13.235763902777778,1.7971527777777778,6.824166666666667,,0.28625,25.115345833333336,1.3,5.242857142857143,0.007785714285714286,0.009983338916608062,0.0006131706473274796,0.5757857142857142,0.031335714285714286,2.38,4.46,18.46,25.2,0.1
2022-07-29 00:00:00+00:00,,13.041458340277778,1.9611805555555557,6.8154861111111105,,0.33638888888888885,25.38919392361111,1.3,5.057142857142857,0.007714285714285714,0.009428708976796502,0.0007422592046595805,0.5637142857142857,0.030764285714285713,2.32,5.26,18.87,25.7,1.9
2022-07-30 00:00:00+00:00,,11.798333347222222,2.9974305555555554,6.689791666666667,,0.43270833333333336,25.663823454861113,1.3,4.871428571428572,0.007642857142857143,0.008874079036984943,0.0008713477619916814,0.5516428571428571,0.030192857142857143,2.33,3.58,25.37,24.0,0.0
2022-07-31 00:00:00+00:00,,12.992986111111112,3.4389583263888888,6.702152784722222,,0.46576388888888887,25.524334149305556,1.3,4.685714285714286,0.007571428571428571,0.008319449097173385,0.0010004363193237824,0.5395714285714286,0.02962142857142857,1.37,3.42,13.99,22.0,16.3
2022-08-01 00:00:00+00:00,,13.006009527380936,5.3253586785009865,7.069714285714285,459.8155555555556,0.49664285714285716,25.389552948990435,1.3,4.5,0.0075,0.007764819157361826,0.0011295248766558833,0.5275,0.02905,2.44,4.1,20.12,23.2,5.2
2022-08-02 00:00:00+00:00,,14.804825174825176,3.3914685314685316,7.1011188811188815,,0.49013986013986016,25.705815721739132,1.3,4.45,0.007285714285714285,0.008319449097173385,0.0010488445283233202,0.5175,0.027964285714285712,3.33,4.66,24.61,25.2,0.0
2022-08-03 00:00:00+00:00,,13.353496503496503,4.151608384615384,7.228391608391609,,0.4866433566433567,25.864043252173914,1.3,4.4,0.007071428571428571,0.008874079036984943,0.0009681641799907572,0.5075,0.02687857142857143,1.85,3.61,24.82,24.5,0.0
2022-08-04 00:00:00+00:00,,13.26048951048951,4.2818881118881125,7.285734265734265,,0.42713286713286713,26.087341860869564,1.3,4.3500000000000005,0.006857142857142857,0.009428708976796502,0.000887483831658194,0.4975,0.02579285714285714,1.83,3.98,21.87,25.2,0.2
2022-08-05 00:00:00+00:00,,12.025874097902099,4.653007,7.325804195804195,,0.40720279720279723,26.20179132173913,1.3,4.3,0.006642857142857143,0.009983338916608062,0.000806803483325631,0.4875,0.024707142857142858,1.71,3.49,19.62,24.6,1.0
2022-08-06 00:00:00+00:00,,11.427132853146853,4.894195804195804,7.410699300699301,,0.6096503496503497,25.879347826086956,1.3,4.25,0.0064285714285714285,0.010537968856419621,0.0007261231349930679,0.47750000000000004,0.02362142857142857,1.63,3.61,18.51,22.4,19.7
2022-08-07 00:00:00+00:00,,8.909160846153847,6.314685314685315,6.728461538461538,,0.6987412587412588,25.82058824347826,1.3,4.2,0.006214285714285715,0.011092598796231179,0.0006454427866605047,0.4675,0.022535714285714284,1.21,5.01,22.44,24.0,0.9
2022-08-08 00:00:00+00:00,,9.196792764492757,6.427478598971723,6.886956521739131,1218.4703703703703,0.3471739130434783,26.344608375394323,1.3,4.15,0.006,0.011647228736042738,0.0005647624383279417,0.4575,0.02145,1.68,3.54,20.89,24.9,0.3
2022-08-09 00:00:00+00:00,,10.907622363636364,5.857902097902097,6.862867132867133,,0.2308391608391608,26.497532036474166,1.32,4.095000000000001,0.00595,0.012384886555992111,0.0006212386821607359,0.44695,0.021515,2.14,3.49,24.64,26.4,0.3
2022-08-10 00:00:00+00:00,,13.377222222222223,5.602986111111111,7.083333326388889,,0.2596527777777778,26.300742361111112,1.34,4.04,0.0059,0.013122544375941484,0.00067771492599353,0.4364,0.021580000000000002,2.32,4.24,20.2,25.4,5.8
2022-08-11 00:00:00+00:00,,11.5986713006993,6.818671335664336,6.571748251748252,,0.24678321678321677,26.097098417391305,1.36,3.9850000000000003,0.00585,0.013860202195890858,0.0007341911698263242,0.42585,0.021645,3.06,4.44,19.98,24.5,0.6
2022-08-12 00:00:00+00:00,,9.4622916875,7.322777777777778,6.350833333333333,,0.2309027777777778,25.887634618055554,1.3800000000000001,3.93,0.0058,0.014597860015840229,0.0007906674136591183,0.4153,0.02171,2.42,3.31,22.41,22.9,0.4
2022-08-13 00:00:00+00:00,,8.969791645833332,7.330208333333333,6.349930555555556,,0.173125,25.258995381944445,1.4,3.875,0.00575,0.015335517835789602,0.0008471436574919125,0.40475,0.021775000000000003,1.9,2.91,26.3,20.9,0.0
2022-08-14 00:00:00+00:00,,9.7084721875,7.090347222222222,6.381805555555555,,0.13534722222222223,24.863224149305555,1.42,3.8200000000000003,0.0057,0.016073175655738976,0.0009036199013247066,0.3942,0.021840000000000002,1.67,3.58,15.74,20.1,5.9
2022-08-15 00:00:00+00:00,,9.880139867132867,6.779020979020979,6.406083916083916,,0.16391608391608392,23.988074660869565,1.44,3.765,0.00565,0.016810833475688347,0.0009600961451575008,0.38365,0.021905,2.04,3.6,13.25,19.1,12.9
2022-08-16 00:00:00+00:00,0.007285714285714286,10.540774605633803,6.677323943661971,6.507253521126761,,0.19852112676056338,23.083994825783975,1.46,3.71,0.0056,0.017548491295637722,0.001016572388990295,0.3731,0.02197,1.46,3.04,15.13,18.5,6.7
2022-08-17 00:00:00+00:00,0.006156249999999999,11.760833340277777,6.964305555555556,6.526736111111111,,0.26180555555555557,22.862405381944445,1.48,3.6550000000000002,0.005549999999999999,0.018286149115587097,0.0010730486328230891,0.36255,0.022035000000000003,1.5,2.02,21.55,19.2,0.4
2022-08-18 00:00:00+00:00,0.00525,10.109909527380957,6.177014751552795,6.533357142857143,237.99842105263158,0.31164285714285717,22.9916154308094,1.5,3.6,0.0055,0.01902380693553647,0.0011295248766558833,0.352,0.0221,1.53,2.63,21.81,20.2,0.1
2022-08-19 00:00:00+00:00,0.00496875,14.421388888888888,8.003402805555556,6.625277777777778,,0.3204861111111111,23.25843652777778,1.525,3.5875,0.005625,0.016209059990992807,0.0009600961451575008,0.358375,0.022775,1.56,3.05,14.45,20.8,0.0
2022-08-20 00:00:00+00:00,0.0047708333333333335,14.302152777777776,8.342638944444444,6.649930555555556,,0.2623611111111111,23.63428189236111,1.55,3.575,0.00575,0.013394313046449146,0.0007906674136591183,0.36475,0.023450000000000002,1.64,3.1,20.07,21.9,0.0
2022-08-21 00:00:00+00:00,0.0066770833333333335,16.13979020979021,8.31468537062937,6.836783216783217,,0.2844755244755245,23.83345932173913,1.5750000000000002,3.5625,0.005875,0.010579566101905486,0.0006212386821607359,0.371125,0.024125,1.41,4.04,12.15,21.5,7.6
2022-08-22 00:00:00+00:00,0.005541666666666667,9.904782750582749,7.9640685963930355,6.535244755244755,1338.6744444444444,0.23076923076923078,24.08870031499765,1.6,3.55,0.006,0.007764819157361826,0.00045180995066235343,0.3775,0.0248,1.98,3.31,22.59,22.3,0.5
2022-08-23 00:00:00+00:00,0.004822916666666667,11.613541666666666,8.773611125,6.410069444444444,,0.17895833333333333,24.48459685763889,1.6571428571428573,3.507142857142857,0.006071428571428571,0.008263986103192228,0.00045180995066235343,0.3722857142857143,0.025107142857142856,2.62,3.2,21.19,22.4,0.0
2022-08-24 00:00:00+00:00,0.004625,9.870979013986014,8.623006944055945,6.184685314685314,,0.15041958041958042,24.62452935652174,1.7142857142857144,3.464285714285714,0.006142857142857143,0.008763153049022632,0.00045180995066235343,0.3670714285714286,0.025414285714285716,1.7,3.8,21.21,22.5,0.0
2022-08-25 00:00:00+00:00,0.004520833333333333,11.526041666666666,8.568125013888888,6.385416666666667,,0.17819444444444443,24.507823854166666,1.7714285714285714,3.4214285714285713,0.006214285714285714,0.009262319994853035,0.00045180995066235343,0.3618571428571429,0.025721428571428572,1.62,3.52,16.06,22.6,0.6
2022-08-26 00:00:00+00:00,0.004416666666666667,10.312499993055555,8.402569486111112,5.9972916666666665,,0.15868055555555557,24.951360225694444,1.8285714285714285,3.3785714285714286,0.006285714285714286,0.009761486940683437,0.00045180995066235343,0.35664285714285715,0.02602857142857143,1.61,3.44,19.03,23.2,0.7
2022-08-27 00:00:00+00:00,0.004270833333333334,10.087777784722222,8.216597194444445,5.675972222222223,,0.15465277777777778,25.244641753472223,1.8857142857142857,3.335714285714286,0.006357142857142857,0.01026065388651384,0.00045180995066235343,0.3514285714285714,0.026335714285714285,1.87,2.67,23.08,24.0,0.0
2022-08-28 00:00:00+00:00,0.004135416666666667,12.79986013986014,8.157202811188812,6.116573426573426,,0.20902097902097902,25.347401582608697,1.9428571428571428,3.2928571428571427,0.0064285714285714285,0.010759820832344244,0.00045180995066235343,0.34621428571428575,0.026642857142857145,1.77,2.77,22.6,24.5,0.0
2022-08-29 00:00:00+00:00,0.00415625,8.809756944444443,6.000559456876457,6.136111111111111,971.1383333333333,0.17916666666666667,25.492621546391753,2.0,3.25,0.0065,0.011258987778174646,0.00045180995066235343,0.341,0.02695,1.34,2.7,22.11,24.9,0.1
2022-08-30 00:00:00+00:00,0.00403125,13.639647887323942,8.2240845,6.301197183098592,,0.18183098591549296,25.84790993031359,1.9642857142857142,3.2928571428571427,0.006071428571428571,0.010427042868457307,0.0005163542293284039,0.3375714285714286,0.026264285714285716,1.65,4.51,17.74,23.3,3.9
2022-08-31 00:00:00+00:00,0.003947916666666666,10.885454510489511,8.111328692307692,5.687342657342657,,0.12965034965034963,25.927875582608696,1.9285714285714286,3.335714285714286,0.005642857142857143,0.00959509795873997,0.0005808985079944544,0.3341428571428572,0.02557857142857143,2.94,3.83,23.73,22.3,0.0
2022-09-01 00:00:00+00:00,0.003958333333333334,11.216013993006992,8.002447587412588,5.448531468531469,,0.11006993006993007,25.53731739130435,1.8928571428571428,3.3785714285714286,0.005214285714285715,0.00876315304902263,0.0006454427866605049,0.33071428571428574,0.024892857142857144,1.79,3.26,24.07,21.6,0.0
2022-09-02 00:00:00+00:00,0.00390625,10.481958076923076,7.977552454545455,5.432937062937063,,0.10580419580419581,25.32888427826087,1.8571428571428572,3.4214285714285713,0.0047857142857142855,0.007931208139305293,0.0007099870653265554,0.3272857142857143,0.024207142857142858,1.9,3.05,23.55,22.2,0.0
2022-09-03 00:00:00+00:00,0.003958333333333334,13.33404255319149,8.01468085106383,5.669858156028369,,0.17666666666666667,25.35269392670157,1.8214285714285714,3.464285714285714,0.004357142857142857,0.007099263229587954,0.0007745313439926058,0.32385714285714284,0.02352142857142857,1.56,3.02,21.53,23.2,0.0
2022-09-04 00:00:00+00:00,0.008583333333333333,14.17652776388889,7.924027763888889,5.67763888888889,,0.22722222222222221,25.415193784722224,1.7857142857142858,3.507142857142857,0.003928571428571429,0.006267318319870616,0.0008390756226586563,0.32042857142857145,0.022835714285714286,1.93,3.3,18.45,23.1,0.5
2022-09-05 00:00:00+00:00,0.015177083333333334,10.187396402877699,5.854925326086956,5.790647482014388,103.84875,0.21028776978417266,25.13277875409836,1.75,3.55,0.0035,0.005435373410153278,0.0009036199013247069,0.317,0.02215,2.2,3.11,5.69,20.3,38.6
2022-09-06 00:00:00+00:00,0.009479166666666667,13.037412573426574,7.509370636363637,5.808671328671329,,0.17342657342657344,25.059063460869563,1.73125,3.55625,0.0035,0.005823614368021369,0.0008895008403665084,0.313,0.02224375,1.93,3.75,19.9,22.4,5.6
2022-09-07 00:00:00+00:00,0.00528125,10.674097249999999,7.842430597222222,5.549097222222223,,0.14263888888888887,25.40182482638889,1.7125,3.5625,0.0035,0.00621185532588946,0.0008753817794083098,0.309,0.0223375,2.31,3.06,20.79,21.9,1.1
2022-09-08 00:00:00+00:00,0.014552083333333334,12.575140838028169,7.319295774647887,5.981408450704225,,0.23422535211267603,24.786159477351916,1.69375,3.56875,0.0035,0.006600096283757552,0.0008612627184501113,0.305,0.02243125,1.73,3.45,15.06,20.5,3.1
2022-09-09 00:00:00+00:00,0.00671875,13.418741265734266,7.621608412587412,5.784895104895105,,0.2533566433566433,24.586796347826088,1.675,3.575,0.0035,0.006988337241625643,0.0008471436574919128,0.301,0.022525,1.84,3.8,19.16,20.7,0.3
2022-09-10 00:00:00+00:00,0.010083333333333333,13.78741258041958,7.664755244755244,5.654965034965035,,0.3341958041958042,24.021654034782607,1.65625,3.58125,0.0035,0.007376578199493734,0.0008330245965337142,0.297,0.02261875,2.2,3.11,5.44,17.9,6.7
2022-09-11 00:00:00+00:00,0.010822916666666666,16.785594405594406,7.2619580489510485,5.875874125874126,,0.5495804195804196,23.420712660869565,1.6375000000000002,3.5875,0.0035,0.007764819157361826,0.0008189055355755157,0.293,0.0227125,1.63,3.31,8.57,19.9,7.8
2022-09-12 00:00:00+00:00,0.008177083333333333,18.491439393939395,7.919090925619835,5.863181818181817,,0.5858333333333333,23.637219432624114,1.6187500000000001,3.59375,0.0035,0.008153060115229916,0.0008047864746173171,0.289,0.02280625,1.17,2.14,14.85,20.0,5.0
2022-09-13 00:00:00+00:00,0.006885416666666667,10.901321678321679,7.601969500856898,6.214825174825175,924.6964285714286,0.21356643356643357,23.172575412249707,1.6,3.6,0.0035,0.008541301073098008,0.0007906674136591186,0.285,0.0229,3.14,4.08,22.38,18.8,0.1
2022-09-14 00:00:00+00:00,0.00525,15.403749999999999,7.942916680555555,6.169791666666667,,0.2152777777777778,23.02538751736111,1.5833333333333335,3.575,0.0033333333333333335,0.008088353288918567,0.0007341911698263244,0.2791666666666667,0.022733333333333335,2.25,3.3,22.52,16.8,0.0
2022-09-15 00:00:00+00:00,0.004947916666666667,15.629583333333333,8.062222194444445,6.079791666666667,,0.22138888888888889,22.791725243055556,1.5666666666666667,3.5500000000000003,0.0031666666666666666,0.007635405504739129,0.0006777149259935302,0.2733333333333333,0.022566666666666665,1.91,2.75,20.81,17.8,0.0
2022-09-16 00:00:00+00:00,0.004875,17.14236111111111,8.212222166666667,6.190277777777777,,0.23590277777777777,22.823329427083333,1.55,3.5250000000000004,0.003,0.007182457720559688,0.000621238682160736,0.26749999999999996,0.0224,1.28,2.24,21.81,18.9,0.0
2022-09-17 00:00:00+00:00,0.004427083333333333,19.558055555555555,8.153333354166667,6.376388888888889,,0.26611111111111113,22.727136805555556,1.5333333333333334,3.5,0.0028333333333333335,0.006729509936380248,0.0005647624383279418,0.26166666666666666,0.022233333333333334,1.44,2.37,20.22,18.5,0.0
2022-09-18 00:00:00+00:00,0.0041875,17.36083916083916,8.556573377622378,6.110559440559441,,0.21776223776223777,22.602610660869566,1.5166666666666666,3.475,0.0026666666666666666,0.006276562152200809,0.0005082861944951476,0.25583333333333336,0.022066666666666665,1.53,3.08,18.72,18.9,0.0
2022-09-19 00:00:00+00:00,0.00421875,14.323350724637677,6.543990651933701,6.19,180.81676470588235,0.2603623188405797,22.850192030075185,1.5,3.45,0.0025,0.005823614368021369,0.00045180995066235343,0.25,0.0219,2.21,2.86,19.53,20.4,0.0
2022-09-20 00:00:00+00:00,0.0043125,18.626783216783217,8.860979006993006,6.185384615384615,,0.2509090909090909,23.168938469565216,1.4714285714285715,3.4071428571428575,0.002642857142857143,0.005601762392096745,0.0004195378113293282,0.25385714285714284,0.021249999999999998,2.23,3.19,21.27,21.8,0.0
2022-09-21 00:00:00+00:00,0.0040104166666666665,20.248251748251747,8.921608405594405,6.274265734265734,,0.29174825174825175,23.109033182608695,1.4428571428571428,3.3642857142857143,0.002785714285714286,0.005379910416172122,0.0003872656719963029,0.25771428571428573,0.0206,1.95,3.01,20.85,20.5,0.0
2022-09-22 00:00:00+00:00,0.00409375,16.361944444444443,8.754999965277777,5.865555555555556,,0.2390972222222222,23.24512111111111,1.4142857142857144,3.3214285714285716,0.002928571428571429,0.005158058440247498,0.0003549935326632777,0.26157142857142857,0.01995,3.88,6.58,15.89,21.0,0.2
2022-09-23 00:00:00+00:00,0.00378125,14.656573426573425,8.151398636363636,5.720769230769231,,0.23335664335664333,21.732450295652175,1.3857142857142857,3.278571428571429,0.0030714285714285713,0.004936206464322875,0.00032272139333025247,0.26542857142857146,0.0193,3.83,5.47,21.69,14.2,0.0
2022-09-24 00:00:00+00:00,0.00375,15.060070422535214,8.004577485915492,5.766267605633803,,0.27098591549295775,20.85977144599303,1.3571428571428572,3.235714285714286,0.0032142857142857142,0.004714354488398251,0.0002904492539972272,0.2692857142857143,0.01865,2.2,4.18,18.77,15.2,0.0
2022-09-25 00:00:00+00:00,0.00425,15.182447552447554,8.106993048951049,5.789300699300699,,0.29174825174825175,20.621485982608693,1.3285714285714287,3.192857142857143,0.003357142857142857,0.0044925025124736276,0.00025817711466420197,0.2731428571428572,0.018000000000000002,2.84,5.49,10.14,17.8,0.0
2022-09-26 00:00:00+00:00,0.004197916666666667,11.79181481481482,5.686001940721649,5.826888888888889,109.58309090909091,0.304,20.192421972872996,1.3,3.1500000000000004,0.0035,0.004270650536549004,0.00022590497533117671,0.277,0.01735,3.6,6.02,18.86,17.3,0.0
2022-09-27 00:00:00+00:00,0.004,12.930694437500001,8.044513923611111,5.761527777777777,,0.2959027777777778,19.981551909722224,1.2357142857142858,3.107142857142857,0.0035,0.01963389986932919,0.0003549935326632777,0.29750000000000004,0.018107142857142856,2.53,4.78,19.88,14.6,0.0
2022-09-28 00:00:00+00:00,0.004,12.723706286713286,7.98944058041958,5.582867132867133,,0.3336363636363636,19.413719808695653,1.1714285714285715,3.0642857142857145,0.0035,0.034997149202109376,0.0004840820899953786,0.318,0.018864285714285715,2.66,3.96,20.53,12.3,0.0
2022-09-29 00:00:00+00:00,0.003895833333333333,13.15,7.988181874125874,5.501118881118881,,0.39083916083916087,18.640727478260867,1.1071428571428572,3.0214285714285714,0.0035,0.05036039853488955,0.0006131706473274796,0.3385,0.01962142857142857,3.62,4.49,18.78,12.8,0.0
2022-09-30 00:00:00+00:00,0.006375,13.367291666666667,7.698750020833334,5.452916666666667,,0.4265277777777778,17.675235659722222,1.042857142857143,2.9785714285714286,0.0035,0.06572364786766974,0.0007422592046595805,0.359,0.02037857142857143,3.54,5.47,2.8,10.2,21.6
2022-10-01 00:00:00+00:00,0.030385416666666665,14.413496503496503,7.491188811188811,5.198181818181818,,0.5062937062937063,16.25428055652174,0.9785714285714285,2.9357142857142855,0.0035,0.08108689720044991,0.0008713477619916814,0.3795,0.021135714285714285,3.89,6.21,2.52,10.7,55.7
2022-10-02 00:00:00+00:00,0.011697916666666667,13.641736111111111,7.221805555555556,5.477847222222222,,0.48750000000000004,15.578467274305556,0.9142857142857143,2.892857142857143,0.0035,0.0964501465332301,0.0010004363193237824,0.39999999999999997,0.021892857142857144,2.96,3.9,2.51,11.4,6.2
2022-10-03 00:00:00+00:00,0.0078125,12.447039419014086,5.534392474048443,5.602887323943662,368.49,0.4356338028169014,15.363637190243903,0.85,2.8499999999999996,0.0035,0.11181339586601029,0.0011295248766558833,0.4205,0.02265,3.25,4.34,18.8,11.8,0.7
2022-10-04 00:00:00+00:00,0.0062187499999999995,10.943958340277778,7.859791694444444,5.752222222222223,,0.40645833333333337,15.530416874999998,0.98125,2.83125,0.0035,0.11021190191480441,0.0012283583033632732,0.4208125,0.0224875,3.08,4.41,12.18,10.8,0.0
2022-10-05 00:00:00+00:00,0.005583333333333333,9.944097256944444,7.887361125,5.858888888888888,,0.38416666666666666,15.372238368055555,1.1124999999999998,2.8125,0.0035,0.10861040796359853,0.001327191730070663,0.42112499999999997,0.022325,3.37,4.36,15.99,13.6,0.0
2022-10-06 00:00:00+00:00,0.00503125,9.54321679020979,7.993706335664335,5.8988811188811185,,0.3904195804195804,15.58179140869565,1.24375,2.7937499999999997,0.0035,0.10700891401239265,0.0014260251567780528,0.42143749999999996,0.0221625,2.26,3.26,18.46,13.9,0.0
2022-10-07 00:00:00+00:00,0.004989583333333334,9.929300685314686,8.242097986013986,5.857342657342658,,0.4059440559440559,15.857396991304347,1.375,2.775,0.0035,0.10540742006118678,0.0015248585834854427,0.42174999999999996,0.022,2.65,3.6,17.83,14.7,0.0
2022-10-08 00:00:00+00:00,0.004760416666666667,9.622746471830986,8.882253542253522,5.764647887323944,,0.41633802816901405,15.885114459930316,1.5062499999999999,2.75625,0.0035,0.1038059261099809,0.0016236920101928326,0.4220625,0.0218375,3.18,4.46,18.22,11.6,0.0
2022-10-09 00:00:00+00:00,0.0046770833333333334,9.390277791666668,8.863472236111111,5.771527777777778,,0.4253472222222222,15.13025875,1.6374999999999997,2.7375,0.0035,0.10220443215877503,0.0017225254369002223,0.422375,0.021675,2.18,2.98,19.09,8.3,0.0
2022-10-10 00:00:00+00:00,0.004666666666666667,8.85125,8.851805506944444,5.721319444444444,,0.4113888888888889,14.973937899305557,1.7687499999999998,2.71875,0.0035,0.10060293820756915,0.001821358863607612,0.4226875,0.0215125,1.9,3.12,18.89,9.3,0.0
2022-10-11 00:00:00+00:00,0.004635416666666667,9.917297615476208,7.245777859611231,5.715928571428572,894.3916666666667,0.4382857142857143,14.602125356750824,1.9,2.7,0.0035,0.09900144425636327,0.001920192290315002,0.423,0.02135,1.71,2.48,17.42,10.2,0.0
2022-10-12 00:00:00+00:00,0.004479166666666667,10.204755223776225,8.97706290909091,5.742867132867133,,0.4658741258741259,14.581257130434782,1.9,2.8916666666666666,0.004,0.09188369336211494,0.00216492268025711,0.41225,0.021150000000000002,2.19,5.36,13.65,12.3,0.0
2022-10-13 00:00:00+00:00,0.0054687500000000005,11.412916659722221,9.323541624999999,5.7531944444444445,,0.4936111111111111,14.976961909722222,1.9,3.0833333333333335,0.0045,0.08476594246786659,0.0024096530701992183,0.40149999999999997,0.02095,3.33,5.04,13.11,16.4,2.4
2022-10-14 00:00:00+00:00,0.0050416666666666665,10.465416673611111,9.128194479166666,5.7304861111111105,,0.4378472222222222,14.886911371527779,1.9,3.2750000000000004,0.005,0.07764819157361826,0.0026543834601413263,0.39075,0.020749999999999998,2.55,4.1,17.94,12.6,0.0
2022-10-15 00:00:00+00:00,0.0048020833333333336,10.62244755944056,9.415944006993007,5.69006993006993,,0.4334265734265734,14.821652173913044,1.9,3.466666666666667,0.0055,0.07053044067936991,0.0028991138500834342,0.38,0.02055,2.09,4.78,17.09,13.0,0.0
2022-10-16 00:00:00+00:00,0.005395833333333333,11.44249998611111,9.558402756944444,5.636041666666667,,0.43555555555555553,15.121568003472223,1.9,3.658333333333333,0.006,0.06341268978512157,0.0031438442400255426,0.36924999999999997,0.02035,2.77,4.1,10.6,15.5,1.7
2022-10-17 00:00:00+00:00,0.005729166666666667,11.899296969696987,8.803448350574712,5.726853146853148,88.09992307692308,0.5406293706293707,15.03598860235393,1.9,3.85,0.0065,0.05629493889087323,0.0033885746299676506,0.3585,0.020149999999999998,2.58,5.82,12.9,13.9,4.3
2022-10-18 00:00:00+00:00,0.00515625,12.31270832638889,9.462638923611111,5.628402777777778,,0.4390972222222222,14.348288645833334,1.864285714285714,3.7285714285714286,0.006071428571428571,0.06821948259682174,0.0033401664209681127,0.375,0.02039285714285714,4.39,6.44,15.97,5.8,0.0
2022-10-19 00:00:00+00:00,0.004989583333333334,11.971468531468531,8.26629372027972,5.3348951048951045,,0.43,13.339170069565217,1.8285714285714285,3.607142857142857,0.005642857142857143,0.08014402630277026,0.0032917582119685747,0.39149999999999996,0.020635714285714285,4.0,5.46,11.46,4.6,0.0
2022-10-20 00:00:00+00:00,0.004895833333333334,11.116527777777778,7.991875020833334,5.255277777777778,,0.4253472222222222,12.688509340277777,1.7928571428571427,3.4857142857142858,0.005214285714285715,0.09206857000871878,0.003243350002969037,0.408,0.020878571428571427,2.36,3.49,17.05,5.9,0.0
2022-10-21 00:00:00+00:00,0.004989583333333334,11.716111111111111,8.5515276875,5.374097222222222,,0.4236111111111111,12.504915364583333,1.7571428571428571,3.3642857142857143,0.0047857142857142855,0.1039931137146673,0.0031949417939694993,0.4245,0.021121428571428572,2.03,3.57,16.82,7.5,0.0
2022-10-22 00:00:00+00:00,0.004947916666666667,10.802569416666666,8.704166743055556,5.413888888888889,,0.3970138888888889,12.528832100694444,1.7214285714285713,3.242857142857143,0.004357142857142857,0.1159176574206158,0.0031465335849699613,0.44099999999999995,0.021364285714285714,1.51,2.44,16.46,8.8,0.0
2022-10-23 00:00:00+00:00,0.004989583333333334,10.495277770833333,8.922986076388888,5.387222222222222,,0.37986111111111115,12.922320277777779,1.6857142857142857,3.1214285714285714,0.003928571428571429,0.12784220112656433,0.0030981253759704234,0.45749999999999996,0.02160714285714286,1.67,2.88,16.38,10.4,0.0
2022-10-24 00:00:00+00:00,0.004989583333333334,9.091790288194446,7.549377536986301,5.424027777777777,993.4691666666666,0.39875,13.224338762157384,1.65,3.0,0.0035,0.13976674483251283,0.0030497171669708854,0.474,0.02185,1.46,2.83,16.24,11.1,0.0
2022-10-25 00:00:00+00:00,0.004927083333333334,12.099027784722223,9.041805513888889,5.465,,0.4189583333333333,13.001499045138889,1.64,3.0566666666666666,0.0038666666666666667,0.1309407337236449,0.0028464026891728265,0.4706333333333333,0.02289,1.8,3.12,15.42,12.0,0.0
2022-10-26 00:00:00+00:00,0.005302083333333333,14.388333333333334,9.367986131944445,5.517013888888889,,0.49173611111111115,13.264160868055555,1.63,3.1133333333333333,0.004233333333333334,0.12211472261477696,0.0026430882113747676,0.46726666666666666,0.02393,2.37,4.3,8.35,13.3,12.8
2022-10-27 00:00:00+00:00,0.0050729166666666665,12.536013979020979,9.578391629370628,5.467342657342658,,0.3807692307692308,13.529101346153846,1.6199999999999999,3.17,0.0046,0.11328871150590901,0.002439773733576708,0.4639,0.024970000000000003,3.0,4.89,15.57,11.3,0.0
2022-10-28 00:00:00+00:00,0.004916666666666667,12.981249993055556,9.490763840277777,5.493819444444444,,0.385625,13.155679600694445,1.6099999999999999,3.2266666666666666,0.004966666666666666,0.10446270039704107,0.0022364592557786492,0.4605333333333333,0.026010000000000002,2.08,3.32,12.72,8.3,0.0
2022-10-29 00:00:00+00:00,0.004927083333333334,14.377424242424242,9.303939356060607,5.555757575757576,,0.4448484848484848,13.151720283687943,1.5999999999999999,3.283333333333333,0.005333333333333333,0.09563668928817312,0.0020331447779805903,0.45716666666666667,0.02705,1.37,3.22,12.05,10.7,0.0
2022-10-30 00:00:00+00:00,0.004864583333333334,15.596056338028168,9.535704274647888,5.606197183098592,,0.502887323943662,13.066157229965157,1.5899999999999999,3.34,0.0057,0.08681067817930518,0.0018298303001825311,0.4538,0.028090000000000004,1.49,2.5,7.98,9.0,0.0
2022-10-31 00:00:00+00:00,0.006072916666666667,15.539583333333333,9.53743054861111,5.613611111111111,,0.4826388888888889,13.013962760416668,1.5799999999999998,3.3966666666666665,0.006066666666666666,0.07798466707043725,0.0016265158223844722,0.4504333333333333,0.029130000000000003,1.5,2.92,3.48,10.5,12.8
2022-11-01 00:00:00+00:00,0.0057708333333333335,17.614722222222223,7.94232744716981,5.558958333333333,226.55256818181817,0.48874999999999996,13.191193728470113,1.5699999999999998,3.453333333333333,0.006433333333333333,0.06915865596156931,0.001423201344586413,0.44706666666666667,0.030170000000000002,2.31,4.25,12.5,12.7,1.0
2022-11-02 00:00:00+00:00,0.005239583333333333,14.04791667361111,10.029722243055556,5.595902777777777,,0.41729166666666667,13.38662359375,1.56,3.51,0.0068,0.06033264485270136,0.001219886866788354,0.4437,0.03121,1.87,3.38,7.21,11.9,0.3
2022-11-03 00:00:00+00:00,0.005104166666666667,16.388251748251747,10.011398587412588,5.679020979020979,,0.4832867132867133,13.531478817391303,1.55,3.5666666666666664,0.007166666666666667,0.05150663374383342,0.0010165723889902951,0.4403333333333333,0.03225,1.22,1.98,12.73,12.7,0.5
2022-11-04 00:00:00+00:00,0.0050104166666666665,21.993006993006993,10.490209762237761,5.754195804195804,,0.7509090909090909,13.627207530434783,1.54,3.623333333333333,0.007533333333333333,0.042680622634965484,0.0008132579111922358,0.43696666666666667,0.03329,1.39,2.66,13.62,13.4,0.0
2022-11-05 00:00:00+00:00,0.005427083333333333,29.397183098591547,10.456197176056339,5.777394366197183,,1.068661971830986,13.845156463414634,1.53,3.6799999999999997,0.007899999999999999,0.03385461152609753,0.0006099434333941768,0.4336,0.03433,3.14,4.51,6.48,16.6,5.3
2022-11-06 00:00:00+00:00,0.009625,33.23774647887324,10.778239436619717,5.71556338028169,,1.184718309859155,14.528796289198608,1.52,3.7366666666666664,0.008266666666666667,0.025028600417229596,0.0004066289555961179,0.4302333333333333,0.035370000000000006,3.81,5.06,7.04,18.8,7.4
2022-11-07 00:00:00+00:00,0.00734375,29.317112676056336,10.48342655944056,5.745034965034964,,0.9497202797202797,15.353930191304348,1.51,3.793333333333333,0.008633333333333333,0.01620258930836166,0.00020331447779805894,0.42686666666666667,0.036410000000000005,1.96,3.31,12.53,18.2,0.0
2022-11-08 00:00:00+00:00,0.005718750000000001,19.32456083916084,9.588481073995771,5.726013986013986,824.9733333333334,0.6026573426573427,15.599015915290739,1.5,3.8499999999999996,0.009,0.007376578199493734,0.0,0.4235,0.037450000000000004,2.71,3.61,14.0,12.5,0.0
2022-11-09 00:00:00+00:00,0.00515625,24.964545454545455,11.074825174825175,5.7784615384615385,,0.6677622377622378,14.480058834782609,1.51875,3.8625,0.0091875,0.015384047955523115,0.0003388574629967651,0.41962499999999997,0.0362625,2.01,2.73,13.74,7.3,0.0
2022-11-10 00:00:00+00:00,0.0050416666666666665,28.023916083916085,10.7844444375,5.799722222222222,,0.7659027777777778,13.9869678125,1.5375,3.875,0.009375,0.023391517711552498,0.0006777149259935302,0.41575,0.035075,1.66,2.86,9.56,10.2,0.0
2022-11-11 00:00:00+00:00,0.061885416666666665,25.37402777777778,10.433888895833332,5.938541666666667,,0.6916666666666667,14.207658506944444,1.55625,3.8874999999999997,0.0095625,0.03139898746758188,0.0010165723889902954,0.411875,0.0338875,3.3,5.69,3.85,15.1,30.7
2022-11-12 00:00:00+00:00,0.03632291666666667,27.324861118055555,10.00222223611111,6.916805555555555,,0.710625,14.5121775,1.575,3.9,0.00975,0.03940645722361126,0.0013554298519870603,0.40800000000000003,0.03270000000000001,3.61,5.74,10.02,15.4,8.4
2022-11-13 00:00:00+00:00,0.016541666666666666,22.243194444444445,9.975347152777779,7.549791666666668,,0.5877083333333333,13.707813350694444,1.59375,3.9125,0.0099375,0.04741392697964064,0.0016942873149838255,0.404125,0.031512500000000006,5.3,6.29,13.23,4.4,0.0
2022-11-14 00:00:00+00:00,0.010697916666666666,18.41951048951049,8.518461531468532,7.052797202797202,,0.5730769230769232,12.179898626086956,1.6124999999999998,3.925,0.010125,0.05542139673567002,0.0020331447779805907,0.40025,0.030325000000000005,1.99,4.03,13.02,1.2,0.0
2022-11-15 00:00:00+00:00,0.01623958333333333,19.581527777777776,8.703055493055555,7.090624999999999,,0.6065972222222222,11.384868472222221,1.6312499999999999,3.9375,0.0103125,0.0634288664916994,0.0023720022409773555,0.39637500000000003,0.029137500000000004,1.95,3.62,1.9,1.2,15.2
2022-11-16 00:00:00+00:00,0.018645833333333334,18.772313888888924,8.23324988405797,7.173402777777778,778.315223880597,0.6121527777777778,11.059055451950522,1.65,3.95,0.0105,0.07143633624772878,0.0027108597039741207,0.3925,0.027950000000000003,2.99,4.96,11.34,3.6,6.7
2022-11-17 00:00:00+00:00,0.013072916666666665,16.007638888888888,9.3535416875,7.248819444444444,,0.5400694444444444,10.374220855902777,1.7041666666666666,3.9333333333333336,0.01025,0.0660009628375755,0.002484954728642944,0.38675000000000004,0.027812500000000004,3.45,4.79,12.84,1.0,0.0
2022-11-18 00:00:00+00:00,0.010489583333333332,18.588380281690142,9.782957711267604,7.270915492957747,,0.6547183098591549,9.644880529616724,1.7583333333333333,3.916666666666667,0.01,0.06056558942742223,0.002259049753311767,0.381,0.027675,2.93,5.47,11.61,-0.0,0.0
2022-11-19 00:00:00+00:00,0.00921875,20.727972027972026,10.257638888888888,7.3093055555555555,,0.7552777777777778,8.96888371875,1.8125,3.9000000000000004,0.00975,0.05513021601726895,0.0020331447779805903,0.37525000000000003,0.027537500000000003,2.29,3.89,12.19,1.3,0.0
2022-11-20 00:00:00+00:00,0.008979166666666667,18.945,10.801478873239436,7.296478873239436,,0.6888028169014084,8.30114362891986,1.8666666666666665,3.8833333333333333,0.0095,0.04969484260711568,0.0018072398026494137,0.3695,0.0274,4.45,6.13,12.87,0.0,0.0
2022-11-21 00:00:00+00:00,0.007854166666666667,20.114755244755244,11.104999999999999,7.26986111111111,,0.7781944444444444,7.726610986111112,1.9208333333333332,3.8666666666666667,0.009250000000000001,0.0442594691969624,0.001581334827318237,0.36375,0.027262500000000002,2.2,3.54,12.56,-0.7,0.0
2022-11-22 00:00:00+00:00,0.00759375,18.66104895104895,11.60020979020979,7.166993006993008,,0.7618181818181818,7.410628119999999,1.9749999999999999,3.85,0.009000000000000001,0.03882409578680912,0.0013554298519870603,0.358,0.027125000000000003,2.06,2.86,12.38,2.0,0.0
2022-11-23 00:00:00+00:00,0.0076458333333333335,17.56993055555556,11.947291666666667,7.094722222222222,,0.6875694444444445,7.351499399305556,2.0291666666666663,3.8333333333333335,0.00875,0.03338872237665585,0.0011295248766558835,0.35225,0.0269875,1.94,3.13,12.13,4.0,0.0
2022-11-24 00:00:00+00:00,0.007197916666666668,18.72965277777778,12.045069444444444,7.100625,,0.7536111111111111,7.204344690972222,2.083333333333333,3.816666666666667,0.0085,0.02795334896650257,0.0009036199013247067,0.34650000000000003,0.026850000000000002,1.77,2.3,11.6,4.1,0.0
2022-11-25 00:00:00+00:00,0.00728125,15.866736111111111,12.304652777777777,7.042291666666667,,0.67625,7.394664022569444,2.1374999999999997,3.8,0.00825,0.02251797555634929,0.00067771492599353,0.34075,0.0267125,3.0,6.37,6.53,7.5,0.0
2022-11-26 00:00:00+00:00,0.0071041666666666675,15.21958334027778,12.427083333333334,6.976527777777778,,0.6345833333333333,7.493676880208333,2.1916666666666664,3.783333333333333,0.008,0.017082602146196016,0.00045180995066235316,0.335,0.026575,2.78,4.22,11.2,6.3,0.0
2022-11-27 00:00:00+00:00,0.007552083333333333,16.306111104166668,12.339930555555556,7.001111111111111,,0.6913194444444444,7.417589888888888,2.245833333333333,3.7666666666666666,0.00775,0.011647228736042736,0.0002259049753311768,0.32925,0.0264375,2.37,5.17,3.5,8.4,5.7
2022-11-28 00:00:00+00:00,0.007375,16.97318571785714,11.028696304849886,6.970425531914894,742.3545833333333,0.6630496453900709,7.730139340112995,2.3,3.75,0.0075,0.00621185532588946,0.0,0.3235,0.0263,3.38,4.96,8.15,9.9,0.0
2022-11-29 00:00:00+00:00,0.006822916666666667,15.562097902097904,12.46132867132867,6.960489510489511,,0.6231468531468531,7.569514168695652,2.3428571428571425,3.7535714285714286,0.007535714285714285,0.006683290774729285,8.068034833256311e-06,0.3199642857142857,0.026239285714285715,1.98,3.72,10.94,4.8,0.0
2022-11-30 00:00:00+00:00,0.00971875,17.240069444444444,12.414444444444445,6.956111111111111,,0.6545833333333334,7.617875229166667,2.3857142857142857,3.757142857142857,0.007571428571428571,0.00715472622356911,1.6136069666512623e-05,0.31642857142857145,0.02617857142857143,3.9,6.71,5.3,8.6,14.1
2022-12-01 00:00:00+00:00,0.008979166666666667,15.580209783216782,12.393356643356643,6.917762237762238,,0.6355244755244754,7.272676354782608,2.4285714285714284,3.7607142857142857,0.007607142857142857,0.007626161672408935,2.4204104499768933e-05,0.31289285714285714,0.026117857142857144,3.95,5.1,10.73,1.6,0.0
2022-12-02 00:00:00+00:00,0.008052083333333333,15.490559447552448,12.405416666666667,6.93,,0.5943055555555555,6.876171118055556,2.471428571428571,3.7642857142857142,0.007642857142857143,0.00809759712124876,3.2272139333025246e-05,0.3093571428571429,0.02605714285714286,1.93,3.36,10.6,0.4,0.0
2022-12-03 00:00:00+00:00,0.010447916666666666,13.099861125,12.391180555555556,6.970138888888889,,0.5452083333333334,6.825368043402778,2.5142857142857142,3.767857142857143,0.007678571428571429,0.008569032570088585,4.034017416628156e-05,0.3058214285714286,0.025996428571428573,3.16,4.83,4.0,9.0,10.7
2022-12-04 00:00:00+00:00,0.0095,12.121888097902099,12.444236111111111,6.85083916083916,,0.4872916666666667,6.672600788194445,2.557142857142857,3.7714285714285714,0.007714285714285714,0.00904046801892841,4.8408208999537865e-05,0.3022857142857143,0.025935714285714288,2.82,5.52,8.56,3.8,0.0
2022-12-05 00:00:00+00:00,0.009166666666666667,12.389020986013985,12.520416666666668,6.859583333333333,,0.4911111111111111,6.378957203125,2.5999999999999996,3.775,0.00775,0.009511903467768236,5.647624383279418e-05,0.29875,0.025875000000000002,2.12,3.14,9.6,-0.2,0.0
2022-12-06 00:00:00+00:00,0.012697916666666668,11.471063836879432,12.45986013986014,6.858601398601398,,0.49440559440559445,6.283557612173913,2.642857142857143,3.7785714285714285,0.007785714285714286,0.00998333891660806,6.454427866605049e-05,0.2952142857142857,0.025814285714285713,1.91,3.04,3.22,4.2,13.0
2022-12-07 00:00:00+00:00,0.015875,9.594374993055556,12.400277777777779,6.8325,,0.3951388888888889,6.69260746875,2.6857142857142855,3.782142857142857,0.007821428571428571,0.010454774365447886,7.26123134993068e-05,0.29167857142857145,0.025753571428571428,0.79,1.7,2.74,7.8,10.9
2022-12-08 00:00:00+00:00,0.015291666666666667,9.638098570422535,12.248521126760563,6.883239436619718,,0.4034507042253521,6.984494590592334,2.7285714285714286,3.7857142857142856,0.007857142857142858,0.01092620981428771,8.068034833256312e-05,0.28814285714285715,0.025692857142857142,2.04,3.11,3.11,9.8,1.7
2022-12-09 00:00:00+00:00,0.015958333333333335,8.056993013986014,12.190000000000001,6.846643356643357,,0.33384615384615385,7.173438893913044,2.7714285714285714,3.789285714285714,0.007892857142857142,0.011397645263127535,8.874838316581942e-05,0.2846071428571429,0.025632142857142857,1.84,2.4,4.17,7.0,4.4
2022-12-10 00:00:00+00:00,0.013697916666666666,8.916041680555557,12.089722222222223,6.899375,,0.38749999999999996,6.976068493055555,2.814285714285714,3.7928571428571427,0.007928571428571429,0.01186908071196736,9.681641799907573e-05,0.2810714285714286,0.02557142857142857,1.66,2.37,6.04,4.5,1.2
2022-12-11 00:00:00+00:00,0.01159375,8.575460992907802,12.22517730496454,6.843758865248227,,0.3673049645390071,6.94815139965096,2.8571428571428568,3.7964285714285713,0.007964285714285714,0.012340516160807186,0.00010488445283233205,0.27753571428571433,0.025510714285714286,1.09,1.93,4.23,4.1,0.0
2022-12-12 00:00:00+00:00,0.010468749999999999,9.163510362637366,10.429326470588236,6.805238095238096,119.988625,0.34031746031746035,6.840043617067834,2.9,3.8,0.008,0.01281195160964701,0.00011295248766558836,0.274,0.02545,2.47,3.64,10.66,3.6,0.0
2022-12-17 00:00:00+00:00,0.01659375,5.489130413043478,12.034444444444444,6.41,,0.4156521739130435,5.589153384937239,2.890566037735849,3.7386792452830186,0.007952830188679245,0.012702072093269248,0.0002727909136074587,0.27013207547169815,0.02555377358490566,3.01,4.77,9.56,1.6,0.0
2022-12-18 00:00:00+00:00,0.01340625,5.557608702898551,11.955620437956204,6.410579710144927,,0.40195652173913043,5.330995222807018,2.8886792452830186,3.7264150943396226,0.007943396226415095,0.012680096189993696,0.0003047585987958327,0.2693584905660378,0.025574528301886792,3.37,5.66,10.54,-1.0,0.0
2022-12-19 00:00:00+00:00,0.011104166666666667,5.552463775362319,12.08927536231884,6.37695652173913,,0.40702898550724637,4.914273938596491,2.8867924528301887,3.714150943396226,0.007933962264150943,0.012658120286718144,0.0003367262839842068,0.2685849056603774,0.025595283018867925,2.99,3.66,8.44,-2.1,0.0
2022-12-20 00:00:00+00:00,0.009979166666666666,5.623428578571429,12.075357142857143,6.384142857142857,,0.41128571428571425,4.646839248251748,2.8849056603773584,3.70188679245283,0.007924528301886792,0.012636144383442592,0.00036869396917258085,0.267811320754717,0.025616037735849057,1.86,3.54,10.32,-1.6,0.0
2022-12-21 00:00:00+00:00,0.009364583333333334,5.935314692307692,12.203356643356642,6.357202797202797,,0.41853146853146855,4.3663240295652175,2.883018867924528,3.689622641509434,0.007915094339622642,0.01261416848016704,0.0004006616543609549,0.2670377358490566,0.02563679245283019,1.44,2.18,10.39,-1.1,0.0
2022-12-22 00:00:00+00:00,0.025135416666666664,6.871631205673759,12.356382978723405,6.267801418439716,,0.47,4.267874314136126,2.881132075471698,3.6773584905660375,0.00790566037735849,0.012592192576891486,0.000432629339549329,0.2662641509433962,0.02565754716981132,2.36,4.39,0.9,0.1,40.3
2022-12-23 00:00:00+00:00,0.0328125,7.143802823943662,12.503120567375888,6.207746478873239,,0.46147887323943665,3.997792919860627,2.879245283018868,3.6650943396226414,0.00789622641509434,0.012570216673615934,0.000464597024737703,0.26549056603773585,0.025678301886792453,5.43,9.73,11.34,-4.9,2.6
2022-12-24 00:00:00+00:00,0.020739583333333332,7.459999979166666,12.730833333333333,6.280555555555555,,0.4986111111111111,2.779699967013889,2.8773584905660377,3.652830188679245,0.007886792452830188,0.012548240770340382,0.0004965647099260771,0.2647169811320755,0.025699056603773585,5.38,6.89,10.97,-13.6,0.0
2022-12-25 00:00:00+00:00,0.016229166666666666,7.329851851851852,13.005851851851851,6.242148148148147,,0.5048148148148148,1.8850667340388008,2.8754716981132074,3.640566037735849,0.007877358490566038,0.01252626486706483,0.0005285323951144512,0.2639433962264151,0.025719811320754717,5.49,7.67,10.94,-7.7,0.0
2022-12-26 00:00:00+00:00,0.013625,8.387794147058823,13.236691176470588,6.217037037037037,,0.5499264705882353,2.238511977112676,2.873584905660377,3.628301886792453,0.007867924528301887,0.012504288963789278,0.0005605000803028253,0.26316981132075473,0.02574056603773585,2.58,3.98,8.21,-5.1,0.0
2022-12-27 00:00:00+00:00,0.011177083333333332,8.014714285714286,13.321714285714286,6.238928571428572,,0.5602857142857143,2.4350226363636365,2.871698113207547,3.6160377358490563,0.007858490566037737,0.012482313060513726,0.0005924677654911993,0.26239622641509436,0.02576132075471698,1.73,3.19,10.55,-1.3,0.0
2022-12-28 00:00:00+00:00,0.010864583333333332,8.179999958041957,13.337692307692308,6.204055944055944,,0.5593006993006994,2.7286717495652173,2.869811320754717,3.6037735849056602,0.007849056603773585,0.012460337157238174,0.0006244354506795734,0.261622641509434,0.025782075471698113,1.61,3.08,10.71,0.1,0.0
2022-12-29 00:00:00+00:00,0.010645833333333334,7.556842105263159,13.403157894736841,6.201578947368421,,0.5205263157894737,2.963549201773836,2.8679245283018866,3.591509433962264,0.007839622641509433,0.01243836125396262,0.0006564031358679475,0.2608490566037736,0.025802830188679245,1.58,3.11,10.56,1.8,0.0
2023-01-02 00:00:00+00:00,0.010083333333333333,7.568780487804878,13.271176470588234,5.784634146341463,,0.4851219512195122,3.8716253995771672,2.860377358490566,3.542452830188679,0.00780188679245283,0.012350457640860412,0.0007842738766214438,0.2577547169811321,0.025885849056603773,2.12,2.94,8.68,9.5,0.0
2023-01-03 00:00:00+00:00,0.0099375,7.772605654929577,13.104647887323942,5.787957746478873,,0.4750704225352112,4.181427151567944,2.8584905660377355,3.530188679245283,0.007792452830188679,0.01232848173758486,0.0008162415618098177,0.25698113207547174,0.025906603773584905,2.06,5.1,5.37,11.2,0.0
2023-01-04 00:00:00+00:00,0.00965625,8.808417287769783,13.086546762589927,5.730143884892087,,0.48338129496402876,4.866089443082312,2.8566037735849057,3.5179245283018865,0.007783018867924528,0.012306505834309308,0.0008482092469981918,0.2562075471698113,0.025927358490566037,2.28,4.19,2.63,12.9,6.1
2023-01-05 00:00:00+00:00,0.00959375,7.956223776223776,13.112657342657341,5.673356643356643,,0.442937062937063,5.000375224347826,2.8547169811320754,3.5056603773584905,0.0077735849056603775,0.012284529931033754,0.0008801769321865659,0.25543396226415094,0.02594811320754717,2.48,4.4,10.27,9.5,0.0
2023-01-06 00:00:00+00:00,0.009333333333333334,7.536338056338029,13.06176056338028,5.628521126760563,,0.44711267605633803,5.052758921602788,2.852830188679245,3.4933962264150944,0.007764150943396227,0.012262554027758202,0.00091214461737494,0.25466037735849056,0.0259688679245283,3.37,5.39,10.06,4.8,0.0
2023-01-07 00:00:00+00:00,0.009125,7.317291666666667,13.094722222222224,5.584722222222222,,0.45006944444444447,5.042778428819444,2.850943396226415,3.481132075471698,0.007754716981132076,0.01224057812448265,0.000944112302563314,0.2538867924528302,0.025989622641509433,2.41,3.27,9.95,2.4,0.0
2023-01-08 00:00:00+00:00,0.010010416666666666,7.141398559440559,12.973776223776223,5.593916083916084,,0.4465734265734266,4.818092086956522,2.849056603773585,3.468867924528302,0.007745283018867924,0.012218602221207098,0.0009760799877516881,0.2531132075471698,0.02601037735849057,1.99,3.09,2.89,0.1,4.4
2023-01-09 00:00:00+00:00,0.011062500000000001,6.830839153846155,12.901958041958043,5.568041958041958,,0.4229370629370629,4.740699448695652,2.8471698113207546,3.4566037735849053,0.007735849056603773,0.012196626317931546,0.0010080476729400622,0.25233962264150944,0.0260311320754717,3.26,5.11,11.38,2.1,3.1
2023-01-10 00:00:00+00:00,0.010041666666666666,6.802152777777778,12.986666666666666,5.533680555555556,,0.42833333333333334,4.5365068993055555,,,,,,,,2.62,4.4,9.32,0.9,0.0
2023-01-11 00:00:00+00:00,0.00985263157894737,6.540839153846154,11.372047590361445,5.5462937062937065,300.6185135135135,0.4244055944055944,4.407508835205992,,,,,,,,1.48,3.19,7.14,1.4,0.0
2023-01-12 00:00:00+00:00,0.012624999999999999,6.704055965034964,12.952587412587413,5.544125874125874,,0.4509090909090909,4.442904431304347,,,,,,,,1.93,4.69,4.78,5.3,1.5
2023-01-13 00:00:00+00:00,0.019260416666666665,6.5637143,12.926214285714286,5.540214285714286,,0.41600000000000004,4.720948952797203,,,,,,,,4.85,6.9,10.75,6.0,14.5
2023-01-14 00:00:00+00:00,0.016322916666666666,6.157986111111111,12.928819444444445,5.481597222222223,,0.3915972222222222,4.340138378472222,,,,,,,,5.61,7.12,11.11,-0.5,0.0
2023-01-15 00:00:00+00:00,0.013875,5.674513895833333,13.031180555555556,5.487638888888889,,0.4004861111111111,3.5168924461805555,,,,,,,,4.37,6.51,12.11,-1.1,0.0
2023-01-16 00:00:00+00:00,0.012239583333333333,5.3957042183098585,13.097605633802816,5.4782394366197185,,0.40169014084507043,3.227797168989547,,,,,,,,2.18,3.72,10.38,0.7,0.0
2023-01-17 00:00:00+00:00,0.012927083333333332,5.512657342657342,13.046853146853147,5.453426573426573,,0.39573426573426573,3.4189961304347825,,,,,,,,1.36,3.33,4.97,5.6,7.5
2023-01-18 00:00:00+00:00,0.011770833333333333,6.303380281690141,12.98218309859155,5.413943661971831,,0.40992957746478875,3.7486820017421603,,,,,,,,3.33,5.1,9.25,8.7,0.0
2023-01-19 00:00:00+00:00,0.011822916666666667,6.034861111111111,13.014027777777777,5.347916666666666,,0.39340277777777777,4.300391546875,,,,,,,,2.95,6.03,3.91,9.1,3.3
2023-01-20 00:00:00+00:00,0.0106875,6.319650342657343,12.867832167832168,5.351048951048951,,0.3905594405594406,4.319877153043478,,,,,,,,4.52,7.21,11.04,6.1,0.0
2023-01-21 00:00:00+00:00,0.01040625,6.196041673611111,12.913680555555555,5.297152777777778,,0.391875,4.378214421875,,,,,,,,2.46,4.61,12.05,1.7,0.0
2023-01-22 00:00:00+00:00,0.010937500000000001,6.572847215277778,12.898055555555555,5.302986111111111,,0.4095138888888889,4.245156342013889,,,,,,,,1.8,3.54,1.97,0.1,2.7
2023-01-23 00:00:00+00:00,0.010666666666666666,6.830633795774649,12.85661971830986,5.297535211267606,,0.4119718309859155,4.227866242160279,,,,,,,,3.96,6.4,9.61,2.1,2.6
2023-01-24 00:00:00+00:00,0.010041666666666666,6.15030304040404,12.954545454545455,5.264343434343434,,0.3880808080808081,4.1623058681732585,,,,,,,,3.08,4.55,13.0,1.3,0.0
2023-01-25 00:00:00+00:00,0.015083333333333332,6.3135211267605635,12.909366197183099,5.256267605633803,,0.3904929577464789,4.0747643466898955,,,,,,,,2.01,3.41,1.35,1.7,11.1
2023-01-26 00:00:00+00:00,0.014916666666666667,6.984113475177305,12.862978723404256,5.26404255319149,,0.4099290780141844,4.02566927574171,,,,,,,,4.51,6.76,9.86,2.8,0.6
2023-01-27 00:00:00+00:00,0.013333333333333334,6.910699300699301,12.87062937062937,5.24020979020979,,0.4090909090909091,4.009810652173913,,,,,,,,3.05,4.55,13.31,0.2,0.0
2023-01-28 00:00:00+00:00,0.012229166666666666,6.704652777777778,12.942430555555555,5.23965034965035,,0.39625,3.8758165781250002,,,,,,,,2.07,3.1,13.06,2.9,0.0
2023-01-29 00:00:00+00:00,0.011708333333333333,6.605138888888889,12.985416666666667,5.199375,,0.3896527777777778,3.9133848958333335,,,,,,,,1.54,3.71,1.88,2.4,8.7
2023-01-30 00:00:00+00:00,0.011479166666666665,6.154929577464789,13.072042253521127,5.140851063829787,,0.36422535211267604,4.364035196864112,,,,,,,,1.4,2.51,5.7,5.7,0.3
2023-01-31 00:00:00+00:00,0.011333333333333334,5.585352112676056,13.095492957746478,5.058098591549296,,0.3313380281690141,4.809873362369338,,,,,,,,2.62,3.83,2.65,7.5,2.0
2023-02-01 00:00:00+00:00,0.013041666666666667,5.315069444444444,13.087013888888889,5.024652777777778,,0.31930555555555556,4.929032454861112,,,,,,,,2.16,4.1,8.06,3.3,4.9
2023-02-02 00:00:00+00:00,0.012427083333333333,5.573006993006993,12.989650349650349,5.024405594405595,,0.33783216783216785,4.830333850434783,,,,,,,,1.11,2.72,6.3,2.1,1.5
2023-02-03 00:00:00+00:00,0.011760416666666667,5.02986013986014,12.88909090909091,5.084475524475525,,0.33356643356643356,4.719519305944056,2.8,3.15,0.0075,0.011647228736042738,0.0018072398026494137,0.233,0.02655,5.15,6.94,14.19,0.3,0.0
2023-02-04 00:00:00+00:00,0.011114583333333332,4.704545454545454,12.906853146853146,5.065804195804196,,0.32622377622377624,4.258811412173913,2.7866666666666666,3.1416666666666666,0.00745,0.011601933957624794,0.0017902969294995754,0.23271666666666668,0.026520833333333334,2.73,4.32,14.33,-4.7,0.0
2023-02-05 00:00:00+00:00,0.011062500000000001,4.061748251748252,12.953846153846154,5.017062937062938,,0.31461538461538463,4.101434754782608,2.773333333333333,3.1333333333333333,0.0073999999999999995,0.01155663917920685,0.0017733540563497371,0.23243333333333335,0.026491666666666667,1.66,4.06,12.42,1.2,0.0
2023-02-06 00:00:00+00:00,0.010718749999999999,4.155972222222222,12.979722222222222,4.9714583333333335,,0.31222222222222223,4.3558775190972225,2.76,3.125,0.00735,0.011511344400788905,0.0017564111831998989,0.23215000000000002,0.0264625,3.38,5.17,14.58,4.6,0.0
2023-02-07 00:00:00+00:00,0.010229166666666666,3.5444366197183097,12.282696600566572,4.898802816901409,1496.3695918367348,0.2903521126760563,4.599669056354916,2.7466666666666666,3.1166666666666667,0.0073,0.011466049622370963,0.0017394683100500608,0.23186666666666667,0.026433333333333333,1.92,3.83,12.28,3.5,0.0
2023-02-08 00:00:00+00:00,0.010041666666666666,3.080625,13.010625,4.797291666666666,,0.26319444444444445,5.088612973958333,2.7333333333333334,3.1083333333333334,0.0072499999999999995,0.011420754843953019,0.0017225254369002225,0.23158333333333334,0.026404166666666666,2.09,3.74,8.41,9.2,0.0
2023-02-09 00:00:00+00:00,0.01009375,4.026111111111111,12.936736111111111,4.811041666666666,,0.2833333333333333,5.357517,2.7199999999999998,3.1,0.0072,0.011375460065535074,0.0017055825637503842,0.2313,0.026375,3.17,7.04,8.4,11.6,0.0
2023-02-10 00:00:00+00:00,0.01003125,3.46625,12.842222222222222,4.685416666666667,,0.2534722222222222,6.227003253472223,2.7066666666666666,3.091666666666667,0.00715,0.01133016528711713,0.001688639690600546,0.23101666666666668,0.026345833333333332,3.67,5.32,13.1,10.7,0.1
2023-02-11 00:00:00+00:00,0.00965625,3.5525874125874126,12.783846153846154,4.64006993006993,,0.2502797202797203,6.397684626086956,2.6933333333333334,3.083333333333333,0.0070999999999999995,0.011284870508699186,0.0016716968174507077,0.23073333333333335,0.02631666666666667,2.97,4.66,12.96,5.7,0.0
2023-02-12 00:00:00+00:00,0.03263541666666667,3.879788732394366,12.700985915492957,4.6387323943661976,,0.2605633802816901,6.12548912195122,2.6799999999999997,3.0749999999999997,0.00705,0.011239575730281242,0.0016547539443008694,0.23045000000000002,0.026287500000000002,3.02,5.2,2.08,2.4,30.9
2023-02-13 00:00:00+00:00,0.03707291666666667,4.309230769230769,12.511188811188811,4.811538461538461,,0.2797902097902098,5.6750001999999995,2.6666666666666665,3.0666666666666664,0.006999999999999999,0.011194280951863297,0.0016378110711510311,0.23016666666666669,0.026258333333333335,3.93,6.5,10.67,5.3,12.6
2023-02-14 00:00:00+00:00,0.021697916666666667,4.477272734265735,12.483986013986014,4.892517482517483,,0.2868531468531469,5.657202008695652,2.6533333333333333,3.058333333333333,0.00695,0.011148986173445355,0.0016208681980011928,0.22988333333333336,0.026229166666666668,2.42,3.54,15.57,6.9,0.0
2023-02-15 00:00:00+00:00,0.016739583333333332,4.374722222222222,12.542499999999999,4.8751388888888885,,0.26569444444444446,6.224680506944444,2.6399999999999997,3.05,0.0069,0.01110369139502741,0.0016039253248513548,0.2296,0.0262,2.85,4.24,12.09,10.5,0.8
2023-02-16 00:00:00+00:00,0.015145833333333332,4.8904195874125875,12.435594405594406,4.8682517482517484,,0.2683216783216783,7.047243309565217,2.6266666666666665,3.0416666666666665,0.00685,0.011058396616609466,0.0015869824517015165,0.22931666666666667,0.026170833333333334,2.06,4.62,6.99,12.1,12.7
2023-02-17 00:00:00+00:00,0.019635416666666666,5.425664335664336,12.304195804195805,4.804335664335664,,0.2586713286713287,8.067674177391304,2.6133333333333333,3.033333333333333,0.0068,0.011013101838191522,0.0015700395785516782,0.22903333333333334,0.026141666666666667,4.28,8.5,9.87,10.7,15.2
2023-02-18 00:00:00+00:00,0.016458333333333335,5.439716312056738,12.153829787234043,4.805744680851064,,0.25957446808510637,7.473104495636998,2.6,3.025,0.00675,0.010967807059773578,0.00155309670540184,0.22875,0.0261125,4.02,6.79,17.07,0.2,0.0
2023-02-19 00:00:00+00:00,0.015208333333333332,5.802587412587412,12.174335664335665,4.821538461538462,,0.2732167832167832,6.871275431304348,2.5866666666666664,3.0166666666666666,0.006699999999999999,0.010922512281355634,0.0015361538322520016,0.22846666666666668,0.026083333333333333,2.44,6.07,14.97,4.2,0.0
2023-02-20 00:00:00+00:00,0.014864583333333334,5.917902097902098,12.256223776223777,4.7386713286713285,,0.2623776223776224,7.1260013286956525,2.5733333333333333,3.0083333333333333,0.00665,0.010877217502937691,0.0015192109591021634,0.22818333333333335,0.026054166666666666,2.29,4.24,6.85,7.8,0.4
2023-02-21 00:00:00+00:00,0.013677083333333333,5.942867118881119,12.235874125874126,4.7377622377622375,,0.2537062937062937,7.469545892173913,2.56,3.0,0.0066,0.010831922724519747,0.001502268085952325,0.22790000000000002,0.026025,3.3,6.68,16.52,10.5,0.1
2023-02-22 00:00:00+00:00,0.012958333333333334,7.189154929577465,12.272535211267606,4.681901408450704,,0.25816901408450704,8.05698305923345,2.5466666666666664,2.9916666666666667,0.00655,0.010786627946101803,0.001485325212802487,0.22761666666666666,0.025995833333333333,2.51,5.2,13.03,9.7,0.0
2023-02-23 00:00:00+00:00,0.012645833333333334,8.436760542253522,12.31725352112676,4.58718309859155,,0.2582394366197183,9.042080541811847,2.533333333333333,2.9833333333333334,0.0065,0.010741333167683859,0.0014683823396526487,0.22733333333333333,0.025966666666666666,3.03,4.77,11.67,17.1,0.6
2023-02-24 00:00:00+00:00,0.011749999999999998,7.979160874125875,10.914316539923956,4.47944055944056,143.7911111111111,0.23328671328671327,9.878962654978961,2.52,2.975,0.00645,0.010696038389265914,0.0014514394665028105,0.22705,0.0259375,4.1,5.7,13.04,12.0,0.0
2023-02-25 00:00:00+00:00,0.013041666666666667,9.12636365034965,12.033566433566433,4.531538461538461,,0.26545454545454544,9.101933812173913,,,,,,,,2.03,3.08,4.09,4.6,1.5
2023-02-26 00:00:00+00:00,0.012249999999999999,10.145384601398602,12.145034965034965,4.565804195804196,,0.30160839160839165,8.709301373913043,,,,,,,,2.43,3.71,15.87,6.1,0.0
2023-02-27 00:00:00+00:00,0.01240625,9.641666687499999,12.045416666666666,4.498402777777778,,0.2784027777777778,8.830339010416667,,,,,,,,2.71,5.22,7.2,7.0,1.4
2023-02-28 00:00:00+00:00,0.012145833333333333,9.082013923611111,12.059513888888889,4.407013888888889,,0.25243055555555555,9.575630824652778,,,,,,,,4.48,7.84,18.19,12.1,5.8
2023-03-01 00:00:00+00:00,0.011572916666666667,11.539930548611112,12.115763888888889,4.456666666666667,,0.28958333333333336,9.641676545138889,,,,,,,,2.66,3.49,13.39,9.8,0.0
2023-03-02 00:00:00+00:00,0.011552083333333333,9.788741265734267,12.141608391608392,4.327272727272727,,0.2488111888111888,10.21801880347826,,,,,,,,2.41,4.55,9.28,11.8,4.6
2023-03-03 00:00:00+00:00,0.01684375,11.969370615384616,11.997202797202796,4.3321678321678325,,0.2776223776223776,9.996105893913043,,,,,,,,2.88,4.92,2.93,7.3,14.4
2023-03-04 00:00:00+00:00,0.02265625,11.297957746478874,11.61718309859155,4.4953521126760565,,0.3009859154929578,9.343942160278747,,,,,,,,5.02,8.07,18.6,7.9,21.5
2023-03-05 00:00:00+00:00,0.017666666666666667,11.901188804195804,11.712377622377621,4.483496503496504,,0.29727272727272724,9.72194339478261,,,,,,,,2.37,3.28,19.42,6.9,0.0
2023-03-06 00:00:00+00:00,0.015385416666666665,14.894722229166668,11.29689943019943,4.505625,1314.15359375,0.33888888888888885,9.587425719008264,,,,,,,,1.82,3.61,18.51,7.9,0.0
2023-03-07 00:00:00+00:00,0.01409375,14.100000008064516,11.179767105263158,4.422661290322581,1518.1914285714286,0.30556451612903224,10.557851783641162,,,,,,,,4.14,6.6,18.89,11.1,0.0
2023-03-08 00:00:00+00:00,0.013125,13.105874125874127,11.854615384615386,4.457972027972028,,0.299020979020979,9.754341337391304,,,,,,,,4.22,5.26,19.8,4.7,0.0
2023-03-09 00:00:00+00:00,0.012520833333333333,14.706527777777776,11.879513888888889,4.483263888888889,,0.3302083333333333,9.62448973611111,,,,,,,,2.04,3.47,19.86,5.3,0.0
2023-03-10 00:00:00+00:00,0.012927083333333332,17.272027972027974,11.907622377622378,4.507972027972028,,0.36475524475524473,9.414618902608696,,,,,,,,2.81,7.58,6.55,6.5,5.0
2023-03-11 00:00:00+00:00,0.012270833333333333,15.194999992957747,12.026901408450703,4.477816901408451,,0.3278169014084507,8.96265436759582,,,,,,,,5.51,7.0,17.69,3.6,0.0
2023-03-12 00:00:00+00:00,0.012583333333333334,15.829225352112676,12.04556338028169,4.501056338028169,,0.3545774647887324,8.3949665,,,,,,,,2.4,3.54,2.75,-0.5,3.8
2023-03-13 00:00:00+00:00,0.012770833333333334,15.919859154929577,11.917746478873239,4.539154929577465,,0.3632394366197183,8.124156693836978,,,,,,,,2.66,4.99,15.09,2.8,0.7
2023-03-14 00:00:00+00:00,0.012010416666666668,15.831764694117647,11.984235294117648,3.883058823529412,,0.37270588235294116,7.8220283172147,,,,,,,,5.86,8.2,18.57,-0.3,0.0
2023-03-15 00:00:00+00:00,0.011552083333333333,14.981267598591549,12.069366197183099,3.84056338028169,,0.3649295774647887,7.534043599303136,,,,,,,,5.5,6.59,21.83,0.3,0.0
2023-03-16 00:00:00+00:00,0.011260416666666667,16.403496503496502,12.29986013986014,3.8245454545454542,,0.38846153846153847,7.300702495652175,,,,,,,,2.49,3.97,20.8,4.8,0.0
2023-03-17 00:00:00+00:00,0.01153125,17.626319444444444,12.435277777777777,3.758321678321679,,0.3882638888888889,7.797361852430555,,,,,,,,2.63,5.95,5.06,8.9,1.4
2023-03-18 00:00:00+00:00,0.011187500000000001,14.533541659722223,12.37263888888889,3.7227083333333337,,0.3315972222222222,7.9407841875,,,,,,,,4.99,6.29,20.82,5.0,1.0
2023-03-19 00:00:00+00:00,0.010958333333333334,13.322797202797203,12.417832167832168,3.653006993006993,,0.3095104895104895,7.761435737391305,,,,,,,,4.31,5.16,22.76,-0.5,0.0
2023-03-20 00:00:00+00:00,0.010677083333333332,11.550845056338028,12.487183098591549,3.514929577464789,,0.27161971830985915,7.935274986062718,,,,,,,,2.11,4.12,22.87,-0.4,0.0
2023-03-21 00:00:00+00:00,0.010322916666666666,12.400902784722222,11.410929658385093,3.523125,265.34749999999997,0.28375,7.957600108923884,,,,,,,,2.26,3.59,21.89,3.5,0.0
2023-03-22 00:00:00+00:00,0.0104375,12.53104167361111,12.663611111111111,3.47625,,0.2820138888888889,8.145660953124999,,,,,,,,2.07,3.49,13.08,8.3,0.3
2023-03-23 00:00:00+00:00,0.01109375,10.977746464788732,12.665845070422534,3.4364084507042256,,0.23253521126760565,8.785684337979095,,,,,,,,2.74,6.9,18.26,12.0,0.0
2023-03-24 00:00:00+00:00,0.01103125,9.073566398601399,12.372587412587412,3.3583216783216785,,0.1751048951048951,10.571222060869566,,,,,,,,2.98,4.97,17.62,18.4,0.0
2023-03-25 00:00:00+00:00,0.011270833333333334,10.254236118055555,12.264166666666666,3.37375,,0.183125,10.934285,,,,,,,,4.16,7.7,14.88,13.1,7.4
2023-03-26 00:00:00+00:00,0.010114583333333333,8.696503482517482,11.800489510489511,3.256293706293706,,0.1397902097902098,11.725138525217393,,,,,,,,2.99,6.24,22.27,14.4,0.0
2023-03-27 00:00:00+00:00,0.01025,8.235069395833333,11.676805555555555,3.191805555555556,,0.12826388888888887,12.356364010416666,,,,,,,,2.08,5.72,17.65,13.6,2.2
2023-03-28 00:00:00+00:00,0.010104166666666666,9.065277722222222,11.411180555555555,3.158402777777778,,0.1304861111111111,12.676973333333333,,,,,,,,2.88,5.0,8.95,9.9,0.5
2023-03-29 00:00:00+00:00,0.009895833333333333,8.478124999999999,11.382916666666667,3.1509722222222223,,0.12722222222222224,12.23197859375,,,,,,,,2.44,4.3,23.49,7.8,0.4
2023-03-30 00:00:00+00:00,0.00971875,7.728741230769231,11.396013986013985,3.083006993006993,,0.11916083916083915,12.18166132173913,,,,,,,,1.98,4.05,20.99,8.5,0.0
2023-03-31 00:00:00+00:00,0.010520833333333333,9.17965034965035,11.488391608391607,3.176993006993007,,0.13615384615384615,11.97229092173913,,,,,,,,2.38,4.43,6.25,8.2,6.3
2023-04-01 00:00:00+00:00,0.01421875,10.22517483916084,11.497552447552447,3.3113286713286714,,0.15888111888111886,12.130348504347825,,,,,,,,5.45,9.26,18.64,15.5,7.5
2023-04-02 00:00:00+00:00,0.011437499999999998,9.283007,11.08958041958042,3.219090909090909,,0.136013986013986,12.731256504347826,,,,,,,,4.38,8.67,21.93,8.3,0.0
2023-04-03 00:00:00+00:00,0.010552083333333332,10.245492992957747,11.228239436619718,3.2619014084507043,,0.15345070422535212,12.311358414634146,,,,,,,,2.07,5.14,19.48,10.0,0.0
2023-04-04 00:00:00+00:00,0.010416666666666666,5.538406068181819,10.243349308755759,3.2225757575757576,582.4325,0.14651515151515151,12.855888595943837,2.0,2.65,0.0045,0.0089295420309661,0.0007906674136591186,0.216,0.0248,1.87,4.11,21.15,15.0,0.1
2023-04-05 00:00:00+00:00,0.010354166666666666,7.799873430379748,11.367974683544304,2.7967088607594937,,0.0950632911392405,14.265657416829745,1.9785714285714286,2.642857142857143,0.004464285714285714,0.008679958558050899,0.0007583952743260933,0.21875,0.02485,2.34,5.83,20.08,18.1,0.0
2023-04-06 00:00:00+00:00,0.010239583333333333,8.154999993055556,10.917152777777778,2.672152777777778,,0.07208333333333333,16.24785984375,1.957142857142857,2.6357142857142857,0.004428571428571428,0.008430375085135697,0.0007261231349930681,0.2215,0.0249,2.4,5.0,15.47,20.1,1.3
2023-04-07 00:00:00+00:00,0.011072916666666667,10.697412594405593,10.451538461538462,2.718951048951049,,0.10153846153846154,16.257733408695653,1.9357142857142857,2.6285714285714286,0.004392857142857143,0.008180791612220495,0.0006938509956600428,0.22425,0.02495,3.32,4.43,3.61,10.2,12.5
2023-04-08 00:00:00+00:00,0.010364583333333333,12.668055548611111,10.645000000000001,2.8624305555555556,,0.15069444444444444,14.293137881944444,1.9142857142857144,2.6214285714285714,0.004357142857142857,0.007931208139305293,0.0006615788563270176,0.227,0.024999999999999998,2.33,3.55,9.03,6.2,0.8
2023-04-09 00:00:00+00:00,0.009645833333333333,11.600763895833333,10.858263888888889,2.9014583333333333,,0.16,13.718131024305556,1.8928571428571428,2.6142857142857143,0.0043214285714285715,0.007681624666390092,0.0006293067169939923,0.22975,0.02505,2.18,3.06,25.91,6.3,0.0
2023-04-10 00:00:00+00:00,0.009677083333333334,10.484305541666666,10.942013888888889,2.8197222222222225,,0.14284722222222224,13.617268107638889,1.8714285714285714,2.607142857142857,0.004285714285714286,0.007432041193474891,0.0005970345776609671,0.23249999999999998,0.025099999999999997,1.46,2.69,25.95,7.8,0.0
2023-04-11 00:00:00+00:00,0.009864583333333335,9.565902791666666,11.033472222222223,2.693611111111111,,0.123125,14.115189965277777,1.85,2.5999999999999996,0.00425,0.007182457720559689,0.0005647624383279418,0.23525000000000001,0.02515,2.09,2.67,26.02,11.0,0.0
2023-04-12 00:00:00+00:00,0.00984375,9.109236076388889,10.48150594059406,2.6130555555555555,396.66872727272727,0.1076388888888889,14.914852113341205,1.8285714285714285,2.5928571428571425,0.004214285714285714,0.006932874247644487,0.0005324902989949165,0.238,0.0252,2.78,3.36,25.61,14.4,0.0
2023-04-13 00:00:00+00:00,0.009604166666666665,8.683055548611112,10.977986111111111,2.5800694444444443,,0.09333333333333332,15.535760312499999,1.8071428571428572,2.5857142857142854,0.004178571428571428,0.006683290774729286,0.0005002181596618913,0.24075,0.025249999999999998,2.32,3.61,25.76,16.6,0.0
2023-04-14 00:00:00+00:00,0.011250000000000001,9.533194472222222,10.942916666666667,2.594722222222222,,0.09354166666666668,16.050093697916665,1.7857142857142856,2.5785714285714283,0.004142857142857143,0.0064337073018140845,0.0004679460203288661,0.2435,0.0253,2.31,4.14,16.06,15.3,5.1
2023-04-15 00:00:00+00:00,0.011250000000000001,9.690139846153846,10.828741258741259,2.657062937062937,,0.09909090909090909,16.73850645217391,1.7642857142857142,2.571428571428571,0.004107142857142857,0.006184123828898883,0.0004356738809958408,0.24625,0.025349999999999998,2.29,4.34,20.85,17.0,2.6
2023-04-16 00:00:00+00:00,0.011177083333333332,9.883124958333333,11.016597222222224,2.7538194444444444,,0.09715277777777778,16.970446927083334,1.7428571428571429,2.564285714285714,0.004071428571428571,0.005934540355983681,0.0004034017416628156,0.249,0.0254,2.81,5.3,14.41,16.8,0.2
2023-04-17 00:00:00+00:00,0.010656249999999999,9.485555555555557,10.736944444444443,2.8000694444444445,,0.10180555555555555,16.45846501736111,1.7214285714285715,2.557142857142857,0.004035714285714286,0.005684956883068479,0.0003711296023297903,0.25175000000000003,0.025449999999999997,5.08,6.69,20.79,12.5,11.9
2023-04-18 00:00:00+00:00,0.00928125,5.388809929078015,9.495181072555205,2.806028368794326,915.569375,0.1077304964539007,15.71678656126482,1.7,2.55,0.004,0.005435373410153278,0.0003388574629967651,0.2545,0.0255,4.07,6.79,27.02,12.5,0.0
2023-04-19 00:00:00+00:00,0.008614583333333333,8.341041666666666,10.500972222222224,2.742638888888889,,0.10006944444444445,16.376102604166665,1.69,2.6576923076923076,0.004269230769230769,0.005554832166420383,0.0003823007274835298,0.2559230769230769,0.02600384615384615,2.35,3.45,25.62,16.0,0.0
2023-04-20 00:00:00+00:00,0.008520833333333333,8.173958340277778,10.461944444444445,2.703263888888889,,0.09402777777777778,17.449386319444443,1.68,2.7653846153846153,0.004538461538461538,0.005674290922687488,0.0004257439919702946,0.25734615384615384,0.026507692307692305,2.29,3.01,24.64,19.6,0.0
2023-04-21 00:00:00+00:00,0.008374999999999999,7.907972048951049,10.507902090909091,2.788111888111888,,0.09601398601398602,17.809009043478262,1.67,2.8730769230769226,0.004807692307692308,0.005793749678954593,0.00046918725645705934,0.25876923076923075,0.02701153846153846,2.93,6.0,25.14,19.9,0.0
2023-04-22 00:00:00+00:00,0.010322916666666666,9.501597236111111,10.445138888888888,2.800972222222222,,0.12819444444444444,17.920675104166666,1.66,2.9807692307692304,0.005076923076923077,0.005913208435221699,0.0005126305209438241,0.2601923076923077,0.02751538461538461,3.22,4.88,10.43,15.3,16.2
2023-04-23 00:00:00+00:00,0.008739583333333334,9.505416666666667,10.173055506944443,2.7665277777777777,,0.14840277777777777,17.222434131944443,1.65,3.088461538461538,0.005346153846153846,0.006032667191488803,0.0005560737854305889,0.26161538461538464,0.028019230769230765,3.25,5.05,21.32,10.2,0.0
2023-04-24 00:00:00+00:00,0.008135416666666668,8.707902125874126,10.330458015267176,2.765944055944056,,0.15475524475524474,16.615269111900535,1.64,3.196153846153846,0.005615384615384616,0.006152125947755908,0.0005995170499173536,0.26303846153846155,0.028523076923076922,2.92,4.12,26.51,8.4,0.0
2023-04-25 00:00:00+00:00,0.008197916666666668,8.918472222222222,10.609652777777777,2.8481944444444443,,0.17201388888888888,16.01714809027778,1.63,3.3038461538461537,0.005884615384615385,0.006271584704023014,0.0006429603144041183,0.26446153846153847,0.029026923076923075,1.89,4.24,23.08,8.3,0.0
2023-04-26 00:00:00+00:00,0.008291666666666668,10.147152777777778,10.872708333333334,2.9527083333333333,,0.21416666666666667,15.541489131944445,1.6199999999999999,3.4115384615384614,0.006153846153846154,0.006391043460290118,0.0006864035788908831,0.2658846153846154,0.02953076923076923,1.76,4.33,21.22,10.3,0.4
2023-04-27 00:00:00+00:00,0.0104375,10.7183333125,10.999930555555556,2.9327083333333333,,0.24631944444444442,15.43902546875,1.6099999999999999,3.519230769230769,0.006423076923076923,0.006510502216557223,0.0007298468433776478,0.2673076923076923,0.030034615384615382,2.0,4.47,18.78,11.8,1.6
2023-04-28 00:00:00+00:00,0.07315624999999999,12.681111104166668,10.735902777777778,3.215,,0.2941666666666667,15.493855086805556,1.6,3.6269230769230765,0.006692307692307692,0.006629960972824329,0.0007732901078644125,0.2687307692307693,0.030538461538461535,2.57,3.45,14.41,13.5,37.8
2023-04-29 00:00:00+00:00,0.03301041666666667,16.52986013986014,10.948041958041957,4.573146853146853,,0.3638461538461539,15.604858243478262,1.59,3.7346153846153842,0.006961538461538462,0.0067494197290914335,0.0008167333723511774,0.2701538461538462,0.03104230769230769,1.87,3.93,17.42,14.0,0.3
2023-04-30 00:00:00+00:00,0.020822916666666667,16.303055555555556,11.09388888888889,4.172222222222222,,0.4017361111111111,16.385313975694444,1.58,3.842307692307692,0.007230769230769231,0.006868878485358538,0.0008601766368379421,0.2715769230769231,0.03154615384615384,2.46,7.19,15.37,15.1,5.0
2023-05-01 00:00:00+00:00,0.015041666666666667,14.436609722222222,10.193071276595745,4.982569444444445,100.04166666666667,0.538125,14.276614337431695,1.57,3.9499999999999997,0.0075,0.006988337241625644,0.0009036199013247069,0.273,0.032049999999999995,5.42,7.53,17.36,9.5,0.3
2023-05-02 00:00:00+00:00,0.013072916666666665,18.58826388888889,10.696458333333332,5.093680555555555,,0.49944444444444447,14.304056944444445,1.56,3.807142857142857,0.007214285714285714,0.007598430175418358,0.0008874838316581942,0.2725714285714286,0.03117142857142857,5.02,7.98,23.4,10.5,0.2
2023-05-03 00:00:00+00:00,0.012052083333333333,15.202569444444444,10.78375,4.733611111111111,,0.4683333333333333,14.333261874999998,1.55,3.664285714285714,0.006928571428571428,0.008208523109211073,0.0008713477619916816,0.2721428571428572,0.03029285714285714,4.89,7.59,19.5,8.5,0.5
2023-05-04 00:00:00+00:00,0.011208333333333334,12.72300697902098,10.82146853146853,4.480979020979021,,0.4437762237762238,14.458443286956523,1.54,3.5214285714285714,0.006642857142857142,0.008818616043003788,0.000855211692325169,0.27171428571428574,0.029414285714285712,4.02,5.99,19.93,9.7,0.1
2023-05-05 00:00:00+00:00,0.010614583333333332,12.945694444444445,11.005833333333333,4.489791666666666,,0.47069444444444447,14.634493680555558,1.53,3.3785714285714286,0.006357142857142856,0.009428708976796502,0.0008390756226586564,0.2712857142857143,0.028535714285714282,1.81,3.21,25.25,11.2,0.0
2023-05-06 00:00:00+00:00,0.01021875,11.80875,11.458888888888888,4.576597222222222,,0.4811111111111111,15.460411701388889,1.52,3.2357142857142858,0.006071428571428571,0.010038801910589217,0.0008229395529921438,0.27085714285714285,0.027657142857142856,1.34,2.62,26.41,14.2,0.0
2023-05-07 00:00:00+00:00,0.010645833333333334,12.412569465277777,11.741736111111111,4.701041666666667,,0.56125,16.227128020833334,1.51,3.092857142857143,0.0057857142857142855,0.010648894844381931,0.0008068034833256312,0.27042857142857146,0.02677857142857143,2.16,4.37,19.13,16.7,2.6
2023-05-08 00:00:00+00:00,0.010375,13.304788732394366,11.34053373015873,4.995704225352113,243.47363636363636,0.6614788732394365,19.081819287769783,1.5,2.95,0.0055,0.011258987778174646,0.0007906674136591186,0.27,0.0259,3.21,3.96,21.82,20.3,0.0
2023-05-09 00:00:00+00:00,0.010375,14.956875,12.568333333333333,5.2029861111111115,,0.805763888888889,17.486539461805556,1.45,2.96875,0.0053124999999999995,0.010919276940040067,0.0007765483527009201,0.2809375,0.026162499999999998,3.35,5.17,22.52,20.1,0.1
2023-05-10 00:00:00+00:00,0.009614583333333334,16.19222222222222,13.136875,5.360763888888889,,0.8201388888888889,17.710956145833332,1.4,2.9875000000000003,0.005124999999999999,0.010579566101905486,0.0007624292917427215,0.291875,0.026425,1.69,2.87,24.93,16.9,0.8
2023-05-11 00:00:00+00:00,0.009239583333333334,19.260555555555555,13.783680555555556,5.5900694444444445,,0.9172916666666667,18.178913246527777,1.35,3.00625,0.0049375,0.010239855263770907,0.0007483102307845229,0.3028125,0.0266875,1.81,4.59,24.81,17.9,0.0
2023-05-12 00:00:00+00:00,0.00934375,24.203680555555554,14.257222222222222,5.743402777777778,,0.9895833333333334,18.764595052083333,1.3,3.0250000000000004,0.00475,0.009900144425636328,0.0007341911698263244,0.31375,0.02695,1.58,4.46,21.61,19.5,5.2
2023-05-13 00:00:00+00:00,0.009604166666666665,31.908333333333335,14.920625000000001,5.908819444444444,,1.0294444444444446,19.27949121527778,1.25,3.04375,0.0045625,0.009560433587501747,0.0007200721088681259,0.3246875,0.0272125,1.92,3.44,18.71,21.0,2.8
2023-05-14 00:00:00+00:00,0.008895833333333334,34.046597222222225,15.87701388888889,6.004861111111111,,1.0407638888888888,19.74898184027778,1.2000000000000002,3.0625,0.004375,0.009220722749367168,0.0007059530479099273,0.335625,0.027475,1.48,2.94,21.38,19.5,5.6
2023-05-15 00:00:00+00:00,0.009385416666666667,43.79541666666667,16.015694444444446,6.135555555555555,,1.2266666666666666,19.583617100694443,1.1500000000000001,3.0812500000000003,0.0041875,0.008881011911232587,0.0006918339869517287,0.3465625,0.027737500000000002,1.35,2.5,6.81,15.0,7.5
2023-05-16 00:00:00+00:00,0.012166666666666666,50.55875,13.55218918918919,6.175486111111111,236.03857142857143,1.4939583333333333,18.909637713226203,1.1,3.1,0.004,0.008541301073098008,0.0006777149259935302,0.3575,0.028,1.85,5.62,19.52,16.6,2.2
2023-05-17 00:00:00+00:00,0.010791666666666666,35.39833333333333,14.625972222222222,5.171388888888888,,1.2146527777777778,19.969339913194446,1.1333333333333333,3.2583333333333333,0.004333333333333333,0.009058955683588797,0.0006777149259935302,0.35874999999999996,0.02801666666666667,3.29,4.12,27.75,18.3,7.3
2023-05-18 00:00:00+00:00,0.0088125,36.92861111111111,16.29798611111111,6.0186111111111105,,1.2472222222222222,19.463028072916668,1.1666666666666667,3.4166666666666665,0.004666666666666667,0.009576610294079585,0.0006777149259935302,0.36,0.028033333333333334,2.94,4.08,20.34,15.6,0.0
2023-05-19 00:00:00+00:00,0.00896875,27.855694444444442,14.290902777777777,5.210347222222222,,1.1303472222222224,19.24860154513889,1.2000000000000002,3.575,0.005,0.010094264904570372,0.0006777149259935302,0.36124999999999996,0.02805,2.08,3.33,16.37,14.6,0.0
2023-05-20 00:00:00+00:00,0.00903125,30.49381944444444,15.298333333333334,5.674375,,1.3065972222222222,19.69282248263889,1.2333333333333334,3.7333333333333334,0.005333333333333334,0.010611919515061161,0.0006777149259935302,0.3625,0.028066666666666667,1.68,3.14,18.64,17.5,1.8
2023-05-21 00:00:00+00:00,0.008562499999999999,17.265664335664336,12.892727272727273,4.288321678321679,,0.9303496503496503,20.445189930434783,1.2666666666666666,3.8916666666666666,0.005666666666666667,0.01112957412555195,0.0006777149259935302,0.36374999999999996,0.028083333333333335,2.67,3.47,29.28,16.9,1.1
2023-05-22 00:00:00+00:00,0.008270833333333333,16.799850833333334,12.270401478494625,4.923263888888889,487.4784848484848,1.1628472222222221,20.31692183990442,1.3,4.05,0.006,0.011647228736042738,0.0006777149259935302,0.365,0.0281,2.13,3.98,24.76,17.3,0.0
2023-05-23 00:00:00+00:00,0.008020833333333333,23.08652777777778,15.769513888888888,5.526319444444444,,1.2779166666666668,20.508966493055553,1.2428571428571429,4.057142857142857,0.007214285714285715,0.013422044543439727,0.000726123134993068,0.3871428571428571,0.028457142857142858,2.56,4.2,23.29,17.2,0.0
2023-05-24 00:00:00+00:00,0.008104166666666668,18.814375,15.384444444444446,5.236180555555555,,1.187361111111111,20.62722204861111,1.1857142857142857,4.064285714285714,0.00842857142857143,0.015196860350836715,0.0007745313439926058,0.4092857142857143,0.028814285714285716,1.74,3.83,29.0,17.0,0.0
2023-05-25 00:00:00+00:00,0.008010416666666667,19.520277770833335,15.628333333333334,5.404583333333333,,1.296736111111111,20.33067467013889,1.1285714285714286,4.071428571428571,0.009642857142857144,0.016971676158233702,0.0008229395529921437,0.43142857142857144,0.029171428571428574,2.36,3.51,23.28,16.7,0.0
2023-05-26 00:00:00+00:00,0.007697916666666666,13.235625,13.40486111111111,4.078402777777778,,1.0593055555555555,20.28549888888889,1.0714285714285714,4.078571428571428,0.010857142857142857,0.01874649196563069,0.0008713477619916815,0.45357142857142857,0.02952857142857143,2.51,3.81,28.6,15.1,0.0
2023-05-27 00:00:00+00:00,0.007625,13.30437498611111,12.889722222222222,3.544513888888889,,1.038125,20.07919201388889,1.0142857142857142,4.085714285714285,0.012071428571428573,0.02052130777302768,0.0009197559709912195,0.47571428571428576,0.029885714285714286,2.77,4.88,13.16,14.1,0.0
2023-05-28 00:00:00+00:00,0.009083333333333334,15.380833333333335,12.455555555555556,3.290486111111111,,1.1481944444444445,19.394745902777778,0.9571428571428572,4.0928571428571425,0.013285714285714286,0.022296123580424668,0.0009681641799907572,0.4978571428571429,0.030242857142857144,2.55,3.97,6.83,14.8,9.1
2023-05-29 00:00:00+00:00,0.019083333333333334,18.700829166666665,10.668504093567252,3.855138888888889,115.86902040816327,1.3965972222222223,18.362557193195627,0.9,4.1,0.0145,0.024070939387821656,0.0010165723889902951,0.52,0.030600000000000002,2.94,4.33,12.24,15.7,64.3
2023-05-30 00:00:00+00:00,0.015385416666666667,20.736597222222223,11.188984090909091,4.659583333333334,315.7631818181818,1.724375,18.65376388888889,0.8571428571428572,4.135714285714285,0.013142857142857144,0.021963345616537733,0.0010004363193237826,0.5518571428571428,0.03102142857142857,2.53,4.0,22.17,17.9,4.5
2023-05-31 00:00:00+00:00,0.011250000000000001,20.53597222222222,12.625694444444443,5.158611111111111,,1.9250694444444443,19.033056631944444,0.8142857142857143,4.171428571428571,0.011785714285714287,0.01985575184525381,0.00098430024965727,0.5837142857142857,0.03144285714285714,1.39,2.64,21.55,17.6,0.0
2023-06-01 00:00:00+00:00,0.009541666666666667,21.406944444444445,13.621319444444445,5.438611111111111,,2.1886805555555555,19.393799427083334,0.7714285714285715,4.207142857142856,0.01042857142857143,0.017748158073969886,0.0009681641799907573,0.6155714285714285,0.03186428571428571,1.52,2.38,27.37,17.6,0.0
2023-06-02 00:00:00+00:00,0.0088125,22.109444444444446,14.709375000000001,5.58,,2.400625,20.113586545138887,0.7285714285714286,4.242857142857143,0.00907142857142857,0.015640564302685962,0.0009520281103242447,0.6474285714285715,0.032285714285714286,1.97,2.65,29.97,20.2,0.0
2023-06-03 00:00:00+00:00,0.008885416666666666,22.155874125874124,15.135734265734264,5.567762237762238,,2.3926573426573423,20.707415426086957,0.6857142857142857,4.2785714285714285,0.0077142857142857135,0.013532970531402037,0.0009358920406577321,0.6792857142857143,0.03270714285714286,2.16,3.8,25.2,20.1,2.2
2023-06-04 00:00:00+00:00,0.008333333333333333,29.402569444444445,15.661944444444446,5.914444444444444,,2.9899305555555555,20.341431041666667,0.6428571428571428,4.314285714285714,0.006357142857142856,0.011425376760118114,0.0009197559709912195,0.7111428571428571,0.033128571428571424,2.25,3.08,16.02,18.0,0.7
2023-06-05 00:00:00+00:00,0.00824731182795699,27.927091114583334,12.684123853211009,5.420069444444445,1106.084,2.908958333333333,20.261807282184655,0.6,4.35,0.005,0.00931778298883419,0.0009036199013247069,0.743,0.033549999999999996,0.94,1.64,29.03,18.2,0.0
2023-06-06 00:00:00+00:00,0.008,21.95791667361111,15.38173611111111,5.420277777777778,,2.94,20.61937375,0.5857142857142857,4.522222222222222,0.0054444444444444445,0.008929542030966098,0.0008534187956955564,0.7943333333333333,0.03428333333333333,2.54,4.36,27.61,18.2,0.0
2023-06-07 00:00:00+00:00,0.008,25.93347222222222,16.25,5.9501388888888895,,3.699513888888889,20.415977065972225,0.5714285714285714,4.694444444444445,0.005888888888888889,0.008541301073098008,0.0008032176900664061,0.8456666666666667,0.03501666666666666,2.78,4.32,22.56,19.0,0.0
2023-06-08 00:00:00+00:00,0.008,8.010833333333332,13.15611111111111,3.707202797202797,,2.399652777777778,20.685169930555556,0.5571428571428572,4.866666666666666,0.006333333333333333,0.008153060115229916,0.0007530165844372558,0.897,0.03575,3.06,5.52,28.29,16.3,0.0
2023-06-09 00:00:00+00:00,0.008,10.168055555555556,13.164930555555555,4.112291666666667,,2.7359722222222222,20.362675850694444,0.5428571428571428,5.038888888888889,0.0067777777777777775,0.007764819157361825,0.0007028154788081053,0.9483333333333334,0.03648333333333333,2.97,5.37,23.81,16.0,0.1
2023-06-10 00:00:00+00:00,0.008,10.077152763888888,13.626527777777778,4.164861111111112,,3.0206944444444446,20.238990243055557,0.5285714285714286,5.211111111111111,0.007222222222222222,0.007376578199493734,0.0006526143731789549,0.9996666666666667,0.03721666666666666,2.12,3.03,30.08,17.8,0.0
2023-06-11 00:00:00+00:00,0.008,11.989097243055555,14.284652777777776,4.7186111111111115,,3.513958333333333,20.253493055555555,0.5142857142857142,5.383333333333334,0.007666666666666666,0.006988337241625642,0.0006024132675498046,1.0510000000000002,0.03795,2.64,5.41,22.5,19.8,0.1
2023-06-12 00:00:00+00:00,0.008,11.81174825874126,14.481188811188812,4.829370629370629,,3.6277622377622376,20.503434956521737,0.5,5.555555555555555,0.00811111111111111,0.006600096283757551,0.0005522121619206542,1.1023333333333334,0.03868333333333333,3.76,5.52,19.5,19.3,2.6
2023-06-13 00:00:00+00:00,0.008,9.87222225,14.302013888888887,5.077708333333334,,3.0141666666666667,20.587258645833334,0.4857142857142857,5.727777777777778,0.008555555555555556,0.00621185532588946,0.0005020110562915038,1.1536666666666666,0.03941666666666666,3.05,4.85,29.51,17.8,0.0
2023-06-14 00:00:00+00:00,0.008,35.36705693402778,10.824608646616541,5.371041666666667,106.05997297297297,2.3719444444444444,20.51947268959436,0.4714285714285714,5.9,0.009,0.005823614368021369,0.00045180995066235343,1.205,0.04015,4.16,6.8,16.6,18.6,0.1
2023-06-15 00:00:00+00:00,0.008,7.645486125000001,12.510069444444445,4.429861111111111,,3.1365972222222225,20.43351553819444,0.4571428571428572,5.96,0.009,0.006134207134315842,0.00047440044819547106,1.254,0.04095,2.1,4.18,25.11,19.9,1.2
2023-06-16 00:00:00+00:00,0.008,6.436875,11.7500694375,5.326736111111111,,1.8279166666666664,20.651395243055553,0.44285714285714284,6.0200000000000005,0.009,0.006444799900610315,0.0004969909457285888,1.303,0.04175,3.28,6.08,27.08,21.1,0.1
2023-06-17 00:00:00+00:00,0.008,6.183472229166666,11.539791645833333,4.78375,,2.5126388888888886,21.03050640625,0.4285714285714286,6.08,0.009,0.006755392666904788,0.0005195814432617064,1.352,0.042550000000000004,3.37,4.85,29.32,20.1,0.0
2023-06-18 00:00:00+00:00,0.007947916666666667,5.111736104166667,10.757777763888889,5.284583333333334,,1.7946527777777779,20.79082017361111,0.4142857142857143,6.140000000000001,0.009,0.0070659854331992615,0.000542171940794824,1.401,0.04335000000000001,2.15,3.55,29.96,19.6,0.0
2023-06-19 00:00:00+00:00,0.008072916666666667,41.53838611458333,9.532788251012144,5.402638888888889,462.54857142857145,1.4355555555555555,21.623955677842567,0.4,6.2,0.009,0.007376578199493734,0.0005647624383279417,1.45,0.04415000000000001,2.29,5.25,16.45,20.1,7.1
2023-06-20 00:00:00+00:00,0.008687499999999999,5.032167832167833,10.391818146853147,4.567692307692307,,2.9585314685314685,20.768104208695654,0.40714285714285714,6.164285714285715,0.009,0.010205190892532684,0.0005970345776609669,1.425,0.044357142857142866,3.58,4.71,7.06,17.9,27.4
2023-06-21 00:00:00+00:00,0.008364583333333333,6.793749999999999,11.407222222222224,3.3881944444444443,,6.447638888888889,20.544595694444446,0.4142857142857143,6.128571428571429,0.009,0.013033803585571636,0.0006293067169939922,1.4,0.04456428571428572,3.28,4.75,6.71,17.1,14.8
2023-06-22 00:00:00+00:00,0.009302083333333334,6.0136111111111115,9.645486090277778,4.760208333333334,,4.788333333333333,19.520155989583333,0.42142857142857143,6.092857142857143,0.009,0.015862416278610587,0.0006615788563270174,1.375,0.04477142857142858,1.89,3.09,4.3,14.6,35.0
2023-06-23 00:00:00+00:00,0.008749999999999999,4.2588888888888885,7.791111083333334,5.558263888888889,,3.030486111111111,19.268682847222223,0.4285714285714286,6.057142857142857,0.009,0.018691028971649537,0.0006938509956600428,1.3499999999999999,0.04497857142857143,1.47,2.1,20.72,18.6,2.3
2023-06-24 00:00:00+00:00,0.008,3.23375,6.739791673611111,5.907430555555555,,2.0825694444444443,19.974627708333333,0.4357142857142857,6.021428571428571,0.009,0.02151964166468849,0.000726123134993068,1.325,0.04518571428571429,2.53,3.3,24.33,20.9,2.2
2023-06-25 00:00:00+00:00,0.008,2.99,6.234375,6.004444444444444,,1.6892361111111112,20.43918928819444,0.44285714285714284,5.985714285714286,0.009,0.024348254357727438,0.0007583952743260933,1.2999999999999998,0.045392857142857145,2.31,2.79,27.41,22.0,0.2
2023-06-26 00:00:00+00:00,0.008,28.21704335664336,5.8084830169851385,6.156783216783216,77.161,1.0026573426573426,20.13111538882804,0.45,5.95,0.009,0.02717686705076639,0.0007906674136591186,1.275,0.0456,2.67,5.03,25.4,22.5,0.0
2023-06-27 00:00:00+00:00,0.008,4.349645390070922,4.626,6.217446808510638,,0.7773049645390071,20.471491815008726,0.42142857142857143,6.435714285714286,0.009214285714285713,0.02839705291835182,0.0008390756226586564,1.3900714285714284,0.04755714285714286,3.05,4.9,25.01,21.3,0.0
2023-06-28 00:00:00+00:00,0.008,3.4825874125874123,3.9553846153846153,6.310979020979021,,0.5358041958041958,20.927943182608697,0.39285714285714285,6.921428571428572,0.009428571428571429,0.02961723878593725,0.0008874838316581942,1.5051428571428571,0.04951428571428572,3.28,4.05,28.59,21.1,0.0
2023-06-29 00:00:00+00:00,0.008,2.757062937062937,3.2563636363636363,6.405804195804196,,0.3637762237762238,20.71016311304348,0.3642857142857143,7.407142857142857,0.009642857142857142,0.03083742465352268,0.0009358920406577321,1.6202142857142856,0.05147142857142857,1.53,2.72,29.07,20.8,0.0
2023-06-30 00:00:00+00:00,0.008,2.5561702127659576,2.6560283687943262,6.44241134751773,,0.26907801418439714,21.023228935427575,0.33571428571428574,7.892857142857142,0.009857142857142858,0.03205761052110811,0.00098430024965727,1.735285714285714,0.05342857142857143,1.41,3.4,20.38,21.8,1.5
2023-07-01 00:00:00+00:00,0.008,3.1127777777777776,2.29875,6.436875,,0.2320138888888889,21.37015472222222,0.30714285714285716,8.378571428571428,0.010071428571428571,0.033277796388693534,0.0010327084586568076,1.8503571428571428,0.05538571428571429,1.24,2.06,23.67,23.8,3.8
2023-07-02 00:00:00+00:00,0.008,3.167132867132867,1.7406293706293705,6.4688111888111886,,0.19552447552447552,21.734770869565217,0.2785714285714286,8.864285714285714,0.010285714285714287,0.03449798225627897,0.0010811166676563456,1.9654285714285713,0.05734285714285714,2.04,4.12,26.2,24.8,0.2
2023-07-03 00:00:00+00:00,0.008,41.77342957746478,3.6621072204968943,6.550281690140845,523.3077777777778,0.1959154929577465,23.436912190265488,0.25,9.35,0.0105,0.03571816812386439,0.0011295248766558833,2.0805,0.0593,2.27,4.06,24.87,25.8,0.2
2023-07-04 00:00:00+00:00,0.007989583333333333,2.976783223776224,0.860909090909091,6.486293706293706,,0.15825174825174823,21.928592782608696,0.2714285714285714,9.492857142857142,0.010285714285714287,0.031891221539164634,0.0010488445283233202,2.0302857142857142,0.0581,2.54,3.8,25.46,24.5,0.6
2023-07-05 00:00:00+00:00,0.008,2.5961805555555557,0.4432638888888889,6.451388888888889,,0.12631944444444446,22.03939380208333,0.29285714285714287,9.635714285714286,0.010071428571428571,0.028064274954464882,0.0009681641799907572,1.9800714285714285,0.0569,1.76,2.77,23.44,24.4,0.0
2023-07-06 00:00:00+00:00,0.008135416666666668,4.006018518518518,2.134674941860465,6.486203703703704,609.128829787234,0.24814814814814815,21.222785870052277,0.3142857142857143,9.778571428571428,0.009857142857142858,0.024237328369765124,0.000887483831658194,1.9298571428571427,0.0557,1.34,3.19,25.73,24.7,0.3
2023-07-07 00:00:00+00:00,0.008010416666666667,3.7750704225352107,0.30915492957746477,6.476338028169014,,0.25,22.40587555749129,0.33571428571428574,9.921428571428573,0.009642857142857142,0.02041038178506537,0.000806803483325631,1.8796428571428572,0.0545,1.98,2.92,26.18,25.3,0.0
2023-07-08 00:00:00+00:00,0.008,4.666760570422536,0.008028169014084508,6.411830985915493,,0.36246478873239435,22.087390592334497,0.35714285714285715,10.064285714285715,0.009428571428571429,0.016583435200365614,0.0007261231349930679,1.8294285714285714,0.0533,1.75,2.92,24.26,25.0,0.1
2023-07-09 00:00:00+00:00,0.008,4.380833340277778,0.0010416666666666667,6.523680555555555,,0.3696527777777778,22.194594618055554,0.37857142857142856,10.207142857142859,0.009214285714285713,0.012756488615665858,0.0006454427866605047,1.7792142857142856,0.0521,1.68,3.26,15.93,22.7,6.9
2023-07-10 00:00:00+00:00,0.0075,29.21082857142857,3.1823077373974207,6.695263157894737,555.9946428571428,0.2933834586466166,22.183843632112236,0.4,10.350000000000001,0.009,0.0089295420309661,0.0005647624383279417,1.729,0.0509,2.69,3.83,27.08,23.3,0.0
2023-07-11 00:00:00+00:00,0.00640625,4.658345338129497,0.002857142857142857,6.641214285714286,,0.45438848920863306,22.435652447552446,0.5214285714285715,9.921428571428573,0.008499999999999999,0.02445918034568975,0.00067771492599353,1.6296428571428572,0.04962857142857143,1.9,2.64,28.59,22.5,0.0
2023-07-12 00:00:00+00:00,0.0064375,8.115319141843973,0.005035460992907802,6.612340425531915,,0.8016312056737589,22.29502097731239,0.6428571428571429,9.492857142857144,0.008,0.0399888186604134,0.0007906674136591183,1.5302857142857145,0.048357142857142855,2.09,3.83,25.73,23.2,0.0
2023-07-13 00:00:00+00:00,0.0045625,13.33168,0.06772277227722773,6.598319999999999,,1.26928,22.395231986899564,0.7642857142857142,9.064285714285715,0.0075,0.05551845697513705,0.0009036199013247066,1.4309285714285715,0.047085714285714286,2.0,4.05,22.22,23.9,0.7
2023-07-14 00:00:00+00:00,0.008083333333333333,14.614166659722223,0.003958333333333333,6.503888888888889,,1.3641666666666667,22.44281989583333,0.8857142857142857,8.635714285714286,0.006999999999999999,0.0710480952898607,0.001016572388990295,1.3315714285714286,0.04581428571428572,1.22,2.11,21.41,23.3,1.2
2023-07-15 00:00:00+00:00,0.006979166666666667,14.601388895833331,0.139375,6.403402777777778,,1.2703472222222223,22.84389314236111,1.0071428571428571,8.207142857142857,0.0065,0.08657773360458436,0.0011295248766558831,1.232214285714286,0.04454285714285715,1.75,3.4,18.76,23.7,0.2
2023-07-16 00:00:00+00:00,0.007166666666666666,16.741736125000003,1.2245833333333334,6.279722222222222,,1.3497222222222223,23.46119737847222,1.1285714285714286,7.7785714285714285,0.006,0.10210737191930801,0.0012424773643214715,1.132857142857143,0.04327142857142857,3.01,4.32,25.73,24.0,52.4
2023-07-17 00:00:00+00:00,0.00690625,13.725970802919708,3.6326144612476368,6.372773722627738,487.7997777777778,0.9432116788321168,24.627313338353417,1.25,7.35,0.0055,0.11763701023403166,0.00135542985198706,1.0335,0.042,1.87,3.0,25.9,23.1,0.1
2023-07-18 00:00:00+00:00,0.006208333333333333,13.607762202797202,4.056363636363636,6.64965034965035,,0.7916783216783216,23.753285669565216,1.4357142857142857,7.228571428571429,0.005928571428571428,0.10743181934149897,0.001613606966651262,0.9722142857142858,0.04118571428571429,1.84,2.72,27.31,23.6,0.1
2023-07-19 00:00:00+00:00,0.00715625,13.774895104895105,4.451818181818182,6.727762237762238,,0.6667832167832167,23.997355547826086,1.6214285714285714,7.107142857142857,0.006357142857142857,0.09722662844896629,0.001871784081315464,0.9109285714285715,0.04037142857142857,2.04,3.89,23.14,24.0,0.1
2023-07-20 00:00:00+00:00,0.008166666666666668,14.541760556338028,4.876760563380282,6.672042253521126,,0.6693661971830985,24.03864557491289,1.807142857142857,6.985714285714286,0.0067857142857142855,0.0870214375564336,0.002129961195979666,0.8496428571428573,0.03955714285714286,2.2,3.18,24.79,24.0,0.2
2023-07-21 00:00:00+00:00,0.006208333333333333,16.536643356643356,5.30034965034965,6.726853146853148,,0.7795104895104895,24.294983895652173,1.9928571428571429,6.864285714285714,0.007214285714285715,0.07681624666390091,0.002388138310643868,0.788357142857143,0.03874285714285714,3.1,4.77,26.08,23.7,0.2
2023-07-22 00:00:00+00:00,0.0043437499999999995,18.96708333333333,5.551388888888889,6.762361111111111,,0.9282638888888888,23.801399114583333,2.1785714285714284,6.742857142857143,0.007642857142857143,0.06661105577136824,0.0026463154253080702,0.7270714285714286,0.03792857142857143,1.68,3.0,17.96,21.0,0.2
2023-07-23 00:00:00+00:00,0.009229166666666667,17.18195804195804,5.502097902097902,6.771118881118881,,0.793076923076923,23.58992088695652,2.364285714285714,6.621428571428572,0.008071428571428571,0.056405864878835546,0.0029044925399722725,0.6657857142857144,0.03711428571428571,1.53,4.0,22.95,20.5,5.1
2023-07-24 00:00:00+00:00,0.006541666666666667,11.30823072916667,5.459616365131579,6.720078125,1141.228125,0.601484375,23.224229862340216,2.55,6.5,0.0085,0.046200673986302856,0.0031626696546364743,0.6045,0.0363,1.13,1.9,26.2,22.4,0.0
2023-07-25 00:00:00+00:00,0.005270833333333333,14.650492957746478,5.615915492957747,6.762535211267606,,0.5163380281690141,24.111763484320555,2.3785714285714286,6.45,0.009142857142857144,0.04115354153401767,0.0027915400523066836,0.5967857142857144,0.03697142857142857,1.77,2.55,25.45,23.2,0.2
2023-07-26 00:00:00+00:00,0.006520833333333333,18.357902097902098,5.936083916083916,6.786013986013986,,0.6210489510489511,24.29855311304348,2.207142857142857,6.4,0.009785714285714286,0.03610640908173249,0.0024204104499768934,0.5890714285714286,0.037642857142857145,1.87,4.52,25.56,24.1,0.0
2023-07-27 00:00:00+00:00,0.0096875,25.18104166666667,6.696041666666667,6.859930555555556,,0.8394444444444444,25.02598310763889,2.0357142857142856,6.3500000000000005,0.01042857142857143,0.0310592766294473,0.0020492808476471032,0.5813571428571429,0.03831428571428572,1.97,5.18,24.77,25.6,0.4
2023-07-28 00:00:00+00:00,0.011500000000000002,31.461567164179108,7.489918040983606,6.891268656716417,,0.9919402985074626,25.309127018867926,1.8642857142857143,6.3,0.011071428571428572,0.026012144177162116,0.0016781512453173126,0.5736428571428571,0.03898571428571428,2.2,4.03,23.52,26.7,0.9
2023-07-29 00:00:00+00:00,0.009385416666666667,32.23645833333333,7.5812499791666665,6.911180555555556,,0.9721527777777779,25.334899583333332,1.6928571428571428,6.25,0.011714285714285714,0.020965011724876928,0.0013070216429875222,0.5659285714285714,0.039657142857142856,2.69,5.91,25.4,26.6,0.1
2023-07-30 00:00:00+00:00,0.006093749999999999,34.032847222222216,7.942222277777778,6.962430555555556,,0.9516666666666667,25.562336406249997,1.5214285714285714,6.2,0.012357142857142856,0.015917879272591744,0.0009358920406577318,0.5582142857142857,0.04032857142857143,2.37,3.44,24.32,25.6,0.0
2023-07-31 00:00:00+00:00,0.0051875,25.285480697928044,6.943416470288625,6.933435114503816,354.9618518518518,1.0057251908396947,26.11738128557409,1.35,6.15,0.013,0.010870746820306556,0.0005647624383279417,0.5505,0.041,1.9,2.97,24.8,23.1,0.0
2023-08-01 00:00:00+00:00,0.004458333333333333,33.276503496503494,7.602517510489511,6.767062937062938,,0.8643356643356643,25.393758069565216,1.2857142857142858,6.042857142857144,0.011857142857142856,0.010482505862438464,0.0005970345776609669,0.5555714285714286,0.04056428571428572,2.22,3.04,27.04,22.4,0.0
2023-08-02 00:00:00+00:00,0.004302083333333334,35.42333333333333,8.412222222222221,6.819444444444445,,0.9167361111111111,25.103013784722222,1.2214285714285715,5.935714285714286,0.010714285714285714,0.010094264904570374,0.0006293067169939922,0.5606428571428571,0.04012857142857143,1.55,2.94,26.09,20.7,0.0
2023-08-03 00:00:00+00:00,0.005802083333333334,28.58387323943662,5.787183098591549,6.593028169014085,,0.754225352112676,24.34646961672474,1.1571428571428573,5.828571428571429,0.009571428571428571,0.009706023946702282,0.0006615788563270174,0.5657142857142857,0.03969285714285715,2.68,4.43,6.34,18.9,20.4
2023-08-04 00:00:00+00:00,0.006635416666666667,28.935686274509806,6.358627450980393,,,0.9001960784313725,24.441553126293996,1.092857142857143,5.7214285714285715,0.008428571428571428,0.00931778298883419,0.0006938509956600428,0.5707857142857142,0.03925714285714286,1.97,3.1,18.58,21.4,0.9
2023-08-07 00:00:00+00:00,0.006055555555555555,22.68288,5.4687385269121815,,184.30201923076922,,24.8508531013431,0.9,5.4,0.005,0.008153060115229916,0.0007906674136591186,0.586,0.037950000000000005,2.3,4.05,18.31,23.2,1.9
2023-08-09 00:00:00+00:00,,25.64901098901099,4.127142879120879,6.050769230769231,,0.8509890109890109,24.922339349904398,0.9428571428571428,5.557142857142858,0.0074285714285714285,0.008153060115229916,0.0006615788563270176,0.5982857142857143,0.03903571428571429,2.92,3.8,23.38,21.8,0.0
2023-08-10 00:00:00+00:00,,22.696153846153848,3.0316783216783216,6.20020979020979,,0.834965034965035,24.51860132173913,0.9642857142857143,5.635714285714286,0.008642857142857143,0.008153060115229916,0.0005970345776609671,0.6044285714285714,0.039578571428571435,2.02,4.79,11.44,21.2,5.4
2023-08-11 00:00:00+00:00,,21.19875,3.2193750069444445,6.084791666666667,,0.8015277777777778,24.57679890625,0.9857142857142858,5.714285714285714,0.009857142857142858,0.008153060115229916,0.0005324902989949165,0.6105714285714285,0.04012142857142857,2.31,3.91,24.35,22.1,0.0
2023-08-12 00:00:00+00:00,,19.085104895104894,3.117832167832168,6.208111888111888,,0.7555244755244755,24.877096973913044,1.0071428571428571,5.792857142857143,0.011071428571428572,0.008153060115229916,0.0004679460203288661,0.6167142857142857,0.040664285714285715,2.02,3.8,24.84,23.7,0.0
2023-08-13 00:00:00+00:00,,19.37222222222222,4.005138888888889,6.181527777777777,,0.8771527777777778,25.35243201388889,1.0285714285714287,5.871428571428572,0.012285714285714287,0.008153060115229916,0.0004034017416628156,0.6228571428571429,0.04120714285714286,2.92,5.33,23.94,25.0,0.0
2023-08-14 00:00:00+00:00,,18.674220277777778,5.151192517814727,6.337291666666667,297.93916666666667,0.8699305555555555,25.458012688413948,1.05,5.95,0.0135,0.008153060115229916,0.0003388574629967651,0.629,0.04175,1.76,3.44,16.39,24.0,2.1
2023-08-15 00:00:00+00:00,,18.53840277777778,2.5574999999999997,6.351458333333333,,0.9879166666666666,25.24639496527778,1.01875,5.98125,0.0134375,0.008007469756029381,0.00032473840203856653,0.64275,0.04156875,2.97,4.1,19.99,24.9,4.8
2023-08-16 00:00:00+00:00,,18.84774647887324,4.893873239436619,5.927394366197183,,1.0601408450704224,25.362992386759583,0.9875,6.0125,0.013375,0.007861879396828848,0.000310619341080368,0.6565,0.0413875,2.9,3.81,22.7,22.4,0.0
2023-08-17 00:00:00+00:00,,21.36429577464789,4.166478887323944,6.140563380281691,,1.1280281690140845,24.945099146341462,0.95625,6.04375,0.0133125,0.007716289037628314,0.00029650028012216944,0.67025,0.04120625,2.17,4.03,22.04,22.1,0.0
2023-08-18 00:00:00+00:00,,21.606944444444444,4.862638888888889,6.057986111111111,,1.3864583333333333,25.25177605902778,0.925,6.075,0.01325,0.00757069867842778,0.0002823812191639709,0.6839999999999999,0.041025,3.43,4.49,25.2,22.9,0.0
2023-08-19 00:00:00+00:00,,20.818819444444443,7.124583319444445,5.626041666666667,,1.4622916666666665,24.928027743055555,0.89375,6.10625,0.0131875,0.007425108319227245,0.00026826215820577234,0.69775,0.04084375,1.78,3.53,26.37,20.0,0.0
2023-08-20 00:00:00+00:00,,21.094335664335663,5.701818230769231,5.831958041958043,,1.3741258741258742,24.680528486956522,0.8625,6.1375,0.013125,0.007279517960026711,0.0002541430972475738,0.7115,0.0406625,1.56,3.09,25.28,21.4,0.0
2023-08-21 00:00:00+00:00,0.009547619047619046,22.435664335664338,5.840699300699301,5.903986013986014,,1.6753846153846155,25.114924017391303,0.83125,6.16875,0.0130625,0.007133927600826177,0.00024002403628937526,0.72525,0.040481249999999996,2.05,2.8,22.59,24.8,0.0
2023-08-22 00:00:00+00:00,0.007958333333333333,17.64282937062937,6.647295809885932,5.9697202797202795,274.65142857142854,1.4642657342657341,25.40829995726496,0.8,6.2,0.013,0.006988337241625643,0.00022590497533117671,0.739,0.040299999999999996,2.64,3.98,21.53,25.4,0.0
2023-08-23 00:00:00+00:00,0.0071875,21.51027972027972,4.858461538461539,6.097132867132867,,1.3797202797202799,24.992769913043478,0.7714285714285715,6.192857142857143,0.011785714285714285,0.009539634964758814,0.0002743131843307146,0.7580714285714286,0.04072142857142857,1.55,3.51,24.65,22.0,0.0
2023-08-24 00:00:00+00:00,0.0070729166666666675,20.36826388888889,4.173402777777778,6.095972222222223,,1.058263888888889,25.136009166666668,0.7428571428571429,6.185714285714286,0.01057142857142857,0.012090932687891985,0.0003227213933302524,0.7771428571428571,0.04114285714285714,1.46,3.62,20.85,23.6,0.0
2023-08-25 00:00:00+00:00,0.005604166666666667,19.61048611111111,4.468819451388889,5.950902777777777,,1.0308333333333333,25.30916203125,0.7142857142857143,6.178571428571429,0.009357142857142856,0.014642230411025157,0.00037112960232979026,0.7962142857142858,0.04156428571428571,2.14,4.47,19.41,24.7,0.7
2023-08-26 00:00:00+00:00,0.005322916666666667,15.719583333333333,2.808125,6.157986111111111,,0.7184722222222223,25.56463114583333,0.6857142857142857,6.171428571428572,0.008142857142857143,0.017193528134158326,0.00041953781132932815,0.8152857142857143,0.04198571428571428,2.05,3.49,21.8,25.6,1.5
2023-08-27 00:00:00+00:00,0.005333333333333333,13.058111888111888,1.7788811188811189,6.297832167832168,,0.48055944055944055,25.420456886956522,0.6571428571428571,6.164285714285715,0.006928571428571427,0.0197448258572915,0.000467946020328866,0.8343571428571429,0.04240714285714285,1.74,3.11,14.41,24.0,2.4
2023-08-28 00:00:00+00:00,0.006114583333333333,14.16070919858156,1.069290780141844,6.271914893617022,,0.5826950354609929,25.0095702617801,0.6285714285714286,6.1571428571428575,0.0057142857142857125,0.02229612358042467,0.0005163542293284038,0.8534285714285714,0.042828571428571424,1.88,3.28,12.64,21.7,23.1
2023-08-29 00:00:00+00:00,0.005729166666666667,18.36596321578423,2.8590840531561463,6.293216783216783,496.15785714285715,0.9307692307692307,24.53650707608696,0.6,6.15,0.0045,0.02484742130355784,0.0005647624383279417,0.8725,0.04325,1.16,2.51,11.4,21.5,2.6
2023-08-30 00:00:00+00:00,0.00525,15.53138888888889,6.810555576388889,5.340208333333333,,2.048541666666667,24.925834930555553,0.6571428571428571,6.142857142857143,0.004571428571428571,0.0221297345984812,0.0005808985079944543,0.8364285714285715,0.04203571428571428,2.15,3.76,16.93,21.2,23.3
2023-08-31 00:00:00+00:00,0.005177083333333333,12.866453900709221,7.577163134751774,5.059007092198582,,1.9959574468085106,24.128468586387434,0.7142857142857143,6.135714285714286,0.004642857142857143,0.01941204789340456,0.000597034577660967,0.8003571428571429,0.04082142857142857,3.43,4.52,24.4,19.9,0.0
2023-09-01 00:00:00+00:00,0.005302083333333333,12.56562498611111,6.959722229166667,5.273125,,1.9100694444444446,23.502298315972222,0.7714285714285714,6.128571428571429,0.004714285714285714,0.01669436118832792,0.0006131706473274796,0.7642857142857143,0.039607142857142855,1.26,2.33,24.68,17.9,0.0
2023-09-02 00:00:00+00:00,0.005520833333333333,11.572083333333332,6.800416666666667,5.322291666666667,,1.9237499999999998,23.531736927083333,0.8285714285714285,6.121428571428571,0.0047857142857142855,0.013976674483251284,0.0006293067169939922,0.7282142857142857,0.038392857142857145,0.98,2.28,24.11,18.6,0.0
2023-09-03 00:00:00+00:00,0.004916666666666667,11.153496496503497,7.215104881118881,5.373636363636363,,1.9055244755244756,23.961045982608695,0.8857142857142857,6.114285714285714,0.004857142857142857,0.011258987778174644,0.0006454427866605049,0.6921428571428572,0.03717857142857143,1.62,2.48,23.37,21.4,0.0
2023-09-04 00:00:00+00:00,0.004604166666666667,10.929375027777777,8.052430583333333,5.5025,,2.091527777777778,24.436952569444443,0.9428571428571428,6.107142857142857,0.004928571428571429,0.008541301073098004,0.0006615788563270176,0.6560714285714286,0.03596428571428572,1.85,3.22,23.22,23.6,0.0
2023-09-05 00:00:00+00:00,0.004197916666666667,7.156679839285715,7.9673773515625,5.652058823529411,1452.3353333333332,2.2286764705882356,24.56480352051836,1.0,6.1,0.005,0.005823614368021369,0.0006777149259935302,0.62,0.03475,1.82,3.24,23.01,24.0,0.0
2023-09-06 00:00:00+00:00,0.003989583333333334,10.476111104166668,7.363194458333333,5.740972222222222,,2.1418055555555555,24.980615642361112,1.0142857142857142,6.228571428571429,0.006857142857142857,0.008485838079116851,0.0006938509956600428,0.6562142857142857,0.03523571428571429,1.64,2.72,21.78,24.2,0.1
2023-09-07 00:00:00+00:00,0.004229166666666667,11.214097201388888,7.618958319444445,5.906041666666667,,2.352291666666667,24.78293309027778,1.0285714285714287,6.357142857142857,0.008714285714285713,0.011148061790212334,0.0007099870653265554,0.6924285714285714,0.03572142857142857,2.03,3.71,19.33,23.1,2.2
2023-09-08 00:00:00+00:00,0.0037291666666666667,9.871048958041959,7.2217482657342655,5.923916083916084,,1.8117482517482517,24.59568175652174,1.042857142857143,6.485714285714286,0.01057142857142857,0.013810285501307817,0.000726123134993068,0.7286428571428571,0.036207142857142854,1.58,2.51,19.35,21.6,0.5
2023-09-09 00:00:00+00:00,0.0031875,10.179305569444445,6.5815277708333335,5.934652777777778,,1.7379166666666666,24.424145625,1.0571428571428572,6.614285714285714,0.012428571428571428,0.0164725092124033,0.0007422592046595806,0.7648571428571429,0.036692857142857145,1.02,3.26,16.32,20.8,16.0
2023-09-10 00:00:00+00:00,0.004895833333333334,8.712937020979021,4.983986013986014,5.641328671328671,,1.0576223776223777,24.12019772173913,1.0714285714285714,6.742857142857143,0.014285714285714284,0.019134732923498782,0.0007583952743260932,0.8010714285714287,0.03717857142857143,0.95,1.77,14.14,19.2,15.4
2023-09-11 00:00:00+00:00,0.0037604166666666667,9.287986111111111,7.224374979166667,5.159861111111111,,1.494375,23.927353975694444,1.0857142857142859,6.871428571428571,0.01614285714285714,0.021796956634594265,0.0007745313439926058,0.8372857142857143,0.03766428571428571,1.94,2.98,20.3,20.0,0.2
2023-09-12 00:00:00+00:00,0.00509375,14.88191907742257,6.712063605128206,5.492867132867133,143.48666666666665,1.423006993006993,23.712576555555557,1.1,7.0,0.018,0.024459180345689748,0.0007906674136591185,0.8735,0.038149999999999996,1.7,4.41,18.02,19.6,0.8
2023-09-13 00:00:00+00:00,0.003895833333333333,9.054965013986013,6.108391615384615,5.864265734265734,,1.3367832167832168,23.765052469565216,1.1,6.725,0.01575,0.02174149364061311,0.0008847944867137755,0.8373333333333334,0.038424999999999994,1.86,3.04,20.18,20.2,0.5
2023-09-14 00:00:00+00:00,0.0037604166666666667,8.383916076923077,6.236433566433566,6.221678321678322,,1.3036363636363635,23.640854434782607,1.1,6.45,0.0135,0.019023806935536472,0.0009789215597684323,0.8011666666666667,0.0387,2.25,2.91,22.33,18.7,0.0
2023-09-15 00:00:00+00:00,0.0039375,8.33188816083916,7.470699314685314,5.621608391608391,,1.3363636363636364,23.165798886956523,1.1,6.175,0.01125,0.016306120230459832,0.0010730486328230893,0.765,0.038974999999999996,1.74,2.51,22.72,16.3,0.0
2023-09-16 00:00:00+00:00,0.0040729166666666665,8.162657377622379,7.7506993006993,5.43013986013986,,1.3367132867132867,22.7758232,1.1,5.8999999999999995,0.009000000000000001,0.013588433525383194,0.0011671757058777463,0.7288333333333333,0.03924999999999999,1.35,1.91,21.47,17.0,0.0
2023-09-17 00:00:00+00:00,0.0041875,8.712727293706294,6.146573426573426,5.564125874125874,,1.4705594405594404,22.27728984347826,1.1,5.625,0.006750000000000001,0.010870746820306556,0.0012613027789324033,0.6926666666666667,0.039525,2.75,5.6,9.55,18.1,13.4
2023-09-18 00:00:00+00:00,0.004197916666666667,13.351809604395612,7.071963706563706,5.317552447552448,192.4,1.5472727272727271,21.800717157417893,1.1,5.35,0.0045,0.008153060115229916,0.0013554298519870603,0.6565,0.039799999999999995,3.39,4.6,20.48,16.7,0.0
2023-09-19 00:00:00+00:00,0.0040625,8.870489461538462,7.308041958041958,5.232657342657342,,1.4855244755244756,21.306555947826087,1.0875000000000001,5.3,0.006,0.008444240833630984,0.0013554298519870603,0.6713125,0.03988124999999999,2.07,2.75,20.14,15.9,0.0
2023-09-20 00:00:00+00:00,0.003625,8.988181832167832,6.800839167832168,5.476503496503496,,1.585034965034965,21.210020017391304,1.0750000000000002,5.25,0.0075,0.008735421552032054,0.0013554298519870603,0.686125,0.0399625,1.19,2.15,19.45,16.6,0.0
2023-09-21 00:00:00+00:00,0.003447916666666667,7.948881097902097,6.673286713286713,5.617692307692308,,1.6597902097902097,21.297784208695653,1.0625,5.2,0.009000000000000001,0.009026602270433122,0.0013554298519870603,0.7009375,0.040043749999999996,1.17,1.92,16.38,17.6,0.0
2023-09-22 00:00:00+00:00,0.003635416666666667,8.50489511888112,7.124895132867133,5.304405594405594,,1.8537762237762236,21.2004091826087,1.05,5.1499999999999995,0.010499999999999999,0.009317782988834192,0.0013554298519870603,0.71575,0.040124999999999994,2.21,3.33,18.62,16.3,0.0
2023-09-23 00:00:00+00:00,0.007541666666666666,8.784722194444445,8.373194444444444,4.744861111111111,,1.5543055555555556,19.83860923611111,1.0375,5.1,0.012,0.00960896370723526,0.0013554298519870603,0.7305625,0.04020625,5.13,7.58,7.52,13.8,26.9
2023-09-24 00:00:00+00:00,0.004729166666666667,8.741527770833335,6.304930555555555,4.435,,1.5429861111111112,18.951154184027775,1.025,5.05,0.013500000000000002,0.009900144425636328,0.0013554298519870603,0.745375,0.0402875,3.2,4.72,12.52,16.5,2.8
2023-09-25 00:00:00+00:00,0.004,14.023437165492957,5.936793907875186,4.526549295774648,273.8723529411765,1.474154929577465,19.116896574983627,1.0125,5.0,0.015,0.010191325144037398,0.0013554298519870603,0.7601875,0.04036875,1.89,3.33,11.38,16.9,0.0
2023-09-26 00:00:00+00:00,0.004177083333333334,8.209722208333334,5.786319465277778,5.198402777777778,,1.6927777777777777,18.956080755208333,1.0,4.95,0.0165,0.010482505862438466,0.0013554298519870603,0.775,0.04045,1.95,3.6,9.26,16.9,0.0
2023-09-27 00:00:00+00:00,0.004583333333333333,7.77377623076923,6.229090895104895,5.20937062937063,,1.5586013986013987,18.599790173913043,1.0857142857142856,4.885714285714286,0.015285714285714286,0.012701025621684701,0.001242477364321472,0.7505000000000001,0.03901428571428572,2.2,2.8,9.66,15.4,0.3
2023-09-28 00:00:00+00:00,0.004614583333333333,8.354583381944444,6.865277777777778,5.163541666666666,,1.5789583333333335,18.468334947916667,1.1714285714285715,4.821428571428571,0.014071428571428572,0.014919545380930935,0.0011295248766558835,0.726,0.037578571428571426,1.28,1.96,17.16,14.8,0.0
2023-09-29 00:00:00+00:00,0.00446875,8.059577450704225,7.258591556338027,5.012112676056338,,1.5319718309859154,18.908945958188152,1.2571428571428571,4.757142857142857,0.012857142857142857,0.01713806514017717,0.0010165723889902951,0.7015,0.03614285714285714,1.3,1.92,19.0,16.9,0.0
2023-09-30 00:00:00+00:00,0.003885416666666667,11.989510468531467,7.0727971958041955,5.101188811188812,,1.623076923076923,19.463839669565218,1.342857142857143,4.692857142857143,0.011642857142857142,0.019356584899423407,0.0009036199013247067,0.677,0.03470714285714285,1.46,2.46,17.45,17.7,0.0
2023-10-01 00:00:00+00:00,0.0036666666666666666,18.066453914893618,7.711418468085106,5.242127659574468,,1.7326241134751774,19.71531410122164,1.4285714285714286,4.628571428571429,0.01042857142857143,0.021575104658669644,0.0007906674136591185,0.6525000000000001,0.03327142857142857,1.96,4.05,17.98,17.6,0.0
2023-10-02 00:00:00+00:00,0.0034895833333333337,26.789166666666667,8.304722243055556,5.047361111111112,,1.6475694444444444,19.81933267361111,1.5142857142857142,4.564285714285714,0.009214285714285713,0.023793624417915875,0.0006777149259935301,0.6280000000000001,0.03183571428571429,1.44,2.37,19.08,17.8,0.0
2023-10-03 00:00:00+00:00,0.0030312499999999997,14.87951903968254,7.929212600877193,5.139047619047619,737.440303030303,1.5316666666666667,20.09031,1.6,4.5,0.008,0.026012144177162112,0.0005647624383279417,0.6035,0.0304,1.19,2.34,16.53,18.5,0.0
2023-10-04 00:00:00+00:00,0.0030104166666666664,13.448723404255318,9.645815574468084,5.496524822695036,,1.4929787234042553,20.113669458987786,1.6166666666666667,4.45,0.007833333333333333,0.03364754968190124,0.0008471436574919125,0.6046666666666667,0.03066666666666667,1.34,2.33,18.87,18.3,0.0
2023-10-05 00:00:00+00:00,0.0030312499999999997,13.367234042553191,8.695319170212766,5.427446808510638,,1.2324113475177305,19.953139232111692,1.6333333333333333,4.3999999999999995,0.007666666666666667,0.04128295518664037,0.0011295248766558835,0.6058333333333333,0.030933333333333334,1.57,2.87,12.72,16.0,0.0
2023-10-06 00:00:00+00:00,0.0030416666666666665,13.14709219858156,8.666666624113475,5.343475177304964,,1.0295744680851062,20.030508952879583,1.65,4.35,0.0075,0.0489183606913795,0.0014119060958198543,0.607,0.0312,1.15,1.94,12.59,17.7,0.0
2023-10-07 00:00:00+00:00,0.003875,10.882411368794326,8.820070978723406,4.92822695035461,,0.550709219858156,20.03869082024433,1.6666666666666667,4.3,0.007333333333333333,0.05655376619611863,0.001694287314983825,0.6081666666666667,0.03146666666666667,4.16,6.25,19.1,14.5,4.2
2023-10-08 00:00:00+00:00,0.0044375,11.923829787234043,7.119148914893617,5.062198581560284,,0.5022695035460993,18.38646682373473,1.6833333333333333,4.249999999999999,0.007166666666666667,0.06418917170085775,0.001976668534147796,0.6093333333333334,0.031733333333333336,4.11,6.22,15.34,9.5,0.2
2023-10-09 00:00:00+00:00,0.005104166666666667,12.29180281690141,5.811561764705882,5.09056338028169,187.732,0.5460563380281691,16.718256827033223,1.7,4.199999999999999,0.007,0.07182457720559689,0.0022590497533117667,0.6105,0.032,2.59,4.94,11.33,9.4,4.1
2023-10-10 00:00:00+00:00,0.004552083333333333,12.594822695035461,6.74290780141844,5.022765957446809,,0.5443262411347518,16.79898315881326,1.6875,4.156249999999999,0.007,0.07638640846054695,0.002470835667684745,0.617125,0.03203125,2.66,5.1,17.09,11.3,0.0
2023-10-11 00:00:00+00:00,0.004510416666666667,10.892695042553191,7.332553191489362,4.958936170212766,,0.4178014184397163,16.678229511343805,1.675,4.112499999999999,0.007,0.08094823971549703,0.002682621582057723,0.62375,0.0320625,1.97,2.75,12.59,10.9,0.0
2023-10-12 00:00:00+00:00,0.00428125,11.414397156028368,7.400567375886525,4.985673758865248,,0.42432624113475176,16.66827219895288,1.6625,4.06875,0.007,0.0855100709704471,0.002894407496430701,0.630375,0.032093750000000004,1.24,2.47,17.69,13.5,0.0
2023-10-13 00:00:00+00:00,0.0035520833333333337,12.058652468085107,7.310992907801418,4.989716312056737,,0.45865248226950356,16.862973979057593,1.65,4.0249999999999995,0.007,0.09007190222539717,0.0031061934108036794,0.637,0.032125,1.66,2.64,17.56,14.8,0.0
2023-10-14 00:00:00+00:00,0.004322916666666667,13.305422528169014,7.509647922535211,5.021478873239436,,0.46408450704225357,16.845529668989546,1.6375,3.9812499999999993,0.007,0.09463373348034723,0.0033179793251766573,0.643625,0.03215625,1.86,3.71,10.54,15.2,5.5
2023-10-15 00:00:00+00:00,0.004541666666666667,13.057785714285714,8.645673765957447,4.857092198581561,,0.42085106382978726,16.63967694589878,1.625,3.9374999999999996,0.007,0.09919556473529731,0.0035297652395496356,0.65025,0.0321875,4.95,6.66,15.72,12.5,0.0
2023-10-16 00:00:00+00:00,0.004864583333333334,13.336241134751774,8.348297836879432,4.779574468085106,,0.45574468085106384,15.989719127399653,1.6125,3.89375,0.007,0.10375739599024739,0.0037415511539226134,0.656875,0.032218750000000004,3.64,5.33,8.91,9.2,0.0
2023-10-17 00:00:00+00:00,0.0050625,13.819341428571429,7.726482292418773,5.993142857142857,268.7688,0.46578571428571425,15.070901781206171,1.6,3.8499999999999996,0.007,0.10831922724519745,0.003953337068295592,0.6635,0.03225,2.93,3.68,10.95,10.5,0.0
2023-10-18 00:00:00+00:00,0.00496875,13.80683097887324,8.236126732394366,7.287464788732394,,0.49366197183098587,14.96183069686411,1.5714285714285714,3.814285714285714,0.006928571428571429,0.10920663514889595,0.0041792420436267685,0.6646428571428571,0.03245,1.98,3.12,15.12,9.7,0.0
2023-10-19 00:00:00+00:00,0.004552083333333333,13.78177304964539,8.725673758865248,7.124255319148936,,0.4419148936170213,14.869049808027922,1.542857142857143,3.7785714285714285,0.006857142857142857,0.11009404305259445,0.004405147018957945,0.6657857142857143,0.03265,2.19,5.39,14.54,10.6,0.0
2023-10-20 00:00:00+00:00,0.004541666666666667,16.403687943262412,8.953687985815604,6.520921985815603,,0.5186524822695036,14.871278795811516,1.5142857142857142,3.742857142857143,0.0067857142857142855,0.11098145095629294,0.004631051994289122,0.6669285714285714,0.03285,2.49,4.67,8.66,11.6,7.5
2023-10-21 00:00:00+00:00,0.004260416666666667,18.313687943262412,9.110567361702127,4.897304964539007,,0.6236879432624113,14.625100802792321,1.4857142857142858,3.707142857142857,0.006714285714285714,0.11186885885999143,0.004856956969620299,0.6680714285714285,0.03305,5.19,7.29,15.84,11.5,0.0
2023-10-22 00:00:00+00:00,0.004229166666666667,18.52709219858156,9.69730495035461,3.96,,0.5882978723404255,14.525238900523561,1.457142857142857,3.6714285714285713,0.006642857142857143,0.11275626676368992,0.005082861944951476,0.6692142857142857,0.03325,3.77,6.16,15.09,11.5,0.0
2023-10-23 00:00:00+00:00,0.004583333333333333,17.200992886524823,9.597234035460993,3.4315602836879435,,0.5632624113475178,14.228161361256545,1.4285714285714284,3.6357142857142857,0.006571428571428571,0.11364367466738842,0.0053087669202826525,0.6703571428571429,0.03345,2.39,3.96,16.82,9.1,0.0
2023-10-24 00:00:00+00:00,0.004541666666666667,20.911017840375603,9.279783610837438,3.727464788732394,238.69129824561404,0.5669014084507042,14.497170746835444,1.4,3.6,0.0065,0.11453108257108692,0.005534671895613829,0.6715,0.03365,1.32,2.77,16.02,10.4,0.0
2023-10-25 00:00:00+00:00,0.004166666666666667,19.2022695035461,10.636524822695035,4.628439716312057,,0.5885106382978724,14.063370558464225,1.3428571428571427,3.6285714285714286,0.006857142857142857,0.1016082049734776,0.004969909457285888,0.6861428571428572,0.03707142857142857,1.47,2.64,15.81,12.2,0.0
2023-10-26 00:00:00+00:00,0.0035625,20.087517730496455,10.820496460992908,4.6316312056737585,,0.6219148936170212,14.433781588132637,1.2857142857142856,3.657142857142857,0.007214285714285714,0.08868532737586828,0.004405147018957946,0.7007857142857142,0.04049285714285714,1.54,3.18,14.7,13.5,0.0
2023-10-27 00:00:00+00:00,0.0033854166666666668,22.837943262411347,10.598936170212767,4.639645390070922,,0.8079432624113475,14.742733612565443,1.2285714285714286,3.6857142857142855,0.007571428571428571,0.07576244977825895,0.003840384580630004,0.7154285714285714,0.04391428571428571,1.59,2.98,12.32,15.7,0.0
2023-10-28 00:00:00+00:00,0.0030000000000000005,26.616737588652484,10.758581546099292,4.654964539007092,,0.9996453900709219,15.347382111692845,1.1714285714285715,3.7142857142857144,0.007928571428571427,0.06283957218064963,0.0032756221423020622,0.7300714285714286,0.047335714285714287,1.9,2.8,13.77,18.3,0.0
2023-10-29 00:00:00+00:00,0.0029687500000000005,26.87900709219858,10.754964539007092,4.678510638297872,,1.0143971631205675,15.668933787085514,1.1142857142857143,3.742857142857143,0.008285714285714285,0.04991669458304031,0.0027108597039741202,0.7447142857142857,0.050757142857142855,1.69,3.21,13.87,19.3,0.0
2023-10-30 00:00:00+00:00,0.0030000000000000005,31.196402877697842,11.48352111971831,4.6842253521126755,,1.1419718309859155,16.36815613240418,1.0571428571428572,3.7714285714285714,0.008642857142857143,0.036993816985430986,0.0021460972656461787,0.7593571428571428,0.05417857142857142,3.45,6.61,10.73,17.4,0.2
2023-10-31 00:00:00+00:00,0.0041875,44.04015602836879,10.217730489361701,4.8482269503546105,130.8273714285714,1.0307801418439717,15.018888014629049,1.0,3.8,0.009,0.024070939387821656,0.001581334827318237,0.774,0.0576,2.78,5.81,3.49,8.5,1.8
2023-11-01 00:00:00+00:00,0.005947916666666667,29.31557142857143,10.351134744680852,4.7669503546099286,,1.0212765957446808,13.674878184991275,1.0083333333333333,3.783333333333333,0.009166666666666667,0.02782393531387987,0.0018448906318712765,0.7439166666666667,0.055425,4.52,6.5,14.88,2.9,0.0
2023-11-02 00:00:00+00:00,0.0066770833333333335,26.22936170212766,9.694184375886525,4.542411347517731,,0.9335460992907801,12.693794031413614,1.0166666666666666,3.7666666666666666,0.009333333333333332,0.031576931239938086,0.002108446436424316,0.7138333333333333,0.05325,1.35,2.19,14.96,0.8,0.0
2023-11-03 00:00:00+00:00,0.00659375,31.42517730496454,10.225531879432625,4.646028368794327,,1.1385106382978722,12.02080064572426,1.025,3.75,0.0095,0.035329927165996304,0.0023720022409773555,0.6837500000000001,0.051074999999999995,1.55,2.78,14.77,3.4,0.0
2023-11-04 00:00:00+00:00,0.006031249999999999,35.872394366197184,10.87830985915493,4.6429577464788725,,1.317112676056338,12.046383850174216,1.0333333333333334,3.7333333333333334,0.009666666666666667,0.03908292309205452,0.002635558045530395,0.6536666666666667,0.0489,1.53,2.88,13.93,6.6,0.0
2023-11-05 00:00:00+00:00,0.0050729166666666665,37.48900709219858,11.64950354609929,4.6053900709219855,,1.3675177304964539,12.379393507853404,1.0416666666666667,3.716666666666667,0.009833333333333333,0.042835919018112734,0.002899113850083435,0.6235833333333334,0.046725,2.41,3.4,13.62,10.6,0.0
2023-11-06 00:00:00+00:00,0.005229166666666667,33.81702142857141,10.592560651639346,4.706071428571429,949.8389999999999,1.0696428571428571,12.164822826333712,1.05,3.7,0.01,0.04658891494417095,0.0031626696546364743,0.5935,0.04455,2.26,3.53,13.45,9.8,0.0
2023-11-07 00:00:00+00:00,0.0043749999999999995,38.66276595744681,11.670070914893616,4.711714285714286,,1.4320567375886526,12.237778429319372,1.0375,3.6875,0.00975,0.0416873728510863,0.0028379312525979076,0.5895625,0.0444,2.51,5.95,10.2,13.7,0.0
2023-11-08 00:00:00+00:00,0.003895833333333333,44.78877697841727,12.176382985815604,4.738297865248227,,1.751276595744681,12.585773472949388,1.025,3.6750000000000003,0.0095,0.036785830758001646,0.002513192850559341,0.5856250000000001,0.04425,2.15,3.41,11.48,14.2,0.0
2023-11-09 00:00:00+00:00,0.003645833333333334,55.12586956521739,12.218581560283688,4.689787234042553,,2.0621428571428573,13.12687842931937,1.0125,3.6625,0.00925,0.03188428866491699,0.0021884544485207746,0.5816875,0.0441,2.71,5.2,10.37,16.0,0.2
2023-11-10 00:00:00+00:00,0.0040416666666666665,51.74070422535211,11.980140845070423,4.739295774647887,,1.8212676056338029,13.483693937282231,1.0,3.6500000000000004,0.009000000000000001,0.026982746571832344,0.001863716046482208,0.57775,0.04395,2.55,4.05,2.37,11.8,3.5
2023-11-11 00:00:00+00:00,0.004833333333333334,63.11978723404255,12.323900709219858,4.82177304964539,,2.334964539007092,12.702097940663176,0.9875,3.6375,0.00875,0.02208120447874769,0.0015389776444436412,0.5738125000000001,0.0438,1.45,2.3,12.02,7.2,0.0
2023-11-12 00:00:00+00:00,0.005572916666666667,45.36163120567376,11.450709219858156,4.795071428571428,,1.571205673758865,12.092698219895288,0.975,3.625,0.0085,0.017179662385663038,0.0012142392424050747,0.569875,0.04365,1.58,2.38,13.1,6.0,0.0
2023-11-13 00:00:00+00:00,0.005697916666666667,42.92936170212766,11.504609929078015,4.842056737588653,,1.3909219858156028,11.710735235602094,0.9624999999999999,3.6125000000000003,0.00825,0.012278120292578389,0.0008895008403665083,0.5659375000000001,0.0435,1.41,3.08,13.08,6.7,0.0
2023-11-14 00:00:00+00:00,0.0055000000000000005,40.567864285714286,9.161377797619048,4.802142857142857,404.5193333333333,1.3972142857142857,11.843100489818381,0.95,3.6,0.008,0.007376578199493734,0.0005647624383279417,0.562,0.04335,2.38,3.41,12.65,8.5,0.0
2023-11-15 00:00:00+00:00,0.005562500000000001,47.14595744680851,11.541063829787234,4.891357142857142,,1.5323404255319149,11.260626335078534,0.965,3.5900000000000003,0.007825,0.007415402295280543,0.0005817053114777799,0.5614750000000001,0.043429999999999996,1.04,2.42,10.18,7.2,0.0
2023-11-16 00:00:00+00:00,0.005958333333333334,50.23422535211268,11.808802816901407,4.9063380281690145,,1.6676760563380282,11.018523641114982,0.98,3.58,0.0076500000000000005,0.0074542263910673525,0.0005986481846276182,0.5609500000000001,0.04351,1.74,2.48,12.82,6.9,0.0
2023-11-17 00:00:00+00:00,0.005135416666666667,45.80056737588652,12.155531914893617,4.852836879432624,,1.372836879432624,11.081879406631764,0.995,3.5700000000000003,0.007475,0.007493050486854161,0.0006155910577774564,0.5604250000000001,0.043590000000000004,2.0,4.54,9.24,10.6,0.0
2023-11-18 00:00:00+00:00,0.004791666666666667,43.17468085106383,12.623687943262413,4.768714285714286,,1.1756737588652484,11.659305567190227,1.01,3.56,0.0073,0.00753187458264097,0.0006325339309272947,0.5599000000000001,0.04367,3.37,5.2,11.95,11.8,5.5
2023-11-19 00:00:00+00:00,0.005979166666666667,47.50900709219859,12.118581560283689,4.776808510638298,,1.3848936170212767,11.236445113438045,1.025,3.5500000000000003,0.007125,0.007570698678427779,0.000649476804077133,0.5593750000000001,0.043750000000000004,2.09,3.61,12.45,5.9,0.0
2023-11-20 00:00:00+00:00,0.006124999999999999,47.66063829787234,11.678085106382978,4.813971631205674,,1.4373758865248225,10.665542094240838,1.04,3.54,0.00695,0.007609522774214589,0.0006664196772269712,0.5588500000000001,0.04383,2.12,3.1,8.99,5.1,0.0
2023-11-21 00:00:00+00:00,0.013895833333333335,48.49697183098591,11.44619718309859,4.852042253521127,,1.5116197183098592,10.28107555749129,1.055,3.5300000000000002,0.006775,0.007648346870001398,0.0006833625503768095,0.5583250000000001,0.043910000000000005,2.31,3.45,1.04,4.0,27.5
2023-11-22 00:00:00+00:00,0.008260416666666668,43.030141843971634,11.38936170212766,4.927304964539007,,1.3506382978723404,10.190632769633508,1.07,3.52,0.0066,0.0076871709657882065,0.0007003054235266478,0.5578000000000001,0.04399,3.8,5.87,9.43,7.1,12.9
2023-11-23 00:00:00+00:00,0.00690625,37.890851063829786,11.326524822695035,5.064468085106383,,1.2197872340425533,9.914246677137871,1.085,3.5100000000000002,0.006425,0.007725995061575016,0.000717248296676486,0.5572750000000001,0.044070000000000005,3.55,5.1,11.93,5.9,0.0
2023-11-24 00:00:00+00:00,0.006583333333333333,32.067517730496455,11.245177304964539,5.096666666666667,,1.0723404255319149,9.508051719022687,1.1,3.5,0.00625,0.007764819157361825,0.0007341911698263243,0.5567500000000001,0.04415,1.92,3.05,9.09,4.9,0.0
2023-11-25 00:00:00+00:00,0.007125,30.18106382978723,11.056808510638298,5.148226950354609,,1.0734751773049647,9.213680589877836,1.115,3.49,0.006075,0.007803643253148634,0.0007511340429761625,0.556225,0.044230000000000005,1.89,3.11,11.22,3.0,0.0
2023-11-26 00:00:00+00:00,0.007854166666666667,28.82049645390071,10.939574468085107,5.182553191489362,,1.0597163120567374,8.83371840139616,1.13,3.4800000000000004,0.0059,0.007842467348935444,0.0007680769161260007,0.5557,0.04431,1.42,3.94,11.15,1.0,0.0
2023-11-27 00:00:00+00:00,0.007291666666666668,28.011338028169014,11.060492957746478,5.158732394366197,,1.0329577464788733,8.474569843205575,1.145,3.47,0.005724999999999999,0.007881291444722252,0.000785019789275839,0.555175,0.04439,3.76,5.95,10.66,3.9,0.0
2023-11-28 00:00:00+00:00,0.008520833333333333,28.134822695035464,11.23836879432624,5.162411347517731,,1.0459574468085107,7.989402928446772,1.16,3.4600000000000004,0.005549999999999999,0.007920115540509061,0.0008019626624256773,0.55465,0.04447,5.64,8.45,10.79,-0.2,0.0
2023-11-29 00:00:00+00:00,0.009114583333333334,27.532695035460993,11.216170212765958,5.190921985815603,,1.0579432624113474,7.321636301919721,1.175,3.45,0.005375,0.00795893963629587,0.0008189055355755156,0.554125,0.044550000000000006,2.31,3.75,11.73,-2.5,0.0
2023-11-30 00:00:00+00:00,0.008229166666666668,26.79063829787234,11.348368794326241,5.200070921985816,,1.0500709219858155,6.886516237347295,1.19,3.4400000000000004,0.0052,0.007997763732082679,0.0008358484087253538,0.5536,0.04463,1.82,3.49,10.99,1.9,0.0
2023-12-01 00:00:00+00:00,0.0077395833333333336,25.9845390070922,11.478014184397164,5.205744680851064,,1.0268794326241135,6.683127453752181,1.205,3.43,0.005025,0.00803658782786949,0.0008527912818751921,0.553075,0.04471000000000001,1.72,3.92,2.96,2.6,1.3
2023-12-02 00:00:00+00:00,0.006260416666666667,28.713617021276594,11.39,5.170496453900709,,1.0855319148936171,6.958033301919721,1.22,3.4200000000000004,0.00485,0.008075411923656298,0.0008697341550250304,0.55255,0.04479,1.33,2.42,6.29,8.6,0.4
2023-12-03 00:00:00+00:00,0.006187499999999999,35.02246478873239,11.425422535211268,5.167535211267605,,1.36,7.321167263066202,1.2349999999999999,3.41,0.0046749999999999995,0.008114236019443107,0.0008866770281748686,0.552025,0.04487000000000001,2.03,4.62,7.79,12.9,8.4
2023-12-04 00:00:00+00:00,0.006239583333333333,28.498470921985813,10.257164586160108,5.159929078014184,565.507625,1.2270921985815604,8.129032536401674,1.25,3.4000000000000004,0.0045,0.008153060115229916,0.0009036199013247069,0.5515,0.044950000000000004,2.81,5.03,8.13,8.0,0.0
2023-12-05 00:00:00+00:00,0.0071354166666666675,28.870425531914893,11.714326241134753,5.1797872340425535,,1.0473049645390071,7.515705544502618,,,,,,,,2.1,3.97,8.52,4.4,0.3
2023-12-06 00:00:00+00:00,0.007552083333333333,30.260709219858157,11.830425531914893,5.201985815602837,,1.0492907801418438,7.341158397905759,,,,,,,,3.87,5.69,10.75,2.9,0.0
2023-12-07 00:00:00+00:00,0.0077083333333333335,32.0713475177305,11.415248226950354,5.208794326241135,,1.1381560283687941,6.972262006980803,,,,,,,,2.68,3.81,9.45,2.2,0.0
2023-12-08 00:00:00+00:00,0.00678125,32.641619718309855,11.607535211267605,5.240774647887324,,1.1700704225352112,6.802835015679443,,,,,,,,1.88,2.78,9.78,5.2,0.0
2023-12-09 00:00:00+00:00,0.0067395833333333335,32.13574468085107,11.853191489361702,5.257163120567376,,1.113900709219858,6.8122121273996505,,,,,,,,1.6,3.67,6.02,4.6,1.5
2023-12-10 00:00:00+00:00,0.017020833333333336,35.64021276595744,11.711347517730497,5.327730496453901,,1.2220567375886524,7.124627636998254,,,,,,,,2.65,5.66,2.53,10.6,19.9
2023-12-11 00:00:00+00:00,0.014791666666666667,35.376950354609924,11.57241134751773,5.684609929078014,,1.205531914893617,7.071466013961605,,,,,,,,5.53,7.82,10.18,1.7,13.2
2023-12-12 00:00:00+00:00,0.011145833333333334,35.29796992481203,11.44860655737705,5.855833333333334,,1.2369924812030075,6.5559827514677105,,,,,,,,2.24,3.47,10.81,-0.4,0.0
2023-12-13 00:00:00+00:00,0.010208333333333333,34.98211267605634,11.51943661971831,6.268421061403509,,1.205492957746479,6.315570686411149,,,,,,,,2.58,3.61,9.53,2.7,0.0
2023-12-14 00:00:00+00:00,0.010656249999999999,34.86070921985815,11.575886524822696,6.153129763358778,,1.1902127659574468,6.089377844677138,,,,,,,,1.88,3.12,10.74,0.6,0.0
2023-12-15 00:00:00+00:00,0.010197916666666666,35.83198581560284,11.706595744680852,6.66189393939394,,1.186241134751773,5.857649123909249,,,,,,,,1.91,2.78,10.65,1.9,0.0
2023-12-16 00:00:00+00:00,0.009541666666666667,36.36758865248227,11.6177304964539,6.102867654411765,,1.19354609929078,5.666610719022688,,,,,,,,1.61,2.27,9.82,2.5,0.0
2023-12-17 00:00:00+00:00,0.013635416666666665,36.26014184397163,11.564822695035462,6.388014713235294,,1.1788652482269504,5.647474481675392,,,,,,,,1.89,4.81,1.57,3.9,22.4
2023-12-18 00:00:00+00:00,0.01567741935483871,36.34913043478261,11.51063492063492,5.742189781021898,,1.1230434782608696,5.777081703508772,,,,,,,,6.08,7.83,7.71,6.1,11.3
2023-12-19 00:00:00+00:00,0.013197916666666665,33.404295774647885,11.582816901408451,5.767112676056338,,1.027394366197183,5.5141723919860635,,,,,,,,5.37,7.14,10.61,-1.2,0.0
2023-12-20 00:00:00+00:00,0.012249999999999999,32.47446808510638,11.672269503546099,5.787785714285714,,0.9770212765957447,5.181974452006981,,,,,,,,2.16,3.96,10.54,-1.3,0.0
2023-12-21 00:00:00+00:00,0.010958333333333334,34.47368794326241,11.73078014184397,6.315744680851064,,0.9884397163120567,5.061623729493892,,,,,,,,1.85,2.76,9.29,1.0,0.0
2023-12-22 00:00:00+00:00,0.01,34.44780141843972,11.517659574468086,6.386879439716312,,0.969645390070922,4.903956333333333,,,,,,,,0.95,1.84,9.41,2.3,0.0
2023-12-23 00:00:00+00:00,0.009229166666666667,36.8481560283688,11.47595744680851,6.201347517730496,,1.0019148936170212,4.8637590732984295,,,,,,,,1.15,2.12,7.96,2.3,0.0
2023-12-24 00:00:00+00:00,0.008385416666666666,40.24711267605634,11.693169014084507,5.988028176056337,,1.0482394366197183,5.311370367595819,,,,,,,,1.33,2.22,10.0,5.2,0.0
2023-12-25 00:00:00+00:00,0.00771875,47.79851063829787,11.795460992907802,6.062624113475177,,1.1974468085106382,5.618351385689355,,,,,,,,1.44,3.55,7.45,6.1,1.9
2023-12-26 00:00:00+00:00,0.0095625,56.77900709219858,11.81695035460993,5.9000719424460435,,1.4095744680851063,5.941728184991274,,,,,,,,2.44,3.81,0.99,6.7,12.7
2023-12-27 00:00:00+00:00,0.016770833333333336,53.90347517730497,11.681985815602838,5.84241134751773,,1.3195035460992908,6.440115296684119,,,,,,,,1.96,3.44,1.89,8.9,18.8
2023-12-28 00:00:00+00:00,0.01309375,54.84595744680851,11.890354609929078,5.972198581560284,,1.2819858156028368,6.701154169284468,,,,,,,,2.59,4.05,9.83,7.5,0.0
2023-12-29 00:00:00+00:00,0.011479166666666665,60.6209219858156,11.738085106382979,6.348439716312057,,1.4618439716312057,6.25910307678883,,,,,,,,2.78,4.3,5.61,3.2,0.0
2023-12-30 00:00:00+00:00,0.010791666666666666,56.41014084507042,11.320070422535212,6.212877697841727,,1.4228873239436621,5.8272041951219515,,,,,,,,3.42,5.07,6.34,1.4,0.0
2023-12-31 00:00:00+00:00,0.0105625,51.1168085106383,11.244468085106384,6.154214285714286,,1.2974468085106383,5.571125165794066,,,,,,,,2.45,3.44,10.22,2.9,0.0
