datetime,wind_speed,wind_max,solar_radiation,air_temp,precipitation
2015-08-03 00:00:00+00:00,1.63,2.69,26.66,24.3,0.0
2015-08-04 00:00:00+00:00,2.11,3.42,24.49,25.0,0.5
2015-08-05 00:00:00+00:00,2.01,2.82,21.6,25.4,0.7
2015-08-06 00:00:00+00:00,1.68,2.64,13.07,22.1,2.5
2015-08-07 00:00:00+00:00,2.42,3.38,6.02,19.4,4.9
2015-08-08 00:00:00+00:00,2.1,2.64,16.52,21.4,0.0
2015-08-09 00:00:00+00:00,1.22,2.35,19.74,22.9,0.0
2015-08-10 00:00:00+00:00,2.11,3.52,9.28,22.1,4.7
2015-08-11 00:00:00+00:00,2.67,3.69,20.17,22.7,14.2
2015-08-12 00:00:00+00:00,2.71,3.58,24.21,22.0,0.0
2015-08-13 00:00:00+00:00,1.48,2.26,19.04,21.2,0.0
2015-08-14 00:00:00+00:00,1.23,2.06,22.32,21.8,0.0
2015-08-15 00:00:00+00:00,0.88,1.63,21.34,23.5,0.0
2015-08-16 00:00:00+00:00,0.82,1.43,22.61,23.9,0.0
2015-08-17 00:00:00+00:00,1.18,1.84,20.57,24.2,0.0
2015-08-18 00:00:00+00:00,1.57,3.13,10.34,22.3,6.9
2015-08-19 00:00:00+00:00,1.62,2.51,15.09,22.1,10.4
2015-08-20 00:00:00+00:00,1.69,2.86,13.17,22.5,10.9
2015-08-21 00:00:00+00:00,1.81,2.8,22.49,21.9,0.0
2015-08-22 00:00:00+00:00,1.29,2.21,24.27,20.8,0.0
2015-08-23 00:00:00+00:00,1.45,2.65,19.15,21.7,0.0
2015-08-24 00:00:00+00:00,1.94,2.86,20.91,23.0,0.1
2015-08-25 00:00:00+00:00,2.33,3.12,24.3,21.3,0.0
2015-08-26 00:00:00+00:00,2.06,3.05,19.01,19.2,0.0
2015-08-27 00:00:00+00:00,1.73,2.57,17.56,19.1,0.0
2015-08-28 00:00:00+00:00,1.29,1.9,18.07,20.2,0.2
2015-08-29 00:00:00+00:00,1.28,1.84,18.67,21.6,0.0
2015-08-30 00:00:00+00:00,1.35,1.9,12.38,21.2,0.0
2015-08-31 00:00:00+00:00,1.29,1.92,19.89,22.0,0.1
2015-09-01 00:00:00+00:00,1.48,2.42,20.01,23.4,0.0
2015-09-02 00:00:00+00:00,1.72,2.91,20.38,24.5,0.7
2015-09-03 00:00:00+00:00,1.5,2.34,20.79,23.4,0.1
2015-09-04 00:00:00+00:00,1.92,2.42,20.28,24.0,0.2
2015-09-05 00:00:00+00:00,2.11,3.0,17.0,22.1,1.9
2015-09-06 00:00:00+00:00,1.56,2.33,19.17,21.8,0.0
2015-09-07 00:00:00+00:00,1.29,1.9,15.92,22.0,0.0
2015-09-08 00:00:00+00:00,1.28,2.2,17.63,23.4,0.0
2015-09-09 00:00:00+00:00,1.5,2.21,16.98,23.9,0.9
2015-09-10 00:00:00+00:00,1.41,3.0,16.21,22.3,5.4
2015-09-11 00:00:00+00:00,1.54,2.2,19.9,21.8,0.0
2015-09-12 00:00:00+00:00,1.9,3.7,10.02,19.6,7.4
2015-09-13 00:00:00+00:00,4.11,5.17,18.23,15.6,0.0
2015-09-14 00:00:00+00:00,2.0,3.28,23.26,14.6,0.0
2015-09-15 00:00:00+00:00,1.27,2.28,22.75,17.1,0.0
2015-09-16 00:00:00+00:00,1.35,2.06,21.39,18.8,0.0
2015-09-17 00:00:00+00:00,1.1,2.02,22.48,18.8,0.0
2015-09-18 00:00:00+00:00,1.18,1.92,22.24,19.9,0.0
2015-09-19 00:00:00+00:00,1.35,2.25,21.71,20.9,0.0
2015-09-20 00:00:00+00:00,2.33,3.19,14.84,20.9,0.0
2015-09-21 00:00:00+00:00,2.32,2.94,2.9,15.4,12.4
2015-09-22 00:00:00+00:00,2.68,3.33,7.09,14.6,6.2
2015-09-23 00:00:00+00:00,2.31,2.91,18.63,17.3,0.0
2015-09-24 00:00:00+00:00,2.78,4.16,16.88,17.2,0.0
2015-09-25 00:00:00+00:00,3.64,4.6,1.94,15.2,32.9
2015-09-26 00:00:00+00:00,4.06,4.67,2.27,14.4,17.3
2015-09-27 00:00:00+00:00,3.98,4.69,2.78,13.9,15.0
2015-09-28 00:00:00+00:00,3.03,3.78,3.14,16.7,5.4
2015-09-29 00:00:00+00:00,2.34,3.85,1.84,18.6,37.1
2015-09-30 00:00:00+00:00,2.37,4.08,10.71,20.3,3.3
2015-10-01 00:00:00+00:00,3.47,4.39,4.16,15.8,0.4
2015-10-02 00:00:00+00:00,4.32,5.14,1.44,9.9,14.4
2015-10-03 00:00:00+00:00,4.25,4.92,3.12,8.3,45.5
2015-10-04 00:00:00+00:00,5.12,6.15,2.37,10.6,6.3
2015-10-05 00:00:00+00:00,3.58,4.44,16.17,12.3,1.0
2015-10-06 00:00:00+00:00,1.75,2.38,17.9,13.4,0.0
2015-10-07 00:00:00+00:00,1.25,2.22,14.89,16.1,0.0
2015-10-08 00:00:00+00:00,1.75,2.33,13.54,16.6,0.2
2015-10-09 00:00:00+00:00,2.53,3.52,13.18,18.1,0.0
2015-10-10 00:00:00+00:00,2.43,3.09,2.35,14.4,0.8
2015-10-11 00:00:00+00:00,1.05,2.3,17.31,13.0,0.0
2015-10-12 00:00:00+00:00,1.57,2.8,17.51,14.2,0.0
2015-10-13 00:00:00+00:00,3.14,4.6,16.44,15.9,1.2
2015-10-14 00:00:00+00:00,2.82,4.07,17.61,14.9,0.0
2015-10-15 00:00:00+00:00,2.32,3.2,17.91,12.4,0.0
2015-10-16 00:00:00+00:00,2.75,4.25,14.02,12.0,0.0
2015-10-17 00:00:00+00:00,2.96,4.67,17.49,8.4,0.0
2015-10-18 00:00:00+00:00,2.75,4.6,17.47,5.1,0.0
2015-10-19 00:00:00+00:00,1.27,2.46,17.12,5.4,0.0
2015-10-20 00:00:00+00:00,1.77,2.31,16.25,9.1,0.0
2015-10-21 00:00:00+00:00,1.56,2.3,16.26,12.0,0.0
2015-10-22 00:00:00+00:00,1.91,2.56,15.88,13.8,0.0
2015-10-23 00:00:00+00:00,2.18,2.72,13.43,15.2,0.0
2015-10-24 00:00:00+00:00,2.17,2.98,7.48,13.4,0.0
2015-10-25 00:00:00+00:00,2.16,2.72,7.24,14.1,2.0
2015-10-26 00:00:00+00:00,2.46,3.14,6.85,10.8,0.2
2015-10-27 00:00:00+00:00,2.53,3.53,2.48,7.5,11.1
2015-10-28 00:00:00+00:00,3.77,4.52,2.46,12.0,33.6
2015-10-29 00:00:00+00:00,2.93,4.03,9.71,14.2,0.0
2015-10-30 00:00:00+00:00,2.41,3.06,15.12,9.6,0.0
2015-10-31 00:00:00+00:00,1.66,2.75,12.1,7.4,0.0
2015-11-01 00:00:00+00:00,1.85,2.72,6.62,12.5,1.1
2015-11-02 00:00:00+00:00,1.73,2.62,2.02,12.4,10.7
2015-11-03 00:00:00+00:00,1.55,2.15,5.9,12.9,0.0
2015-11-04 00:00:00+00:00,0.97,1.92,5.48,14.1,0.0
2015-11-05 00:00:00+00:00,1.28,2.95,9.19,15.7,0.0
2015-11-06 00:00:00+00:00,3.01,4.57,8.73,17.3,0.0
2015-11-07 00:00:00+00:00,2.22,3.89,1.55,14.8,14.3
2015-11-08 00:00:00+00:00,2.69,4.48,12.13,8.7,0.0
2015-11-09 00:00:00+00:00,2.04,4.13,2.23,5.5,15.9
2015-11-10 00:00:00+00:00,2.98,4.83,6.6,9.7,9.6
2015-11-11 00:00:00+00:00,3.87,5.08,12.87,10.2,0.0
2015-11-12 00:00:00+00:00,2.6,5.63,9.22,11.4,0.0
2015-11-13 00:00:00+00:00,5.55,6.84,13.29,9.8,0.0
2015-11-14 00:00:00+00:00,4.2,4.88,13.34,6.1,0.0
2015-11-15 00:00:00+00:00,1.99,3.58,12.92,6.4,0.0
2015-11-16 00:00:00+00:00,1.48,2.08,12.47,8.0,0.0
2015-11-17 00:00:00+00:00,1.83,3.48,8.02,10.1,0.0
2015-11-18 00:00:00+00:00,2.89,3.75,3.97,10.9,0.0
2015-11-19 00:00:00+00:00,2.47,4.1,4.3,14.9,27.4
2015-11-20 00:00:00+00:00,3.19,4.18,12.58,8.8,0.0
2015-11-21 00:00:00+00:00,2.13,3.05,12.36,4.8,0.0
2015-11-22 00:00:00+00:00,3.6,4.43,10.65,4.5,0.0
2015-11-23 00:00:00+00:00,2.73,4.2,12.35,0.5,0.0
2015-11-24 00:00:00+00:00,1.85,2.35,11.93,2.3,0.0
2015-11-25 00:00:00+00:00,1.58,3.05,11.55,4.3,0.0
2015-11-26 00:00:00+00:00,1.55,2.47,11.03,5.8,0.0
2015-11-27 00:00:00+00:00,1.15,2.31,9.55,8.7,0.0
2015-11-28 00:00:00+00:00,1.6,2.28,7.0,9.7,0.0
2015-11-29 00:00:00+00:00,1.62,2.81,1.88,11.2,2.2
2015-11-30 00:00:00+00:00,2.64,3.67,0.54,5.3,16.7
2015-12-01 00:00:00+00:00,1.04,1.89,1.78,4.9,18.1
2015-12-02 00:00:00+00:00,2.53,3.26,1.33,10.1,28.9
2015-12-03 00:00:00+00:00,4.11,5.46,11.27,5.0,0.0
2015-12-04 00:00:00+00:00,1.76,3.28,11.37,1.9,0.0
2015-12-05 00:00:00+00:00,1.37,1.99,11.24,2.1,0.0
2015-12-06 00:00:00+00:00,1.11,2.08,10.96,3.0,0.0
2015-12-07 00:00:00+00:00,1.6,2.16,6.35,3.7,0.9
2015-12-08 00:00:00+00:00,2.17,2.91,9.34,5.1,0.0
2015-12-09 00:00:00+00:00,2.29,3.85,8.36,5.6,0.0
2015-12-10 00:00:00+00:00,2.07,3.1,9.88,8.7,0.0
2015-12-11 00:00:00+00:00,2.18,3.81,7.45,10.9,0.0
2015-12-12 00:00:00+00:00,2.06,2.58,9.3,13.5,0.0
2015-12-13 00:00:00+00:00,1.87,3.13,9.13,12.4,0.0
2015-12-14 00:00:00+00:00,3.47,4.95,1.23,13.8,3.9
2015-12-15 00:00:00+00:00,4.05,5.41,10.62,12.9,0.0
2015-12-16 00:00:00+00:00,1.62,2.37,10.45,7.2,0.0
2015-12-17 00:00:00+00:00,1.14,2.06,1.79,7.9,15.9
2015-12-18 00:00:00+00:00,3.88,6.28,10.68,5.2,0.0
2015-12-19 00:00:00+00:00,4.43,5.78,10.92,0.2,0.0
2015-12-20 00:00:00+00:00,2.1,3.42,9.88,1.2,0.0
2015-12-21 00:00:00+00:00,2.67,4.08,3.97,3.9,1.8
2015-12-22 00:00:00+00:00,2.32,2.91,3.48,9.4,7.1
2015-12-23 00:00:00+00:00,1.81,3.55,1.17,11.1,20.2
2015-12-24 00:00:00+00:00,3.64,5.92,1.71,15.8,3.6
2015-12-25 00:00:00+00:00,2.65,4.03,3.11,16.6,4.4
2015-12-26 00:00:00+00:00,1.82,2.82,1.36,13.2,2.1
2015-12-27 00:00:00+00:00,2.34,4.85,6.9,15.1,1.7
2015-12-28 00:00:00+00:00,3.13,4.41,1.31,10.7,2.7
2015-12-29 00:00:00+00:00,2.1,4.73,5.42,8.2,7.3
2015-12-30 00:00:00+00:00,1.52,2.62,2.85,9.0,4.6
2015-12-31 00:00:00+00:00,2.21,3.31,5.73,9.2,1.7
2016-01-01 00:00:00+00:00,3.63,4.03,7.3,4.1,0.0
2016-01-02 00:00:00+00:00,3.7,4.52,11.12,1.7,0.0
2016-01-03 00:00:00+00:00,3.42,4.4,11.07,2.5,0.0
2016-01-04 00:00:00+00:00,4.03,6.17,7.85,0.1,0.0
2016-01-05 00:00:00+00:00,2.98,4.3,11.76,-3.4,0.0
2016-01-06 00:00:00+00:00,1.1,1.92,11.57,-3.6,0.0
2016-01-07 00:00:00+00:00,1.06,2.24,8.23,0.2,0.0
2016-01-08 00:00:00+00:00,1.09,1.88,1.28,-0.3,4.5
2016-01-09 00:00:00+00:00,1.22,2.38,2.47,1.9,0.4
2016-01-10 00:00:00+00:00,3.7,7.16,9.26,4.8,8.9
2016-01-11 00:00:00+00:00,4.22,5.83,12.03,-2.2,0.0
2016-01-12 00:00:00+00:00,3.73,8.3,10.08,-1.1,0.0
2016-01-13 00:00:00+00:00,3.53,4.83,12.14,-3.6,0.0
2016-01-14 00:00:00+00:00,2.74,4.04,11.74,1.0,0.0
2016-01-15 00:00:00+00:00,1.87,3.23,4.1,2.1,7.9
2016-01-16 00:00:00+00:00,3.42,4.92,7.08,4.0,6.8
2016-01-17 00:00:00+00:00,2.54,4.63,7.16,0.5,0.8
2016-01-18 00:00:00+00:00,4.65,5.46,12.97,-5.3,0.0
2016-01-19 00:00:00+00:00,3.56,4.46,12.83,-8.7,0.0
2016-01-20 00:00:00+00:00,2.33,4.11,8.18,-6.0,1.0
2016-01-21 00:00:00+00:00,2.23,3.44,12.32,-2.6,0.0
2016-01-22 00:00:00+00:00,2.88,4.16,1.46,-5.8,20.9
2016-01-23 00:00:00+00:00,4.68,6.02,4.66,-6.1,19.0
2016-01-24 00:00:00+00:00,4.18,5.83,13.43,-5.2,0.0
2016-01-25 00:00:00+00:00,1.78,2.73,11.39,-4.7,0.0
2016-01-26 00:00:00+00:00,2.83,3.7,6.12,1.5,0.1
2016-01-27 00:00:00+00:00,3.09,4.39,11.72,1.1,0.8
2016-01-28 00:00:00+00:00,1.7,2.47,12.19,-3.6,0.0
2016-01-29 00:00:00+00:00,3.58,6.24,9.12,-1.2,0.0
2016-01-30 00:00:00+00:00,2.36,3.95,13.5,-0.6,0.0
2016-01-31 00:00:00+00:00,2.66,4.46,13.01,3.9,0.0
2016-02-01 00:00:00+00:00,2.75,4.57,7.5,8.0,6.5
2016-02-02 00:00:00+00:00,1.96,2.67,4.87,5.3,3.0
2016-02-03 00:00:00+00:00,2.61,4.71,1.41,8.8,16.9
2016-02-04 00:00:00+00:00,3.07,4.26,11.34,7.2,0.0
2016-02-05 00:00:00+00:00,4.48,5.66,15.09,1.4,0.0
2016-02-06 00:00:00+00:00,1.26,2.4,13.31,-0.1,0.0
2016-02-07 00:00:00+00:00,1.65,3.4,11.02,1.3,0.0
2016-02-08 00:00:00+00:00,1.57,3.1,8.69,0.8,1.0
2016-02-09 00:00:00+00:00,3.71,5.26,11.69,-1.4,0.0
2016-02-10 00:00:00+00:00,5.16,6.14,14.49,-4.4,0.0
2016-02-11 00:00:00+00:00,4.44,5.42,16.3,-6.5,0.0
2016-02-12 00:00:00+00:00,1.77,2.64,11.56,-4.0,0.1
2016-02-13 00:00:00+00:00,5.06,7.3,16.6,-6.2,0.0
2016-02-14 00:00:00+00:00,2.19,4.46,13.8,-8.8,0.0
2016-02-15 00:00:00+00:00,2.3,3.77,3.28,-6.4,13.7
2016-02-16 00:00:00+00:00,2.82,5.99,15.6,0.9,25.8
2016-02-17 00:00:00+00:00,2.98,5.05,16.53,0.6,0.0
2016-02-18 00:00:00+00:00,2.62,4.05,16.99,-1.1,0.0
2016-02-19 00:00:00+00:00,2.48,4.71,15.34,0.1,0.0
2016-02-20 00:00:00+00:00,3.46,4.57,11.43,7.4,0.0
2016-02-21 00:00:00+00:00,2.49,3.92,7.61,8.6,14.2
2016-02-22 00:00:00+00:00,2.33,3.01,4.11,6.6,0.5
2016-02-23 00:00:00+00:00,2.23,2.64,1.94,3.9,16.5
2016-02-24 00:00:00+00:00,3.33,6.82,3.66,5.9,23.4
2016-02-25 00:00:00+00:00,6.4,8.94,12.87,4.5,0.1
2016-02-26 00:00:00+00:00,5.27,6.4,18.39,0.3,0.0
2016-02-27 00:00:00+00:00,2.3,3.69,16.56,0.8,0.0
2016-02-28 00:00:00+00:00,2.78,4.3,18.76,5.0,0.0
2016-02-29 00:00:00+00:00,4.4,6.9,17.11,8.7,0.0
2016-03-01 00:00:00+00:00,2.54,4.81,17.77,7.5,0.0
2016-03-02 00:00:00+00:00,5.47,6.83,19.9,4.5,6.2
2016-03-03 00:00:00+00:00,1.83,3.14,8.69,-0.5,0.9
2016-03-04 00:00:00+00:00,2.25,4.69,16.27,1.7,2.2
2016-03-05 00:00:00+00:00,1.94,3.75,14.44,2.5,0.1
2016-03-06 00:00:00+00:00,1.88,3.22,17.37,3.6,1.4
2016-03-07 00:00:00+00:00,2.2,3.71,16.31,6.5,0.0
2016-03-08 00:00:00+00:00,2.51,3.79,19.72,11.6,0.0
2016-03-09 00:00:00+00:00,2.73,4.27,17.73,13.3,0.0
2016-03-10 00:00:00+00:00,3.59,5.42,18.13,15.5,0.0
2016-03-11 00:00:00+00:00,2.68,4.89,9.78,16.9,0.0
2016-03-12 00:00:00+00:00,1.86,2.33,8.63,14.6,0.6
2016-03-13 00:00:00+00:00,1.95,2.82,4.35,14.1,6.3
2016-03-14 00:00:00+00:00,2.11,3.82,9.01,13.6,11.4
2016-03-15 00:00:00+00:00,2.35,4.91,15.75,14.0,10.0
2016-03-16 00:00:00+00:00,2.61,5.56,19.58,16.3,0.3
2016-03-17 00:00:00+00:00,3.5,6.4,20.64,12.8,0.0
2016-03-18 00:00:00+00:00,2.48,3.9,22.29,10.5,0.0
2016-03-19 00:00:00+00:00,2.45,3.35,7.27,6.5,3.1
2016-03-20 00:00:00+00:00,1.78,2.77,5.07,2.8,1.9
2016-03-21 00:00:00+00:00,3.62,5.52,23.07,3.6,0.7
2016-03-22 00:00:00+00:00,2.91,5.02,22.38,6.1,0.0
2016-03-23 00:00:00+00:00,3.45,4.62,22.65,11.3,0.0
2016-03-24 00:00:00+00:00,3.92,6.84,22.71,13.5,0.0
2016-03-25 00:00:00+00:00,3.88,4.74,19.09,14.5,3.0
2016-03-26 00:00:00+00:00,2.22,4.25,16.23,9.2,0.0
2016-03-27 00:00:00+00:00,1.57,2.36,4.94,10.2,0.4
2016-03-28 00:00:00+00:00,3.44,6.54,23.26,11.1,3.8
2016-03-29 00:00:00+00:00,3.26,4.14,23.56,8.8,0.0
2016-03-30 00:00:00+00:00,2.74,4.83,24.15,8.9,0.0
2016-03-31 00:00:00+00:00,4.67,7.43,8.28,12.5,0.2
2016-04-01 00:00:00+00:00,3.83,6.16,12.75,17.1,2.0
2016-04-02 00:00:00+00:00,3.95,7.7,21.17,12.9,2.9
2016-04-03 00:00:00+00:00,5.24,7.72,25.29,5.6,0.0
2016-04-04 00:00:00+00:00,3.96,6.67,23.5,11.4,0.4
2016-04-05 00:00:00+00:00,3.69,5.68,25.84,6.1,0.2
2016-04-06 00:00:00+00:00,3.28,5.53,23.81,4.6,0.0
2016-04-07 00:00:00+00:00,4.96,7.08,20.15,9.6,9.5
2016-04-08 00:00:00+00:00,4.49,5.24,21.95,5.9,0.0
2016-04-09 00:00:00+00:00,5.74,9.65,24.99,3.1,0.2
2016-04-10 00:00:00+00:00,2.46,4.6,25.7,2.7,0.0
2016-04-11 00:00:00+00:00,4.22,6.32,22.42,10.6,0.0
2016-04-12 00:00:00+00:00,3.78,5.41,18.98,14.0,2.4
2016-04-13 00:00:00+00:00,2.39,4.2,26.74,8.8,0.0
2016-04-14 00:00:00+00:00,1.94,2.57,26.58,9.1,0.0
2016-04-15 00:00:00+00:00,2.28,3.13,26.39,9.3,0.0
2016-04-16 00:00:00+00:00,1.57,2.82,27.14,10.3,0.0
2016-04-17 00:00:00+00:00,1.41,2.94,27.02,13.2,0.0
2016-04-18 00:00:00+00:00,1.58,2.5,27.04,16.6,0.0
2016-04-19 00:00:00+00:00,2.68,4.22,24.78,18.3,0.0
2016-04-20 00:00:00+00:00,2.78,3.62,26.97,16.1,0.0
2016-04-21 00:00:00+00:00,3.14,5.1,15.57,15.4,0.0
2016-04-22 00:00:00+00:00,2.65,3.71,8.18,14.9,6.8
2016-04-23 00:00:00+00:00,3.23,4.84,20.7,14.7,1.7
2016-04-24 00:00:00+00:00,2.1,4.66,27.63,13.9,0.0
2016-04-25 00:00:00+00:00,2.46,3.88,24.35,17.2,0.1
2016-04-26 00:00:00+00:00,3.54,4.34,23.24,20.1,0.0
2016-04-27 00:00:00+00:00,1.9,3.18,18.81,19.3,1.8
2016-04-28 00:00:00+00:00,1.86,3.59,12.49,17.5,1.9
2016-04-29 00:00:00+00:00,2.06,3.89,23.32,17.6,0.3
2016-04-30 00:00:00+00:00,2.23,2.92,6.0,14.3,0.0
2016-05-01 00:00:00+00:00,2.3,3.37,10.12,14.7,20.0
2016-05-02 00:00:00+00:00,2.25,3.2,21.12,18.8,3.6
2016-05-03 00:00:00+00:00,1.86,2.83,19.76,17.6,10.4
2016-05-04 00:00:00+00:00,2.9,4.03,19.6,14.5,0.0
2016-05-05 00:00:00+00:00,3.04,4.36,3.11,9.1,25.6
2016-05-06 00:00:00+00:00,2.98,3.91,18.88,10.4,5.8
2016-05-07 00:00:00+00:00,2.44,4.27,24.14,13.6,0.2
2016-05-08 00:00:00+00:00,3.53,4.3,22.83,16.9,0.0
2016-05-09 00:00:00+00:00,1.44,2.5,17.68,16.4,0.7
2016-05-10 00:00:00+00:00,2.08,4.74,22.31,19.1,0.3
2016-05-11 00:00:00+00:00,1.46,2.83,18.6,17.9,2.7
2016-05-12 00:00:00+00:00,1.43,2.8,14.98,18.5,1.4
2016-05-13 00:00:00+00:00,3.29,4.66,24.53,18.5,1.1
2016-05-14 00:00:00+00:00,2.96,5.63,24.18,14.9,0.9
2016-05-15 00:00:00+00:00,5.62,6.8,27.66,9.1,0.0
2016-05-16 00:00:00+00:00,1.92,3.55,26.7,10.1,0.0
2016-05-17 00:00:00+00:00,1.44,2.3,7.21,11.6,8.7
2016-05-18 00:00:00+00:00,1.99,2.66,10.11,11.6,0.0
2016-05-19 00:00:00+00:00,1.44,1.84,7.89,12.4,1.9
2016-05-20 00:00:00+00:00,1.8,2.66,13.67,12.9,0.0
2016-05-21 00:00:00+00:00,1.48,2.21,11.63,14.1,13.7
2016-05-22 00:00:00+00:00,2.73,5.44,20.02,14.2,1.8
2016-05-23 00:00:00+00:00,2.13,3.01,20.13,13.5,1.9
2016-05-24 00:00:00+00:00,2.15,3.08,24.13,16.6,0.2
2016-05-25 00:00:00+00:00,1.65,2.33,29.91,19.3,0.0
2016-05-26 00:00:00+00:00,2.03,3.19,20.8,20.7,0.4
2016-05-27 00:00:00+00:00,1.66,2.7,24.85,21.2,0.3
2016-05-28 00:00:00+00:00,1.67,2.68,27.68,22.3,0.0
2016-05-29 00:00:00+00:00,0.98,2.37,6.8,19.1,11.8
2016-05-30 00:00:00+00:00,1.31,1.81,22.06,19.3,2.1
2016-05-31 00:00:00+00:00,1.49,2.5,23.47,21.9,0.0
2016-06-01 00:00:00+00:00,1.37,2.82,25.7,22.3,0.0
2016-06-02 00:00:00+00:00,1.26,2.7,23.4,22.2,4.0
2016-06-03 00:00:00+00:00,1.22,1.71,20.13,21.9,1.5
2016-06-04 00:00:00+00:00,1.06,2.2,23.02,22.3,6.5
2016-06-05 00:00:00+00:00,2.55,5.85,16.37,21.3,20.1
2016-06-06 00:00:00+00:00,2.63,3.62,23.1,21.3,0.0
2016-06-07 00:00:00+00:00,3.38,5.59,25.75,21.1,0.0
2016-06-08 00:00:00+00:00,4.03,6.57,30.52,17.4,0.0
2016-06-09 00:00:00+00:00,2.78,3.97,30.9,17.3,0.0
2016-06-10 00:00:00+00:00,1.55,2.66,25.12,20.3,0.0
2016-06-11 00:00:00+00:00,2.54,4.11,27.87,23.9,0.0
2016-06-12 00:00:00+00:00,4.22,6.28,26.47,25.1,0.0
2016-06-13 00:00:00+00:00,2.6,4.22,31.33,22.2,0.0
2016-06-14 00:00:00+00:00,1.99,3.55,27.65,22.2,0.0
2016-06-15 00:00:00+00:00,1.33,2.34,19.62,22.8,2.4
2016-06-16 00:00:00+00:00,2.58,3.91,28.16,25.5,0.0
2016-06-17 00:00:00+00:00,3.21,5.3,17.78,22.1,1.2
2016-06-18 00:00:00+00:00,2.46,3.51,25.3,20.5,0.0
2016-06-19 00:00:00+00:00,1.56,2.16,30.59,21.3,0.0
2016-06-20 00:00:00+00:00,1.69,2.4,29.58,22.9,0.0
2016-06-21 00:00:00+00:00,2.89,4.85,16.69,24.2,3.2
2016-06-22 00:00:00+00:00,3.14,4.16,18.85,23.1,0.3
2016-06-23 00:00:00+00:00,2.73,4.68,16.11,23.9,2.6
2016-06-24 00:00:00+00:00,2.26,3.82,21.86,24.3,3.8
2016-06-25 00:00:00+00:00,2.34,3.1,20.0,23.2,0.2
2016-06-26 00:00:00+00:00,1.27,2.28,24.89,22.9,0.5
2016-06-27 00:00:00+00:00,1.81,2.83,21.92,23.5,4.1
2016-06-28 00:00:00+00:00,1.33,1.89,16.8,23.1,0.0
2016-06-29 00:00:00+00:00,2.06,2.9,25.06,23.5,0.0
2016-06-30 00:00:00+00:00,2.0,2.86,23.02,21.8,0.5
2016-07-01 00:00:00+00:00,1.72,3.91,24.04,23.7,0.0
2016-07-02 00:00:00+00:00,1.43,2.36,23.73,23.7,0.0
2016-07-03 00:00:00+00:00,1.92,2.73,7.85,19.9,4.2
2016-07-04 00:00:00+00:00,1.99,3.64,7.29,18.4,15.7
2016-07-05 00:00:00+00:00,2.73,4.47,17.86,23.4,4.8
2016-07-06 00:00:00+00:00,2.15,2.71,21.02,24.5,0.0
2016-07-07 00:00:00+00:00,2.67,3.3,15.92,23.7,7.0
2016-07-08 00:00:00+00:00,3.77,5.8,21.95,23.5,0.1
2016-07-09 00:00:00+00:00,3.46,4.66,26.19,25.0,0.0
2016-07-10 00:00:00+00:00,2.58,3.42,22.9,22.8,0.0
2016-07-11 00:00:00+00:00,1.56,2.15,24.18,23.5,0.0
2016-07-12 00:00:00+00:00,1.51,2.51,17.63,24.0,3.4
2016-07-13 00:00:00+00:00,1.85,2.96,22.21,24.6,0.0
2016-07-14 00:00:00+00:00,2.1,3.24,25.91,26.4,0.4
2016-07-15 00:00:00+00:00,2.23,3.52,21.0,25.4,0.2
2016-07-16 00:00:00+00:00,1.33,2.84,21.46,25.1,0.0
2016-07-17 00:00:00+00:00,1.57,2.52,26.83,25.1,0.0
2016-07-18 00:00:00+00:00,2.28,3.34,24.91,26.6,0.0
2016-07-19 00:00:00+00:00,2.0,2.97,24.78,25.9,1.0
2016-07-20 00:00:00+00:00,1.52,2.75,26.82,25.2,0.0
2016-07-21 00:00:00+00:00,0.97,1.73,27.26,25.6,0.0
2016-07-22 00:00:00+00:00,1.86,2.52,26.16,27.0,0.0
2016-07-23 00:00:00+00:00,1.55,2.34,24.88,27.9,0.0
2016-07-24 00:00:00+00:00,1.35,2.11,26.04,29.2,0.0
2016-07-25 00:00:00+00:00,1.92,2.56,23.09,29.4,0.0
2016-07-26 00:00:00+00:00,1.82,2.97,21.38,28.5,2.0
2016-07-27 00:00:00+00:00,1.19,1.75,20.38,26.3,9.7
2016-07-28 00:00:00+00:00,1.5,3.47,21.91,25.6,3.5
2016-07-29 00:00:00+00:00,2.24,4.36,21.39,25.0,0.0
2016-07-30 00:00:00+00:00,1.51,4.08,20.89,26.1,0.9
2016-07-31 00:00:00+00:00,1.06,1.78,19.38,24.8,1.5
2016-08-01 00:00:00+00:00,1.62,2.22,22.06,24.8,0.2
2016-08-02 00:00:00+00:00,1.02,2.6,19.0,25.6,0.4
2016-08-03 00:00:00+00:00,2.55,4.22,5.44,21.3,8.9
2016-08-04 00:00:00+00:00,1.7,2.37,6.49,19.8,6.1
2016-08-05 00:00:00+00:00,1.5,3.2,9.15,21.0,1.6
2016-08-06 00:00:00+00:00,2.08,3.26,21.82,24.3,2.3
2016-08-07 00:00:00+00:00,1.76,2.7,16.38,23.9,1.1
2016-08-08 00:00:00+00:00,1.7,2.82,6.37,20.8,6.5
2016-08-09 00:00:00+00:00,2.1,2.8,8.37,19.8,2.6
2016-08-10 00:00:00+00:00,2.14,3.75,18.64,23.6,0.5
2016-08-11 00:00:00+00:00,1.96,2.93,21.15,25.2,0.0
2016-08-12 00:00:00+00:00,2.14,3.71,23.01,26.2,0.0
2016-08-13 00:00:00+00:00,2.67,4.48,23.14,27.1,0.2
2016-08-14 00:00:00+00:00,2.12,3.41,20.34,26.7,1.5
2016-08-15 00:00:00+00:00,1.17,2.91,22.46,26.3,3.0
2016-08-16 00:00:00+00:00,1.71,3.58,21.06,26.1,0.6
2016-08-17 00:00:00+00:00,1.6,2.48,20.08,25.5,3.4
2016-08-18 00:00:00+00:00,2.11,2.9,17.87,24.2,0.0
2016-08-19 00:00:00+00:00,1.51,2.31,15.62,24.1,0.0
2016-08-20 00:00:00+00:00,1.63,3.0,19.36,24.4,1.7
2016-08-21 00:00:00+00:00,2.28,3.61,16.84,23.9,0.5
2016-08-22 00:00:00+00:00,2.3,3.68,26.11,21.7,0.0
2016-08-23 00:00:00+00:00,1.55,2.12,18.47,21.7,0.0
2016-08-24 00:00:00+00:00,1.49,1.9,19.19,23.2,0.0
2016-08-25 00:00:00+00:00,1.85,2.55,21.6,25.2,0.0
2016-08-26 00:00:00+00:00,1.65,2.31,21.63,26.9,0.0
2016-08-27 00:00:00+00:00,1.73,2.72,20.29,27.2,0.4
2016-08-28 00:00:00+00:00,1.95,2.91,23.94,26.2,0.2
2016-08-29 00:00:00+00:00,1.6,2.33,21.78,25.5,0.2
2016-08-30 00:00:00+00:00,1.48,2.3,21.41,25.8,0.0
2016-08-31 00:00:00+00:00,1.16,1.84,18.8,26.5,0.0
2016-09-01 00:00:00+00:00,1.92,2.5,18.13,24.8,0.3
2016-09-02 00:00:00+00:00,3.28,5.27,13.52,22.0,0.0
2016-09-03 00:00:00+00:00,3.54,4.46,20.15,21.2,0.0
2016-09-04 00:00:00+00:00,1.19,1.89,18.05,21.6,0.0
2016-09-05 00:00:00+00:00,1.03,2.09,23.95,22.3,0.0
2016-09-06 00:00:00+00:00,2.61,3.82,23.11,23.9,0.0
2016-09-07 00:00:00+00:00,2.78,3.82,17.65,25.4,0.0
2016-09-08 00:00:00+00:00,2.29,2.9,18.22,26.1,0.0
2016-09-09 00:00:00+00:00,2.01,2.26,18.9,26.8,0.0
2016-09-10 00:00:00+00:00,1.76,3.54,17.35,27.0,0.0
2016-09-11 00:00:00+00:00,2.94,3.94,21.73,25.7,0.0
2016-09-12 00:00:00+00:00,1.97,2.4,18.46,22.5,0.0
2016-09-13 00:00:00+00:00,1.66,2.4,17.25,23.4,0.0
2016-09-14 00:00:00+00:00,1.91,2.56,17.86,25.0,0.0
2016-09-15 00:00:00+00:00,2.64,3.67,18.55,23.3,0.1
2016-09-16 00:00:00+00:00,2.26,3.14,7.96,20.9,0.6
2016-09-17 00:00:00+00:00,2.25,2.91,11.57,21.8,0.0
2016-09-18 00:00:00+00:00,1.71,2.6,14.05,22.8,0.0
2016-09-19 00:00:00+00:00,1.76,2.9,9.11,21.5,7.3
2016-09-20 00:00:00+00:00,2.39,4.18,16.61,21.4,0.0
2016-09-21 00:00:00+00:00,3.09,4.94,12.65,21.7,0.0
2016-09-22 00:00:00+00:00,2.43,3.28,10.77,21.0,1.8
2016-09-23 00:00:00+00:00,1.25,1.93,20.13,22.3,0.0
2016-09-24 00:00:00+00:00,1.69,3.08,16.98,23.5,0.0
2016-09-25 00:00:00+00:00,2.22,3.18,5.79,20.6,0.6
2016-09-26 00:00:00+00:00,2.33,3.52,3.85,18.4,3.6
2016-09-27 00:00:00+00:00,1.79,2.61,15.31,19.6,11.7
2016-09-28 00:00:00+00:00,1.76,3.44,9.67,17.8,10.7
2016-09-29 00:00:00+00:00,2.34,3.45,6.95,18.2,25.0
2016-09-30 00:00:00+00:00,3.85,6.04,4.94,16.9,59.1
2016-10-01 00:00:00+00:00,1.99,2.98,13.44,17.5,3.8
2016-10-02 00:00:00+00:00,1.0,1.88,13.2,17.7,0.0
2016-10-03 00:00:00+00:00,1.5,2.42,13.65,17.6,0.0
2016-10-04 00:00:00+00:00,2.15,3.01,14.82,17.3,0.0
2016-10-05 00:00:00+00:00,2.46,3.11,7.67,15.2,0.1
2016-10-06 00:00:00+00:00,1.96,2.5,14.35,15.9,0.0
2016-10-07 00:00:00+00:00,2.98,4.85,1.51,15.4,29.8
2016-10-08 00:00:00+00:00,3.64,4.81,1.46,16.3,46.3
2016-10-09 00:00:00+00:00,5.53,6.53,18.89,14.1,0.1
2016-10-10 00:00:00+00:00,2.56,4.47,18.79,12.0,0.0
2016-10-11 00:00:00+00:00,1.34,1.92,17.19,11.5,0.0
2016-10-12 00:00:00+00:00,1.23,1.99,17.96,11.9,0.0
2016-10-13 00:00:00+00:00,2.31,4.55,15.46,13.7,0.0
2016-10-14 00:00:00+00:00,1.76,3.2,14.81,13.2,0.0
2016-10-15 00:00:00+00:00,1.37,2.55,15.21,13.4,0.0
2016-10-16 00:00:00+00:00,1.37,2.35,13.47,15.3,0.0
2016-10-17 00:00:00+00:00,1.94,2.51,13.77,17.7,0.0
2016-10-18 00:00:00+00:00,2.27,3.16,15.66,18.9,0.0
2016-10-19 00:00:00+00:00,1.95,2.88,15.47,19.9,0.0
2016-10-20 00:00:00+00:00,2.05,2.96,15.1,21.2,0.0
2016-10-21 00:00:00+00:00,3.56,6.49,7.99,16.6,1.6
2016-10-22 00:00:00+00:00,6.11,7.44,16.35,8.8,0.0
2016-10-23 00:00:00+00:00,3.9,4.78,16.07,10.1,0.0
2016-10-24 00:00:00+00:00,3.98,5.16,15.48,14.2,0.0
2016-10-25 00:00:00+00:00,1.91,3.42,15.99,10.8,0.0
2016-10-26 00:00:00+00:00,1.93,2.7,15.03,9.4,0.0
2016-10-27 00:00:00+00:00,2.58,4.66,8.41,11.4,0.3
2016-10-28 00:00:00+00:00,2.9,4.08,14.98,13.9,0.0
2016-10-29 00:00:00+00:00,1.4,3.38,14.75,14.3,0.0
2016-10-30 00:00:00+00:00,3.0,4.62,11.56,16.1,0.0
2016-10-31 00:00:00+00:00,2.41,3.4,10.97,15.0,0.0
2016-11-01 00:00:00+00:00,1.84,2.55,9.73,13.3,0.0
2016-11-02 00:00:00+00:00,1.5,2.36,12.76,15.8,0.0
2016-11-03 00:00:00+00:00,2.75,4.3,12.04,17.2,0.0
2016-11-04 00:00:00+00:00,2.84,3.42,14.24,14.0,2.8
2016-11-05 00:00:00+00:00,1.56,3.0,14.35,9.8,0.0
2016-11-06 00:00:00+00:00,1.8,2.84,14.1,9.6,0.0
2016-11-07 00:00:00+00:00,1.26,1.92,13.79,10.1,0.0
2016-11-08 00:00:00+00:00,1.32,1.89,12.17,10.2,0.0
2016-11-09 00:00:00+00:00,3.82,7.16,10.61,10.6,0.8
2016-11-10 00:00:00+00:00,4.04,5.02,13.38,8.2,0.0
2016-11-11 00:00:00+00:00,4.13,5.59,12.73,10.3,0.0
2016-11-12 00:00:00+00:00,2.06,3.65,13.72,6.6,0.0
2016-11-13 00:00:00+00:00,1.55,2.41,13.72,4.5,0.0
2016-11-14 00:00:00+00:00,1.56,2.48,5.5,4.9,0.0
2016-11-15 00:00:00+00:00,1.95,2.69,12.88,6.6,0.0
2016-11-16 00:00:00+00:00,2.36,2.94,12.34,7.6,0.0
2016-11-17 00:00:00+00:00,1.88,3.08,12.28,9.1,0.0
2016-11-18 00:00:00+00:00,1.57,2.56,12.3,11.0,0.0
2016-11-19 00:00:00+00:00,3.1,8.03,7.28,8.7,0.0
2016-11-20 00:00:00+00:00,6.08,7.32,12.62,1.3,0.0
2016-11-21 00:00:00+00:00,4.9,5.72,12.39,0.7,0.0
2016-11-22 00:00:00+00:00,3.37,4.42,11.43,1.9,0.0
2016-11-23 00:00:00+00:00,1.49,2.58,9.9,3.1,0.0
2016-11-24 00:00:00+00:00,1.89,2.72,7.67,8.2,0.4
2016-11-25 00:00:00+00:00,1.53,2.55,8.2,10.3,0.0
2016-11-26 00:00:00+00:00,4.0,5.24,11.6,6.2,0.0
2016-11-27 00:00:00+00:00,1.92,2.97,11.7,3.1,0.0
2016-11-28 00:00:00+00:00,2.15,3.54,7.09,4.1,0.0
2016-11-29 00:00:00+00:00,4.27,6.44,2.08,11.4,19.5
2016-11-30 00:00:00+00:00,3.34,5.03,2.92,14.4,4.1
2016-12-01 00:00:00+00:00,4.43,5.39,11.46,9.7,5.5
2016-12-02 00:00:00+00:00,3.3,4.55,10.92,4.3,0.0
2016-12-03 00:00:00+00:00,3.27,4.05,9.09,2.8,0.0
2016-12-04 00:00:00+00:00,1.81,2.86,3.8,2.4,0.9
2016-12-05 00:00:00+00:00,1.96,3.78,9.45,5.5,6.2
2016-12-06 00:00:00+00:00,2.55,4.14,0.69,4.7,32.7
2016-12-07 00:00:00+00:00,2.44,4.67,10.85,5.2,0.2
2016-12-08 00:00:00+00:00,3.35,5.37,8.69,2.7,0.0
2016-12-09 00:00:00+00:00,4.45,5.23,11.4,-1.9,0.0
2016-12-10 00:00:00+00:00,2.75,3.47,11.04,-3.4,0.0
2016-12-11 00:00:00+00:00,1.97,3.59,8.01,-1.6,0.0
2016-12-12 00:00:00+00:00,3.88,5.95,4.47,4.8,9.6
2016-12-13 00:00:00+00:00,1.78,3.55,7.44,4.4,0.0
2016-12-14 00:00:00+00:00,2.34,4.0,7.91,3.5,0.4
2016-12-15 00:00:00+00:00,5.06,6.97,11.28,-2.5,0.0
2016-12-16 00:00:00+00:00,2.31,4.39,8.17,-6.7,0.0
2016-12-17 00:00:00+00:00,3.39,4.72,4.6,1.1,1.0
2016-12-18 00:00:00+00:00,4.89,7.16,1.2,7.7,4.2
2016-12-19 00:00:00+00:00,2.35,4.61,9.63,0.6,0.0
2016-12-20 00:00:00+00:00,1.38,2.41,10.97,-0.9,0.0
2016-12-21 00:00:00+00:00,1.84,2.87,10.53,0.8,0.0
2016-12-22 00:00:00+00:00,3.18,5.15,10.33,4.1,0.0
2016-12-23 00:00:00+00:00,2.17,4.31,10.04,1.1,0.0
2016-12-24 00:00:00+00:00,2.25,2.83,1.88,4.8,14.2
2016-12-25 00:00:00+00:00,1.42,2.3,1.43,6.4,0.0
2016-12-26 00:00:00+00:00,1.78,2.5,3.88,5.9,0.4
2016-12-27 00:00:00+00:00,3.83,5.06,5.61,11.3,0.0
2016-12-28 00:00:00+00:00,2.55,4.16,10.4,5.3,0.0
2016-12-29 00:00:00+00:00,3.15,6.89,9.21,3.9,6.9
2016-12-30 00:00:00+00:00,5.7,8.36,9.93,0.5,0.0
2016-12-31 00:00:00+00:00,2.74,4.62,8.04,-0.3,0.4
2017-01-01 00:00:00+00:00,1.26,2.1,5.5,5.6,0.0
2017-01-02 00:00:00+00:00,1.57,2.28,1.28,6.0,9.0
2017-01-03 00:00:00+00:00,1.47,2.33,1.66,4.8,24.0
2017-01-04 00:00:00+00:00,4.02,6.78,7.61,7.6,0.3
2017-01-05 00:00:00+00:00,2.58,3.83,3.63,-1.3,0.1
2017-01-06 00:00:00+00:00,2.87,4.3,3.91,-2.1,1.4
2017-01-07 00:00:00+00:00,3.15,5.19,7.63,-6.2,10.5
2017-01-08 00:00:00+00:00,5.16,7.11,11.93,-12.0,0.0
2017-01-09 00:00:00+00:00,2.32,3.91,11.18,-9.9,0.0
2017-01-10 00:00:00+00:00,2.69,4.88,8.26,-4.6,0.0
2017-01-11 00:00:00+00:00,2.21,4.81,3.09,3.3,2.2
2017-01-12 00:00:00+00:00,3.3,4.51,9.26,10.5,0.0
2017-01-13 00:00:00+00:00,2.52,3.45,4.61,11.7,0.0
2017-01-14 00:00:00+00:00,2.33,3.7,4.31,5.3,0.1
2017-01-15 00:00:00+00:00,1.79,3.31,4.85,6.8,0.0
2017-01-16 00:00:00+00:00,1.8,2.33,2.55,4.8,3.4
2017-01-17 00:00:00+00:00,1.86,4.18,5.04,7.1,3.5
2017-01-18 00:00:00+00:00,4.1,6.34,9.72,9.5,0.3
2017-01-19 00:00:00+00:00,2.45,4.26,11.11,5.6,0.0
2017-01-20 00:00:00+00:00,1.78,2.27,3.43,6.2,7.5
2017-01-21 00:00:00+00:00,1.0,2.34,6.02,8.8,0.6
2017-01-22 00:00:00+00:00,1.7,2.93,2.43,8.9,5.6
2017-01-23 00:00:00+00:00,4.46,6.0,1.38,6.7,23.0
2017-01-24 00:00:00+00:00,5.0,8.25,9.95,4.5,1.4
2017-01-25 00:00:00+00:00,3.33,4.89,12.44,7.8,0.0
2017-01-26 00:00:00+00:00,4.12,7.4,11.07,8.5,0.8
2017-01-27 00:00:00+00:00,4.12,5.35,7.43,0.9,0.0
2017-01-28 00:00:00+00:00,3.5,5.51,13.06,0.1,0.0
2017-01-29 00:00:00+00:00,2.53,4.21,7.11,1.2,0.2
2017-01-30 00:00:00+00:00,4.0,5.78,11.15,-2.0,0.2
2017-01-31 00:00:00+00:00,2.56,6.09,12.97,2.1,0.0
2017-02-01 00:00:00+00:00,2.51,4.42,10.77,6.7,0.0
2017-02-02 00:00:00+00:00,3.64,5.45,10.43,5.5,0.0
2017-02-03 00:00:00+00:00,2.64,4.82,5.78,0.9,0.0
2017-02-04 00:00:00+00:00,3.16,5.06,14.62,-3.3,0.0
2017-02-05 00:00:00+00:00,2.67,5.45,11.24,1.4,0.0
2017-02-06 00:00:00+00:00,2.99,4.02,14.1,6.4,0.0
2017-02-07 00:00:00+00:00,3.32,7.2,10.97,11.8,0.0
2017-02-08 00:00:00+00:00,2.79,5.57,10.3,13.0,0.0
2017-02-09 00:00:00+00:00,6.45,9.55,14.31,4.5,3.7
2017-02-10 00:00:00+00:00,3.44,7.12,9.74,-2.9,0.0
2017-02-11 00:00:00+00:00,2.48,5.41,10.13,6.5,0.0
2017-02-12 00:00:00+00:00,2.92,6.33,9.63,13.6,2.3
2017-02-13 00:00:00+00:00,6.14,8.15,16.16,5.5,0.0
2017-02-14 00:00:00+00:00,2.23,4.58,8.8,3.6,0.0
2017-02-15 00:00:00+00:00,3.78,7.5,9.88,4.7,7.4
2017-02-16 00:00:00+00:00,4.82,6.7,16.47,0.3,0.0
2017-02-17 00:00:00+00:00,1.92,3.83,15.91,4.6,0.0
2017-02-18 00:00:00+00:00,2.48,4.11,13.51,9.9,0.0
2017-02-19 00:00:00+00:00,3.74,6.3,16.02,10.8,0.0
2017-02-20 00:00:00+00:00,2.94,5.02,15.92,9.7,0.0
2017-02-21 00:00:00+00:00,2.39,3.31,14.04,9.4,0.0
2017-02-22 00:00:00+00:00,1.16,2.78,5.36,8.4,4.4
2017-02-23 00:00:00+00:00,1.53,3.77,12.55,12.0,0.0
2017-02-24 00:00:00+00:00,1.91,4.41,16.02,13.7,0.0
2017-02-25 00:00:00+00:00,3.81,6.16,10.34,12.8,1.6
2017-02-26 00:00:00+00:00,3.92,6.66,18.49,2.4,0.0
2017-02-27 00:00:00+00:00,1.63,4.0,9.9,3.5,0.0
2017-02-28 00:00:00+00:00,1.88,4.92,12.81,9.5,0.8
2017-03-01 00:00:00+00:00,3.3,7.02,10.0,13.0,20.3
2017-03-02 00:00:00+00:00,6.18,7.43,18.28,7.5,11.7
2017-03-03 00:00:00+00:00,4.44,7.74,17.98,1.8,0.1
2017-03-04 00:00:00+00:00,2.94,4.19,18.77,-0.2,0.0
2017-03-05 00:00:00+00:00,2.17,2.9,19.25,0.6,0.0
2017-03-06 00:00:00+00:00,1.3,3.28,5.77,2.6,0.0
2017-03-07 00:00:00+00:00,4.05,7.75,9.45,10.5,0.7
2017-03-08 00:00:00+00:00,4.13,6.44,19.99,11.3,3.5
2017-03-09 00:00:00+00:00,3.22,4.81,20.2,10.6,0.0
2017-03-10 00:00:00+00:00,4.82,7.5,15.71,8.6,3.2
2017-03-11 00:00:00+00:00,4.17,4.81,20.47,0.2,0.0
2017-03-12 00:00:00+00:00,2.1,3.55,20.92,0.3,0.0
2017-03-13 00:00:00+00:00,2.95,4.46,15.21,-0.1,3.8
2017-03-14 00:00:00+00:00,4.7,7.47,16.12,0.1,16.8
2017-03-15 00:00:00+00:00,6.53,8.8,22.21,-5.7,0.0
2017-03-16 00:00:00+00:00,4.85,5.7,21.94,-2.9,0.0
2017-03-17 00:00:00+00:00,2.38,3.69,13.17,0.4,0.7
2017-03-18 00:00:00+00:00,2.37,5.87,16.95,7.4,4.4
2017-03-19 00:00:00+00:00,4.6,6.65,18.33,5.5,0.0
2017-03-20 00:00:00+00:00,2.29,4.12,20.28,5.2,0.0
2017-03-21 00:00:00+00:00,2.7,5.94,19.79,11.9,3.1
2017-03-22 00:00:00+00:00,4.31,6.31,23.28,8.2,0.0
2017-03-23 00:00:00+00:00,2.39,3.41,23.09,2.6,0.0
2017-03-24 00:00:00+00:00,2.91,4.43,19.2,7.7,0.0
2017-03-25 00:00:00+00:00,1.84,3.81,15.4,13.7,0.0
2017-03-26 00:00:00+00:00,3.16,5.51,10.39,13.4,1.3
2017-03-27 00:00:00+00:00,2.18,3.61,15.75,14.6,2.6
2017-03-28 00:00:00+00:00,2.47,4.94,15.18,15.3,5.9
2017-03-29 00:00:00+00:00,2.65,4.0,21.35,14.5,0.0
2017-03-30 00:00:00+00:00,3.11,3.94,5.0,10.9,0.2
2017-03-31 00:00:00+00:00,2.44,6.28,9.21,11.2,26.8
2017-04-01 00:00:00+00:00,5.64,6.52,23.72,11.1,0.3
2017-04-02 00:00:00+00:00,2.4,4.81,23.86,8.8,0.0
2017-04-03 00:00:00+00:00,3.04,5.95,5.86,10.2,12.3
2017-04-04 00:00:00+00:00,3.51,5.91,22.66,15.8,1.8
2017-04-05 00:00:00+00:00,2.75,5.06,15.62,14.3,1.5
2017-04-06 00:00:00+00:00,5.51,8.9,17.49,13.0,6.7
2017-04-07 00:00:00+00:00,6.79,8.9,15.87,5.2,0.0
2017-04-08 00:00:00+00:00,3.71,5.33,25.33,7.7,0.0
2017-04-09 00:00:00+00:00,2.33,3.41,25.74,9.7,0.0
2017-04-10 00:00:00+00:00,2.0,4.36,23.13,13.6,0.0
2017-04-11 00:00:00+00:00,1.94,3.83,23.56,16.3,0.0
2017-04-12 00:00:00+00:00,2.45,4.2,20.03,17.3,0.1
2017-04-13 00:00:00+00:00,2.4,3.85,23.81,14.8,0.0
2017-04-14 00:00:00+00:00,1.84,3.3,21.57,15.5,0.0
2017-04-15 00:00:00+00:00,1.74,3.0,20.14,16.9,2.5
2017-04-16 00:00:00+00:00,2.75,5.52,20.02,18.7,0.0
2017-04-17 00:00:00+00:00,2.84,4.18,15.39,17.2,1.5
2017-04-18 00:00:00+00:00,2.14,3.69,20.36,15.7,0.0
2017-04-19 00:00:00+00:00,2.55,3.63,9.34,12.7,1.8
2017-04-20 00:00:00+00:00,1.75,4.05,19.35,15.2,4.9
2017-04-21 00:00:00+00:00,2.62,4.65,20.03,18.6,4.9
2017-04-22 00:00:00+00:00,1.86,4.22,8.32,16.2,22.0
2017-04-23 00:00:00+00:00,2.01,3.38,4.63,8.9,23.3
2017-04-24 00:00:00+00:00,2.24,3.2,3.01,8.0,41.4
2017-04-25 00:00:00+00:00,3.78,5.46,5.71,11.1,19.5
2017-04-26 00:00:00+00:00,1.91,3.11,24.71,15.7,0.0
2017-04-27 00:00:00+00:00,3.21,5.6,21.82,17.9,0.2
2017-04-28 00:00:00+00:00,2.1,4.7,25.75,18.2,3.5
2017-04-29 00:00:00+00:00,2.36,4.82,24.15,21.8,1.3
2017-04-30 00:00:00+00:00,3.44,5.23,23.22,21.5,0.2
2017-05-01 00:00:00+00:00,4.98,7.85,9.86,19.5,3.6
2017-05-02 00:00:00+00:00,5.06,7.63,25.2,16.4,0.0
2017-05-03 00:00:00+00:00,2.99,4.47,28.46,13.9,0.0
2017-05-04 00:00:00+00:00,3.43,5.31,14.03,13.1,5.6
2017-05-05 00:00:00+00:00,4.18,6.22,22.69,16.4,45.7
2017-05-06 00:00:00+00:00,4.69,7.17,14.79,11.0,0.9
2017-05-07 00:00:00+00:00,4.29,6.32,25.78,9.8,0.1
2017-05-08 00:00:00+00:00,3.16,4.99,29.98,9.9,0.0
2017-05-09 00:00:00+00:00,1.78,2.92,9.01,8.4,5.7
2017-05-10 00:00:00+00:00,1.34,3.19,19.05,15.4,7.0
2017-05-11 00:00:00+00:00,1.73,3.93,13.58,17.6,4.4
2017-05-12 00:00:00+00:00,2.87,5.48,3.32,10.1,15.7
2017-05-13 00:00:00+00:00,2.44,4.12,19.4,12.3,15.7
2017-05-14 00:00:00+00:00,3.62,6.19,24.97,15.2,0.1
2017-05-15 00:00:00+00:00,3.55,4.95,28.62,18.0,0.0
2017-05-16 00:00:00+00:00,2.0,3.09,28.78,16.4,0.0
2017-05-17 00:00:00+00:00,2.3,4.74,27.96,20.8,0.0
2017-05-18 00:00:00+00:00,1.8,3.72,22.54,20.7,1.4
2017-05-19 00:00:00+00:00,2.14,3.61,24.39,21.4,2.8
2017-05-20 00:00:00+00:00,1.82,3.3,23.54,20.9,6.6
2017-05-21 00:00:00+00:00,2.97,4.1,8.05,16.7,1.6
2017-05-22 00:00:00+00:00,1.69,3.0,16.9,17.4,16.9
2017-05-23 00:00:00+00:00,2.36,3.71,4.59,14.4,10.7
2017-05-24 00:00:00+00:00,3.33,5.72,4.28,13.5,20.1
2017-05-25 00:00:00+00:00,3.31,5.32,21.23,15.9,27.2
2017-05-26 00:00:00+00:00,4.44,6.45,26.09,17.1,0.9
2017-05-27 00:00:00+00:00,2.25,4.23,21.17,18.6,0.7
2017-05-28 00:00:00+00:00,1.83,3.29,15.34,18.6,3.6
2017-05-29 00:00:00+00:00,2.87,4.23,23.57,19.3,0.0
2017-05-30 00:00:00+00:00,1.63,2.85,22.18,20.0,0.0
2017-05-31 00:00:00+00:00,2.09,3.23,24.37,19.7,0.2
2017-06-01 00:00:00+00:00,2.66,3.94,25.37,18.9,0.0
2017-06-02 00:00:00+00:00,2.17,3.32,30.24,18.3,0.0
2017-06-03 00:00:00+00:00,2.19,3.16,30.27,18.6,0.0
2017-06-04 00:00:00+00:00,2.33,4.02,26.7,19.4,0.0
2017-06-05 00:00:00+00:00,1.32,4.03,6.2,19.0,15.2
2017-06-06 00:00:00+00:00,3.18,4.4,29.74,18.7,0.3
2017-06-07 00:00:00+00:00,2.22,3.89,18.05,15.8,0.0
2017-06-08 00:00:00+00:00,1.87,2.92,18.37,15.6,1.1
2017-06-09 00:00:00+00:00,2.18,3.48,29.51,17.1,0.0
2017-06-10 00:00:00+00:00,1.78,2.58,29.54,19.4,0.0
2017-06-11 00:00:00+00:00,2.04,3.42,22.73,21.6,0.0
2017-06-12 00:00:00+00:00,2.11,3.92,23.79,22.9,0.0
2017-06-13 00:00:00+00:00,2.26,3.14,23.59,23.5,4.1
2017-06-14 00:00:00+00:00,2.28,3.12,24.89,23.1,2.0
2017-06-15 00:00:00+00:00,1.57,2.84,25.3,23.0,1.0
2017-06-16 00:00:00+00:00,1.38,2.72,16.44,21.8,14.2
2017-06-17 00:00:00+00:00,1.59,3.11,21.34,21.7,5.4
2017-06-18 00:00:00+00:00,2.35,4.95,22.56,23.0,0.8
2017-06-19 00:00:00+00:00,3.08,4.88,19.86,22.7,9.4
2017-06-20 00:00:00+00:00,2.36,3.52,24.0,21.1,4.5
2017-06-21 00:00:00+00:00,1.91,3.01,24.84,21.7,0.0
2017-06-22 00:00:00+00:00,2.36,4.2,19.94,22.2,0.0
2017-06-23 00:00:00+00:00,2.52,3.7,15.82,22.5,9.2
2017-06-24 00:00:00+00:00,4.04,5.65,22.61,23.8,4.0
2017-06-25 00:00:00+00:00,3.0,4.18,28.0,20.6,0.0
2017-06-26 00:00:00+00:00,2.95,4.79,28.83,18.6,0.0
2017-06-27 00:00:00+00:00,2.9,4.47,25.64,18.3,0.0
2017-06-28 00:00:00+00:00,1.89,3.42,30.96,18.0,0.0
2017-06-29 00:00:00+00:00,1.96,4.62,24.73,20.3,0.0
2017-06-30 00:00:00+00:00,2.69,5.7,19.1,21.9,0.3
2017-07-01 00:00:00+00:00,2.4,3.52,24.03,24.0,0.6
2017-07-02 00:00:00+00:00,2.3,3.26,22.68,24.8,0.1
2017-07-03 00:00:00+00:00,1.85,2.97,27.84,23.9,0.0
2017-07-04 00:00:00+00:00,1.53,2.77,17.54,23.2,1.7
2017-07-05 00:00:00+00:00,0.9,2.22,16.76,22.0,13.1
2017-07-06 00:00:00+00:00,1.66,4.0,23.08,23.3,1.9
2017-07-07 00:00:00+00:00,3.06,4.7,26.99,24.9,4.0
2017-07-08 00:00:00+00:00,3.02,4.82,22.9,23.9,1.0
2017-07-09 00:00:00+00:00,1.91,2.77,27.18,22.4,0.0
2017-07-10 00:00:00+00:00,2.21,4.54,28.9,23.2,0.0
2017-07-11 00:00:00+00:00,2.37,3.61,27.91,25.1,0.0
2017-07-12 00:00:00+00:00,1.7,4.79,27.59,26.2,0.0
2017-07-13 00:00:00+00:00,2.42,3.59,22.41,27.0,0.3
2017-07-14 00:00:00+00:00,2.39,4.42,23.86,26.3,2.7
2017-07-15 00:00:00+00:00,2.94,4.03,24.47,25.3,2.2
2017-07-16 00:00:00+00:00,1.82,2.98,25.79,23.8,0.0
2017-07-17 00:00:00+00:00,1.6,3.3,26.02,24.0,0.0
2017-07-18 00:00:00+00:00,1.24,2.84,24.3,24.6,1.7
2017-07-19 00:00:00+00:00,1.42,2.75,25.65,24.7,0.0
2017-07-20 00:00:00+00:00,1.97,2.91,24.38,26.5,0.0
2017-07-21 00:00:00+00:00,2.26,3.41,22.23,26.6,0.1
2017-07-22 00:00:00+00:00,2.25,4.81,23.11,26.8,2.7
2017-07-23 00:00:00+00:00,2.81,4.03,19.47,27.0,1.4
2017-07-24 00:00:00+00:00,3.11,4.8,22.49,25.5,1.8
2017-07-25 00:00:00+00:00,2.18,3.0,28.28,25.0,0.0
2017-07-26 00:00:00+00:00,1.52,2.92,11.09,21.5,0.1
2017-07-27 00:00:00+00:00,1.45,2.9,14.46,23.1,1.9
2017-07-28 00:00:00+00:00,1.46,2.53,14.38,22.6,8.6
2017-07-29 00:00:00+00:00,3.22,4.8,15.13,20.4,7.9
2017-07-30 00:00:00+00:00,2.6,3.32,27.98,19.4,0.2
2017-07-31 00:00:00+00:00,1.74,2.36,21.07,19.6,0.0
2017-08-01 00:00:00+00:00,1.33,2.14,19.88,21.3,0.2
2017-08-02 00:00:00+00:00,1.64,3.11,22.15,21.8,0.0
2017-08-03 00:00:00+00:00,1.74,3.01,23.4,22.4,0.3
2017-08-04 00:00:00+00:00,1.84,4.54,22.81,22.7,0.8
2017-08-05 00:00:00+00:00,3.14,4.19,27.52,21.4,0.0
2017-08-06 00:00:00+00:00,2.1,3.36,20.93,19.3,0.0
2017-08-07 00:00:00+00:00,1.98,3.92,11.2,20.9,12.2
2017-08-08 00:00:00+00:00,1.84,3.28,13.33,20.4,19.4
2017-08-09 00:00:00+00:00,1.36,2.44,21.64,19.7,0.0
2017-08-10 00:00:00+00:00,1.37,3.04,13.59,19.2,0.0
2017-08-11 00:00:00+00:00,1.23,2.89,16.85,20.6,8.2
2017-08-12 00:00:00+00:00,1.26,2.83,19.02,22.0,26.0
2017-08-13 00:00:00+00:00,2.16,3.42,20.33,22.4,0.0
2017-08-14 00:00:00+00:00,1.69,2.68,8.55,20.9,0.7
2017-08-15 00:00:00+00:00,0.81,1.58,12.11,21.7,11.4
2017-08-16 00:00:00+00:00,1.34,2.44,23.48,23.5,0.0
2017-08-17 00:00:00+00:00,1.52,2.28,19.92,24.2,0.2
2017-08-18 00:00:00+00:00,2.02,3.51,19.58,25.0,0.6
2017-08-19 00:00:00+00:00,2.35,3.71,23.39,23.6,0.3
2017-08-20 00:00:00+00:00,1.57,2.33,24.57,23.5,0.0
2017-08-21 00:00:00+00:00,1.44,3.03,20.8,24.2,1.0
2017-08-22 00:00:00+00:00,2.05,4.21,20.82,24.8,0.1
2017-08-23 00:00:00+00:00,2.49,4.1,17.38,23.8,0.4
2017-08-24 00:00:00+00:00,2.12,3.89,14.19,20.8,0.0
2017-08-25 00:00:00+00:00,2.12,3.13,23.58,20.0,0.0
2017-08-26 00:00:00+00:00,1.42,2.21,11.35,19.0,0.1
2017-08-27 00:00:00+00:00,1.99,3.11,10.77,19.6,0.2
2017-08-28 00:00:00+00:00,2.36,3.62,16.32,18.7,0.0
2017-08-29 00:00:00+00:00,2.71,3.81,10.66,17.5,18.0
2017-08-30 00:00:00+00:00,1.37,3.45,16.87,19.0,0.4
2017-08-31 00:00:00+00:00,1.9,2.51,15.03,21.0,0.0
2017-09-01 00:00:00+00:00,2.91,4.54,5.21,17.1,6.7
2017-09-02 00:00:00+00:00,2.06,3.26,5.52,12.6,15.3
2017-09-03 00:00:00+00:00,3.03,5.44,22.61,17.9,0.3
2017-09-04 00:00:00+00:00,2.5,4.7,19.25,19.2,0.0
2017-09-05 00:00:00+00:00,2.0,4.33,18.54,21.1,2.7
2017-09-06 00:00:00+00:00,2.18,3.1,3.51,16.5,21.5
2017-09-07 00:00:00+00:00,3.07,3.98,20.66,13.8,0.0
2017-09-08 00:00:00+00:00,2.37,4.1,21.46,14.9,0.0
2017-09-09 00:00:00+00:00,2.08,2.69,15.45,14.6,0.1
2017-09-10 00:00:00+00:00,1.89,3.11,22.37,13.8,0.0
2017-09-11 00:00:00+00:00,2.74,4.54,9.51,13.8,0.0
2017-09-12 00:00:00+00:00,3.12,4.2,4.17,15.0,17.8
2017-09-13 00:00:00+00:00,2.75,5.37,18.66,19.1,1.4
2017-09-14 00:00:00+00:00,1.79,3.22,12.7,18.7,0.7
2017-09-15 00:00:00+00:00,1.59,2.27,14.64,18.2,0.0
2017-09-16 00:00:00+00:00,1.48,2.15,17.28,19.8,0.0
2017-09-17 00:00:00+00:00,1.1,2.02,15.6,19.9,0.6
2017-09-18 00:00:00+00:00,1.32,2.22,15.77,20.0,0.5
2017-09-19 00:00:00+00:00,1.4,2.24,16.12,20.3,0.0
2017-09-20 00:00:00+00:00,1.78,3.38,18.1,20.3,1.9
2017-09-21 00:00:00+00:00,1.8,3.23,16.99,20.9,0.7
2017-09-22 00:00:00+00:00,1.47,2.28,17.11,21.8,0.0
2017-09-23 00:00:00+00:00,1.64,2.5,20.48,21.0,0.0
2017-09-24 00:00:00+00:00,1.87,2.47,19.65,21.1,0.0
2017-09-25 00:00:00+00:00,2.02,3.2,16.91,22.2,0.0
2017-09-26 00:00:00+00:00,1.79,2.53,15.33,22.0,0.0
2017-09-27 00:00:00+00:00,2.44,4.39,19.39,23.0,0.0
2017-09-28 00:00:00+00:00,3.59,5.02,19.02,22.6,0.0
2017-09-29 00:00:00+00:00,2.1,3.76,19.52,18.1,0.0
2017-09-30 00:00:00+00:00,3.31,4.21,20.53,16.2,0.0
2017-10-01 00:00:00+00:00,1.69,3.5,20.27,12.6,0.0
2017-10-02 00:00:00+00:00,1.3,2.28,19.27,12.8,0.0
2017-10-03 00:00:00+00:00,1.22,2.39,19.33,14.5,0.0
2017-10-04 00:00:00+00:00,1.23,2.77,19.54,15.5,0.0
2017-10-05 00:00:00+00:00,2.04,3.0,17.74,17.2,0.0
2017-10-06 00:00:00+00:00,1.99,3.0,18.31,18.7,0.0
2017-10-07 00:00:00+00:00,2.06,4.55,13.39,18.8,1.3
2017-10-08 00:00:00+00:00,1.81,3.89,7.09,20.3,10.0
2017-10-09 00:00:00+00:00,4.28,7.56,10.35,22.9,23.7
2017-10-10 00:00:00+00:00,1.42,2.06,10.56,21.7,1.0
2017-10-11 00:00:00+00:00,1.32,2.4,12.09,22.7,0.5
2017-10-12 00:00:00+00:00,2.65,4.02,6.0,19.1,0.3
2017-10-13 00:00:00+00:00,2.29,4.4,5.35,15.4,3.8
2017-10-14 00:00:00+00:00,1.09,2.69,15.67,17.5,0.0
2017-10-15 00:00:00+00:00,1.62,4.3,16.07,17.8,0.0
2017-10-16 00:00:00+00:00,4.21,5.5,14.91,14.7,7.4
2017-10-17 00:00:00+00:00,1.85,3.22,17.44,9.5,0.0
2017-10-18 00:00:00+00:00,1.59,2.14,17.11,10.0,0.0
2017-10-19 00:00:00+00:00,1.61,2.77,16.96,12.1,0.0
2017-10-20 00:00:00+00:00,2.17,2.97,16.31,13.7,0.0
2017-10-21 00:00:00+00:00,1.74,2.48,15.18,14.5,0.0
2017-10-22 00:00:00+00:00,1.75,3.45,15.85,15.4,0.0
2017-10-23 00:00:00+00:00,3.93,7.85,1.21,15.0,28.4
2017-10-24 00:00:00+00:00,2.59,5.42,13.5,13.6,12.6
2017-10-25 00:00:00+00:00,3.53,4.39,12.3,9.8,0.0
2017-10-26 00:00:00+00:00,2.99,3.98,15.89,7.7,0.0
2017-10-27 00:00:00+00:00,1.67,4.02,15.31,8.5,0.0
2017-10-28 00:00:00+00:00,3.16,5.23,8.96,11.8,0.0
2017-10-29 00:00:00+00:00,4.17,6.6,3.15,9.0,5.2
2017-10-30 00:00:00+00:00,4.96,7.71,15.02,5.3,0.1
2017-10-31 00:00:00+00:00,2.06,2.73,14.57,7.9,0.0
2017-11-01 00:00:00+00:00,1.13,2.09,6.56,8.7,0.0
2017-11-02 00:00:00+00:00,1.32,3.31,11.17,12.7,0.0
2017-11-03 00:00:00+00:00,2.04,2.98,11.36,14.9,0.0
2017-11-04 00:00:00+00:00,2.08,3.32,2.04,11.8,5.7
2017-11-05 00:00:00+00:00,1.33,3.3,4.25,9.8,0.0
2017-11-06 00:00:00+00:00,1.54,2.87,7.64,13.7,2.0
2017-11-07 00:00:00+00:00,2.57,3.42,2.26,10.0,3.8
2017-11-08 00:00:00+00:00,1.93,3.01,1.79,5.1,3.9
2017-11-09 00:00:00+00:00,1.06,2.02,1.56,6.0,4.4
2017-11-10 00:00:00+00:00,3.2,4.6,13.19,5.1,0.0
2017-11-11 00:00:00+00:00,1.83,3.81,12.32,-1.1,0.0
2017-11-12 00:00:00+00:00,0.89,1.97,4.4,0.8,0.0
2017-11-13 00:00:00+00:00,1.92,4.13,9.59,5.5,3.9
2017-11-14 00:00:00+00:00,1.86,3.68,7.65,5.3,0.0
2017-11-15 00:00:00+00:00,1.23,2.31,11.11,3.1,0.0
2017-11-16 00:00:00+00:00,2.53,4.61,12.29,6.9,0.4
2017-11-17 00:00:00+00:00,2.92,4.56,11.94,4.0,0.0
2017-11-18 00:00:00+00:00,2.78,5.22,8.0,6.7,0.0
2017-11-19 00:00:00+00:00,6.03,8.1,8.68,7.7,6.8
2017-11-20 00:00:00+00:00,3.31,5.22,12.35,2.8,0.0
2017-11-21 00:00:00+00:00,1.91,4.14,10.17,3.8,0.0
2017-11-22 00:00:00+00:00,3.55,6.23,12.13,6.9,0.0
2017-11-23 00:00:00+00:00,2.0,4.88,12.27,1.0,0.0
2017-11-24 00:00:00+00:00,1.72,2.62,11.87,2.1,0.0
2017-11-25 00:00:00+00:00,1.97,3.3,9.02,5.1,0.0
2017-11-26 00:00:00+00:00,3.71,5.58,11.72,5.7,0.0
2017-11-27 00:00:00+00:00,3.07,4.28,11.46,5.0,0.0
2017-11-28 00:00:00+00:00,2.32,3.67,11.52,5.1,0.0
2017-11-29 00:00:00+00:00,2.59,3.81,11.17,7.5,0.0
2017-11-30 00:00:00+00:00,1.67,2.61,10.65,6.6,0.0
2017-12-01 00:00:00+00:00,2.33,4.05,11.48,8.4,0.0
2017-12-02 00:00:00+00:00,1.23,2.37,4.48,5.2,0.0
2017-12-03 00:00:00+00:00,1.85,2.78,11.06,6.3,0.0
2017-12-04 00:00:00+00:00,1.69,3.33,10.34,4.2,0.0
2017-12-05 00:00:00+00:00,2.4,4.8,5.68,7.1,4.3
2017-12-06 00:00:00+00:00,3.54,5.95,8.32,5.6,1.6
2017-12-07 00:00:00+00:00,2.54,4.57,9.36,3.2,0.0
2017-12-08 00:00:00+00:00,1.94,2.67,2.24,0.6,2.5
2017-12-09 00:00:00+00:00,1.5,2.3,2.53,-0.7,5.4
2017-12-10 00:00:00+00:00,3.81,5.16,10.65,-1.0,0.0
2017-12-11 00:00:00+00:00,2.27,3.7,10.68,1.0,0.0
2017-12-12 00:00:00+00:00,3.71,7.16,5.49,2.1,0.0
2017-12-13 00:00:00+00:00,4.54,6.76,10.46,-3.7,0.0
2017-12-14 00:00:00+00:00,3.58,6.01,8.49,1.7,0.2
2017-12-15 00:00:00+00:00,2.36,4.9,7.09,-0.9,0.0
2017-12-16 00:00:00+00:00,3.05,4.72,10.41,0.7,0.0
2017-12-17 00:00:00+00:00,1.77,2.66,3.64,1.4,0.1
2017-12-18 00:00:00+00:00,1.92,3.86,8.43,6.7,0.0
2017-12-19 00:00:00+00:00,2.81,4.05,9.36,8.9,0.0
2017-12-20 00:00:00+00:00,2.43,3.34,2.51,9.0,0.0
2017-12-21 00:00:00+00:00,1.69,2.62,10.29,3.9,0.0
2017-12-22 00:00:00+00:00,2.04,3.08,7.42,4.8,0.0
2017-12-23 00:00:00+00:00,3.55,6.52,2.46,10.8,7.5
2017-12-24 00:00:00+00:00,2.99,4.88,2.69,3.9,0.0
2017-12-25 00:00:00+00:00,4.77,8.19,10.5,-1.1,0.6
2017-12-26 00:00:00+00:00,2.97,4.61,9.93,-2.5,0.0
2017-12-27 00:00:00+00:00,2.6,4.66,9.69,-2.4,0.0
2017-12-28 00:00:00+00:00,2.43,4.0,10.16,-7.2,0.0
2017-12-29 00:00:00+00:00,2.27,4.16,10.52,-4.5,0.0
2017-12-30 00:00:00+00:00,2.46,5.38,7.97,-2.1,0.0
2017-12-31 00:00:00+00:00,3.23,4.9,9.52,-6.1,0.0
2018-01-01 00:00:00+00:00,3.18,4.81,11.28,-9.1,0.0
2018-01-02 00:00:00+00:00,3.49,4.88,11.38,-9.4,0.0
2018-01-03 00:00:00+00:00,1.75,2.83,7.34,-6.9,0.0
2018-01-04 00:00:00+00:00,5.76,9.19,10.45,-6.5,0.0
2018-01-05 00:00:00+00:00,6.02,7.2,11.32,-10.0,0.0
2018-01-06 00:00:00+00:00,4.05,4.98,11.67,-11.0,0.0
2018-01-07 00:00:00+00:00,2.31,3.82,10.97,-10.7,0.0
2018-01-08 00:00:00+00:00,1.44,3.05,3.66,-5.6,2.4
2018-01-09 00:00:00+00:00,2.5,5.16,9.01,3.1,0.9
2018-01-10 00:00:00+00:00,1.67,2.62,6.15,3.2,0.0
2018-01-11 00:00:00+00:00,1.08,2.44,1.37,3.3,0.3
2018-01-12 00:00:00+00:00,3.39,5.28,2.29,11.5,13.6
2018-01-13 00:00:00+00:00,5.82,7.9,11.04,1.5,8.8
2018-01-14 00:00:00+00:00,3.11,5.61,11.87,-6.5,0.0
2018-01-15 00:00:00+00:00,1.54,2.86,11.39,-6.6,0.0
2018-01-16 00:00:00+00:00,1.63,2.94,10.09,-1.9,0.0
2018-01-17 00:00:00+00:00,3.83,5.02,4.19,-4.2,3.1
2018-01-18 00:00:00+00:00,4.75,5.69,12.43,-7.0,0.1
2018-01-19 00:00:00+00:00,3.91,5.46,12.64,1.1,0.0
2018-01-20 00:00:00+00:00,3.55,5.35,12.12,3.6,0.0
2018-01-21 00:00:00+00:00,2.22,3.4,9.06,6.7,0.0
2018-01-22 00:00:00+00:00,2.09,5.1,9.44,7.6,0.0
2018-01-23 00:00:00+00:00,3.9,6.73,11.36,10.3,6.3
2018-01-24 00:00:00+00:00,4.42,5.58,8.55,2.9,0.0
2018-01-25 00:00:00+00:00,2.97,4.25,12.81,0.3,0.0
2018-01-26 00:00:00+00:00,1.9,3.88,12.2,0.8,0.0
2018-01-27 00:00:00+00:00,2.6,5.24,9.91,4.3,0.0
2018-01-28 00:00:00+00:00,1.53,3.42,1.94,7.5,9.3
2018-01-29 00:00:00+00:00,2.35,3.76,3.02,4.7,11.7
2018-01-30 00:00:00+00:00,5.13,7.29,13.96,-2.3,0.4
2018-01-31 00:00:00+00:00,2.92,5.22,13.18,-2.8,0.0
2018-02-01 00:00:00+00:00,2.21,4.2,6.57,3.0,0.0
2018-02-02 00:00:00+00:00,5.01,6.97,14.03,-1.7,2.5
2018-02-03 00:00:00+00:00,3.09,4.89,14.15,-5.4,0.0
2018-02-04 00:00:00+00:00,2.22,3.72,1.16,-1.5,22.0
2018-02-05 00:00:00+00:00,3.58,5.94,14.38,-0.7,0.0
2018-02-06 00:00:00+00:00,1.65,3.03,9.2,0.7,0.0
2018-02-07 00:00:00+00:00,1.99,5.12,1.72,1.8,17.1
2018-02-08 00:00:00+00:00,4.2,6.51,14.82,-0.4,0.0
2018-02-09 00:00:00+00:00,2.18,4.55,13.95,0.9,0.0
2018-02-10 00:00:00+00:00,1.51,3.36,1.86,3.3,9.1
2018-02-11 00:00:00+00:00,2.79,5.2,2.79,11.0,40.3
2018-02-12 00:00:00+00:00,3.2,4.84,6.62,9.1,1.1
2018-02-13 00:00:00+00:00,1.91,2.5,4.83,2.6,0.8
2018-02-14 00:00:00+00:00,1.36,3.25,9.25,3.1,0.0
2018-02-15 00:00:00+00:00,2.48,5.79,8.76,12.3,0.6
2018-02-16 00:00:00+00:00,4.23,6.58,4.27,14.8,5.3
2018-02-17 00:00:00+00:00,3.23,5.94,3.63,3.6,5.8
2018-02-18 00:00:00+00:00,2.68,5.06,16.56,4.6,0.9
2018-02-19 00:00:00+00:00,2.58,3.94,5.82,5.2,1.9
2018-02-20 00:00:00+00:00,2.62,5.63,14.21,11.7,0.0
2018-02-21 00:00:00+00:00,2.72,4.88,8.14,14.7,0.0
2018-02-22 00:00:00+00:00,2.38,4.67,11.46,17.4,0.0
2018-02-23 00:00:00+00:00,2.37,4.5,7.39,10.2,0.0
2018-02-24 00:00:00+00:00,1.38,3.04,6.24,11.3,2.7
2018-02-25 00:00:00+00:00,2.73,4.26,3.09,14.8,0.8
2018-02-26 00:00:00+00:00,2.34,3.42,2.34,9.1,2.8
2018-02-27 00:00:00+00:00,1.96,2.72,18.55,4.4,0.0
2018-02-28 00:00:00+00:00,1.76,3.51,5.96,6.0,0.3
2018-03-01 00:00:00+00:00,1.15,3.57,3.35,8.3,13.5
2018-03-02 00:00:00+00:00,9.37,11.23,18.94,5.1,0.3
2018-03-03 00:00:00+00:00,6.83,7.64,19.68,2.0,0.0
2018-03-04 00:00:00+00:00,3.69,5.3,19.62,3.2,0.0
2018-03-05 00:00:00+00:00,2.15,4.53,17.87,3.1,0.0
2018-03-06 00:00:00+00:00,2.29,3.99,4.58,1.7,1.9
2018-03-07 00:00:00+00:00,3.22,7.02,17.16,2.4,1.0
2018-03-08 00:00:00+00:00,3.73,5.96,12.88,0.0,0.0
2018-03-09 00:00:00+00:00,4.41,5.56,20.07,-0.9,0.0
2018-03-10 00:00:00+00:00,1.69,3.31,8.61,2.4,1.4
2018-03-11 00:00:00+00:00,1.82,2.64,15.16,4.8,0.0
2018-03-12 00:00:00+00:00,2.21,5.39,5.23,1.2,10.1
2018-03-13 00:00:00+00:00,4.7,5.6,14.1,-0.3,0.0
2018-03-14 00:00:00+00:00,4.71,7.47,18.27,-2.2,0.0
2018-03-15 00:00:00+00:00,4.67,8.39,20.12,2.2,0.0
2018-03-16 00:00:00+00:00,3.84,5.08,22.0,4.5,0.0
2018-03-17 00:00:00+00:00,1.96,3.54,13.89,4.7,0.4
2018-03-18 00:00:00+00:00,1.31,2.82,16.43,6.9,6.2
2018-03-19 00:00:00+00:00,1.93,3.4,13.27,8.1,0.3
2018-03-20 00:00:00+00:00,3.0,4.34,2.88,5.0,20.4
2018-03-21 00:00:00+00:00,2.24,5.02,9.07,-0.3,13.1
2018-03-22 00:00:00+00:00,4.89,5.53,17.4,0.3,0.0
2018-03-23 00:00:00+00:00,4.33,6.11,17.54,1.6,0.0
2018-03-24 00:00:00+00:00,1.65,2.97,7.91,-0.2,4.6
2018-03-25 00:00:00+00:00,2.31,4.62,23.05,2.2,7.6
2018-03-26 00:00:00+00:00,2.91,3.92,23.18,1.9,0.0
2018-03-27 00:00:00+00:00,2.47,3.48,7.22,1.6,3.1
2018-03-28 00:00:00+00:00,1.21,2.86,10.6,8.0,0.1
2018-03-29 00:00:00+00:00,2.65,7.06,17.71,14.5,0.0
2018-03-30 00:00:00+00:00,5.07,7.43,18.87,14.3,0.7
2018-03-31 00:00:00+00:00,3.53,6.12,24.08,6.6,0.0
2018-04-01 00:00:00+00:00,2.54,4.1,9.17,10.3,0.0
2018-04-02 00:00:00+00:00,1.54,2.91,7.48,10.4,1.3
2018-04-03 00:00:00+00:00,2.27,3.85,11.27,8.9,3.0
2018-04-04 00:00:00+00:00,4.88,7.82,18.53,12.0,1.2
2018-04-05 00:00:00+00:00,3.68,6.16,25.08,4.1,0.0
2018-04-06 00:00:00+00:00,2.31,5.28,21.55,7.9,0.0
2018-04-07 00:00:00+00:00,3.38,5.12,4.68,6.7,8.3
2018-04-08 00:00:00+00:00,3.01,3.61,25.12,2.0,0.8
2018-04-09 00:00:00+00:00,2.04,3.03,9.05,3.6,0.9
2018-04-10 00:00:00+00:00,2.66,3.98,25.54,5.6,0.0
2018-04-11 00:00:00+00:00,2.38,4.89,18.38,7.2,0.0
2018-04-12 00:00:00+00:00,2.62,5.98,23.11,10.6,0.0
2018-04-13 00:00:00+00:00,2.77,5.79,25.42,15.1,0.0
2018-04-14 00:00:00+00:00,3.35,5.88,24.43,16.6,0.0
2018-04-15 00:00:00+00:00,4.24,6.65,9.15,16.5,12.0
2018-04-16 00:00:00+00:00,5.8,7.57,14.23,9.4,37.0
2018-04-17 00:00:00+00:00,5.26,6.19,21.6,4.0,0.0
2018-04-18 00:00:00+00:00,2.66,5.39,22.24,10.6,0.0
2018-04-19 00:00:00+00:00,4.77,7.29,14.69,11.8,0.3
2018-04-20 00:00:00+00:00,3.33,4.39,27.83,6.8,0.0
2018-04-21 00:00:00+00:00,2.08,3.36,27.17,8.0,0.0
2018-04-22 00:00:00+00:00,1.93,3.96,17.97,11.0,0.0
2018-04-23 00:00:00+00:00,3.07,5.95,9.17,10.7,1.9
2018-04-24 00:00:00+00:00,5.21,7.84,2.87,9.2,32.1
2018-04-25 00:00:00+00:00,3.09,4.63,9.04,11.8,26.2
2018-04-26 00:00:00+00:00,2.77,4.9,23.59,12.6,0.0
2018-04-27 00:00:00+00:00,2.1,3.56,16.2,13.3,16.2
2018-04-28 00:00:00+00:00,3.1,5.49,23.84,13.5,0.1
2018-04-29 00:00:00+00:00,5.41,6.47,28.16,9.1,0.0
2018-04-30 00:00:00+00:00,3.06,3.67,28.63,10.0,0.0
2018-05-01 00:00:00+00:00,2.27,3.12,28.48,12.8,0.0
2018-05-02 00:00:00+00:00,2.89,3.64,27.13,17.9,0.0
2018-05-03 00:00:00+00:00,2.71,4.3,26.34,19.9,0.0
2018-05-04 00:00:00+00:00,2.45,4.3,25.48,21.0,0.0
2018-05-05 00:00:00+00:00,2.23,3.81,11.91,18.8,5.5
2018-05-06 00:00:00+00:00,1.88,3.76,15.54,15.8,12.6
2018-05-07 00:00:00+00:00,2.35,3.82,23.35,14.8,2.1
2018-05-08 00:00:00+00:00,1.59,2.92,23.62,15.6,0.6
2018-05-09 00:00:00+00:00,1.48,2.97,23.89,15.6,0.0
2018-05-10 00:00:00+00:00,2.31,4.81,21.87,17.6,3.5
2018-05-11 00:00:00+00:00,1.99,3.01,25.3,18.7,0.3
2018-05-12 00:00:00+00:00,2.76,3.72,24.6,21.5,0.0
2018-05-13 00:00:00+00:00,2.51,2.98,27.63,22.0,0.0
2018-05-14 00:00:00+00:00,1.99,3.07,24.96,22.6,0.9
2018-05-15 00:00:00+00:00,1.81,4.65,17.36,21.1,3.1
2018-05-16 00:00:00+00:00,1.35,3.62,9.17,18.1,6.1
2018-05-17 00:00:00+00:00,2.19,3.04,16.48,19.3,21.6
2018-05-18 00:00:00+00:00,2.99,4.41,4.52,17.7,14.3
2018-05-19 00:00:00+00:00,3.12,4.67,13.15,17.7,15.1
2018-05-20 00:00:00+00:00,1.96,3.49,22.66,20.7,2.4
2018-05-21 00:00:00+00:00,1.64,2.69,21.51,20.4,6.1
2018-05-22 00:00:00+00:00,1.19,3.12,20.7,20.1,5.6
2018-05-23 00:00:00+00:00,2.3,4.44,24.11,20.6,2.6
2018-05-24 00:00:00+00:00,2.18,3.92,25.47,20.1,0.0
2018-05-25 00:00:00+00:00,1.99,3.37,23.14,20.0,0.4
2018-05-26 00:00:00+00:00,1.36,3.16,16.26,20.2,7.8
2018-05-27 00:00:00+00:00,1.42,3.1,20.25,20.7,7.1
2018-05-28 00:00:00+00:00,1.47,3.16,13.15,20.8,1.2
2018-05-29 00:00:00+00:00,1.41,2.56,7.08,19.3,1.1
2018-05-30 00:00:00+00:00,2.78,3.81,13.2,20.6,13.8
2018-05-31 00:00:00+00:00,2.25,4.22,19.18,21.6,8.7
2018-06-01 00:00:00+00:00,2.53,4.37,22.99,22.2,0.0
2018-06-02 00:00:00+00:00,3.06,3.72,14.56,20.8,13.8
2018-06-03 00:00:00+00:00,2.53,3.55,24.01,21.1,0.4
2018-06-04 00:00:00+00:00,3.04,4.58,29.56,19.0,0.7
2018-06-05 00:00:00+00:00,2.61,4.22,27.48,18.7,0.0
2018-06-06 00:00:00+00:00,2.86,4.24,27.6,19.2,0.0
2018-06-07 00:00:00+00:00,1.54,2.65,27.98,18.6,0.0
2018-06-08 00:00:00+00:00,1.4,2.34,26.8,20.8,0.0
2018-06-09 00:00:00+00:00,1.52,2.43,25.34,22.9,0.0
2018-06-10 00:00:00+00:00,1.41,3.47,23.9,22.3,1.7
2018-06-11 00:00:00+00:00,2.38,3.71,17.85,20.5,3.5
2018-06-12 00:00:00+00:00,2.49,3.61,9.71,16.1,2.8
2018-06-13 00:00:00+00:00,1.43,2.42,23.45,19.8,1.0
2018-06-14 00:00:00+00:00,2.68,3.26,24.67,22.4,0.5
2018-06-15 00:00:00+00:00,1.93,3.04,28.85,20.5,0.0
2018-06-16 00:00:00+00:00,1.35,2.56,28.86,21.3,0.0
2018-06-17 00:00:00+00:00,1.81,2.7,26.31,23.5,0.0
2018-06-18 00:00:00+00:00,1.85,2.97,25.62,25.3,0.0
2018-06-19 00:00:00+00:00,3.38,4.55,27.48,26.3,0.0
2018-06-20 00:00:00+00:00,2.36,3.11,23.63,26.2,0.7
2018-06-21 00:00:00+00:00,2.5,4.11,18.21,24.5,3.0
2018-06-22 00:00:00+00:00,1.93,3.81,22.15,23.0,62.4
2018-06-23 00:00:00+00:00,2.07,4.0,22.05,22.3,3.1
2018-06-24 00:00:00+00:00,2.51,4.37,23.8,24.0,1.9
2018-06-25 00:00:00+00:00,1.81,2.5,7.22,21.1,8.4
2018-06-26 00:00:00+00:00,2.4,4.24,6.3,19.0,50.8
2018-06-27 00:00:00+00:00,2.27,4.33,20.03,20.3,1.1
2018-06-28 00:00:00+00:00,3.05,4.72,25.48,23.1,0.3
2018-06-29 00:00:00+00:00,1.76,2.75,27.76,23.2,0.0
2018-06-30 00:00:00+00:00,1.09,2.2,28.23,23.9,0.0
2018-07-01 00:00:00+00:00,1.53,3.09,25.95,24.5,0.0
2018-07-02 00:00:00+00:00,1.32,2.15,21.73,25.6,0.3
2018-07-03 00:00:00+00:00,1.9,2.92,25.48,26.2,0.2
2018-07-04 00:00:00+00:00,1.92,3.01,26.43,26.7,0.0
2018-07-05 00:00:00+00:00,1.16,2.42,19.64,24.9,1.1
2018-07-06 00:00:00+00:00,1.68,3.86,17.78,24.5,5.0
2018-07-07 00:00:00+00:00,2.45,4.01,24.21,21.5,6.5
2018-07-08 00:00:00+00:00,2.02,3.11,30.02,19.6,0.0
2018-07-09 00:00:00+00:00,1.38,2.28,29.42,20.7,0.0
2018-07-10 00:00:00+00:00,2.34,3.23,28.02,23.5,0.0
2018-07-11 00:00:00+00:00,2.64,3.32,24.33,25.2,0.4
2018-07-12 00:00:00+00:00,1.92,3.61,22.97,24.6,0.0
2018-07-13 00:00:00+00:00,1.96,2.75,23.55,23.6,0.0
2018-07-14 00:00:00+00:00,1.73,2.7,22.01,23.4,0.0
2018-07-15 00:00:00+00:00,1.56,3.35,24.29,24.7,0.0
2018-07-16 00:00:00+00:00,1.5,2.71,18.93,24.3,9.5
2018-07-17 00:00:00+00:00,2.12,3.99,22.26,24.9,3.6
2018-07-18 00:00:00+00:00,2.8,3.83,27.84,24.1,0.0
2018-07-19 00:00:00+00:00,1.95,3.31,25.16,21.9,0.0
2018-07-20 00:00:00+00:00,2.18,3.69,15.79,22.1,0.0
2018-07-21 00:00:00+00:00,1.76,3.05,14.1,21.8,0.7
2018-07-22 00:00:00+00:00,1.77,2.94,12.47,20.1,16.7
2018-07-23 00:00:00+00:00,2.03,3.05,15.46,20.8,8.7
2018-07-24 00:00:00+00:00,1.27,2.52,9.82,20.9,9.0
2018-07-25 00:00:00+00:00,0.97,2.38,15.56,21.5,13.4
2018-07-26 00:00:00+00:00,2.21,3.28,23.08,22.4,0.4
2018-07-27 00:00:00+00:00,1.7,2.5,20.38,23.5,0.4
2018-07-28 00:00:00+00:00,2.58,3.52,26.32,23.2,0.0
2018-07-29 00:00:00+00:00,2.21,2.88,20.37,21.5,0.1
2018-07-30 00:00:00+00:00,1.59,2.62,16.36,21.7,13.9
2018-07-31 00:00:00+00:00,2.29,3.4,13.29,21.6,5.4
2018-08-01 00:00:00+00:00,2.78,4.18,21.79,22.8,9.4
2018-08-02 00:00:00+00:00,1.4,3.21,11.48,20.9,16.9
2018-08-03 00:00:00+00:00,2.38,3.51,6.35,20.0,26.3
2018-08-04 00:00:00+00:00,1.46,2.14,24.19,21.5,0.1
2018-08-05 00:00:00+00:00,1.48,2.27,23.19,23.7,0.0
2018-08-06 00:00:00+00:00,1.53,2.36,21.6,23.9,0.0
2018-08-07 00:00:00+00:00,2.27,3.26,20.75,23.8,0.5
2018-08-08 00:00:00+00:00,2.26,3.14,21.84,24.4,0.7
2018-08-09 00:00:00+00:00,3.36,5.3,24.48,24.1,1.2
2018-08-10 00:00:00+00:00,1.79,3.6,20.9,22.9,0.0
2018-08-11 00:00:00+00:00,1.52,2.44,18.89,23.2,13.0
2018-08-12 00:00:00+00:00,1.41,1.98,18.28,22.2,8.4
2018-08-13 00:00:00+00:00,1.74,3.04,22.78,21.3,0.1
2018-08-14 00:00:00+00:00,1.97,3.05,22.3,20.7,0.0
2018-08-15 00:00:00+00:00,1.87,2.91,21.84,22.2,0.0
2018-08-16 00:00:00+00:00,1.56,2.65,21.12,23.5,0.0
2018-08-17 00:00:00+00:00,1.7,3.61,20.87,24.4,0.2
2018-08-18 00:00:00+00:00,1.6,2.5,7.95,22.2,8.0
2018-08-19 00:00:00+00:00,1.47,2.2,18.21,21.4,3.6
2018-08-20 00:00:00+00:00,1.51,2.78,16.02,21.5,6.3
2018-08-21 00:00:00+00:00,2.37,4.36,14.82,22.5,2.0
2018-08-22 00:00:00+00:00,2.98,5.17,22.18,22.8,0.1
2018-08-23 00:00:00+00:00,2.87,4.74,25.5,19.3,0.0
2018-08-24 00:00:00+00:00,1.78,2.9,25.24,18.2,0.0
2018-08-25 00:00:00+00:00,1.36,3.38,20.66,19.6,0.0
2018-08-26 00:00:00+00:00,1.68,2.92,19.4,21.8,0.7
2018-08-27 00:00:00+00:00,1.76,2.77,18.82,24.1,0.5
2018-08-28 00:00:00+00:00,1.67,2.6,20.78,25.3,0.4
2018-08-29 00:00:00+00:00,1.73,3.35,21.53,25.8,0.1
2018-08-30 00:00:00+00:00,1.75,2.75,18.2,24.6,9.7
2018-08-31 00:00:00+00:00,1.24,2.47,18.02,23.7,0.7
2018-09-01 00:00:00+00:00,1.13,3.26,16.1,23.1,13.0
2018-09-02 00:00:00+00:00,1.03,2.0,19.14,22.8,0.9
2018-09-03 00:00:00+00:00,1.26,1.94,20.91,24.4,0.2
2018-09-04 00:00:00+00:00,1.66,2.42,18.55,24.6,0.6
2018-09-05 00:00:00+00:00,1.63,2.77,20.0,24.9,0.6
2018-09-06 00:00:00+00:00,1.16,1.98,20.55,24.7,0.0
2018-09-07 00:00:00+00:00,1.47,2.3,19.58,24.9,0.0
2018-09-08 00:00:00+00:00,1.43,3.57,13.51,23.0,14.2
2018-09-09 00:00:00+00:00,2.05,4.01,7.38,17.5,13.7
2018-09-10 00:00:00+00:00,2.13,3.18,7.68,17.6,4.8
2018-09-11 00:00:00+00:00,1.13,2.14,12.03,20.2,6.9
2018-09-12 00:00:00+00:00,1.9,2.63,11.69,21.5,4.2
2018-09-13 00:00:00+00:00,2.25,3.53,16.8,22.7,1.9
2018-09-14 00:00:00+00:00,3.98,5.99,11.7,22.2,2.5
2018-09-15 00:00:00+00:00,4.45,5.68,5.29,21.0,6.5
2018-09-16 00:00:00+00:00,4.79,5.63,4.99,19.6,14.1
2018-09-17 00:00:00+00:00,4.78,6.5,15.52,21.9,40.8
2018-09-18 00:00:00+00:00,3.24,5.07,14.19,22.0,4.4
2018-09-19 00:00:00+00:00,2.41,3.04,20.02,21.8,0.0
2018-09-20 00:00:00+00:00,1.34,2.14,18.28,22.0,0.2
2018-09-21 00:00:00+00:00,2.45,3.83,17.67,23.0,0.3
2018-09-22 00:00:00+00:00,1.86,3.31,14.79,22.0,11.0
2018-09-23 00:00:00+00:00,1.77,4.54,6.55,17.6,44.4
2018-09-24 00:00:00+00:00,2.12,2.91,5.06,16.7,3.4
2018-09-25 00:00:00+00:00,2.02,3.18,10.19,19.1,2.7
2018-09-26 00:00:00+00:00,1.24,2.5,11.58,19.9,4.8
2018-09-27 00:00:00+00:00,2.46,4.71,5.03,17.8,8.7
2018-09-28 00:00:00+00:00,1.85,3.54,18.93,17.6,27.2
2018-09-29 00:00:00+00:00,1.78,2.53,14.17,17.0,0.0
2018-09-30 00:00:00+00:00,1.77,2.7,11.37,17.1,0.1
2018-10-01 00:00:00+00:00,1.2,2.56,14.27,19.4,0.3
2018-10-02 00:00:00+00:00,1.42,2.62,13.69,20.1,0.1
2018-10-03 00:00:00+00:00,2.05,3.12,16.73,21.1,0.0
2018-10-04 00:00:00+00:00,2.13,3.07,17.65,22.1,0.0
2018-10-05 00:00:00+00:00,1.9,3.0,13.6,22.3,2.5
2018-10-06 00:00:00+00:00,1.71,2.66,8.84,20.9,1.0
2018-10-07 00:00:00+00:00,1.29,2.55,15.08,21.9,0.0
2018-10-08 00:00:00+00:00,1.77,3.72,12.93,21.7,1.8
2018-10-09 00:00:00+00:00,2.5,3.68,9.88,20.8,2.0
2018-10-10 00:00:00+00:00,3.35,5.8,3.52,19.5,11.3
2018-10-11 00:00:00+00:00,3.64,7.11,1.86,20.1,66.8
2018-10-12 00:00:00+00:00,5.67,8.1,18.41,12.7,0.0
2018-10-13 00:00:00+00:00,3.11,5.17,16.41,10.5,0.9
2018-10-14 00:00:00+00:00,1.71,3.06,8.23,8.9,1.1
2018-10-15 00:00:00+00:00,1.67,3.13,8.96,14.9,1.8
2018-10-16 00:00:00+00:00,2.63,3.91,9.49,15.5,0.3
2018-10-17 00:00:00+00:00,3.26,5.25,16.57,13.4,3.9
2018-10-18 00:00:00+00:00,2.71,4.28,17.24,9.9,0.0
2018-10-19 00:00:00+00:00,2.34,4.47,16.72,8.4,0.0
2018-10-20 00:00:00+00:00,2.67,4.42,8.82,12.8,4.4
2018-10-21 00:00:00+00:00,5.43,7.72,16.77,6.8,0.2
2018-10-22 00:00:00+00:00,2.37,4.24,15.32,5.7,0.0
2018-10-23 00:00:00+00:00,2.73,4.21,16.13,9.9,0.0
2018-10-24 00:00:00+00:00,3.1,4.03,16.34,8.2,0.0
2018-10-25 00:00:00+00:00,1.74,2.83,11.48,5.5,0.0
2018-10-26 00:00:00+00:00,2.13,3.81,3.12,5.1,25.9
2018-10-27 00:00:00+00:00,3.19,5.08,7.06,8.5,8.8
2018-10-28 00:00:00+00:00,4.39,6.31,10.27,9.5,0.0
2018-10-29 00:00:00+00:00,4.39,5.82,13.78,9.2,0.3
2018-10-30 00:00:00+00:00,2.11,3.14,14.7,8.1,0.0
2018-10-31 00:00:00+00:00,1.84,3.73,13.32,10.9,0.0
2018-11-01 00:00:00+00:00,2.86,5.52,7.02,13.5,0.2
2018-11-02 00:00:00+00:00,3.55,6.0,3.84,15.6,16.2
2018-11-03 00:00:00+00:00,4.66,6.17,12.07,8.0,0.5
2018-11-04 00:00:00+00:00,2.36,3.86,13.83,5.8,0.0
2018-11-05 00:00:00+00:00,1.81,3.31,5.12,10.0,8.2
2018-11-06 00:00:00+00:00,1.95,3.84,3.94,12.6,13.9
2018-11-07 00:00:00+00:00,2.81,4.55,12.74,11.1,0.0
2018-11-08 00:00:00+00:00,2.12,3.13,9.58,10.6,0.0
2018-11-09 00:00:00+00:00,1.9,2.95,2.08,7.2,9.7
2018-11-10 00:00:00+00:00,5.06,6.65,13.52,3.3,0.0
2018-11-11 00:00:00+00:00,2.03,3.33,13.71,-1.0,0.0
2018-11-12 00:00:00+00:00,0.86,1.5,3.18,1.0,14.8
2018-11-13 00:00:00+00:00,2.57,4.24,4.55,4.4,20.4
2018-11-14 00:00:00+00:00,2.85,4.9,5.62,3.3,0.0
2018-11-15 00:00:00+00:00,2.69,3.61,1.22,0.3,28.4
2018-11-16 00:00:00+00:00,3.88,6.68,12.53,2.4,0.5
2018-11-17 00:00:00+00:00,2.44,3.54,12.1,4.2,0.0
2018-11-18 00:00:00+00:00,1.81,3.58,9.66,4.5,0.0
2018-11-19 00:00:00+00:00,1.74,2.39,9.94,6.5,0.0
2018-11-20 00:00:00+00:00,3.32,5.39,4.47,7.3,0.2
2018-11-21 00:00:00+00:00,3.55,4.57,12.15,4.1,0.0
2018-11-22 00:00:00+00:00,2.53,3.69,9.6,3.7,0.0
2018-11-23 00:00:00+00:00,2.59,3.74,9.53,-1.2,0.0
2018-11-24 00:00:00+00:00,1.72,2.83,2.71,-0.5,19.8
2018-11-25 00:00:00+00:00,2.19,3.55,10.33,5.8,0.0
2018-11-26 00:00:00+00:00,4.11,6.32,6.1,6.2,3.0
2018-11-27 00:00:00+00:00,5.71,7.79,6.15,-0.1,0.0
2018-11-28 00:00:00+00:00,6.16,7.3,11.94,-3.4,0.0
2018-11-29 00:00:00+00:00,3.12,4.78,9.59,-0.9,0.0
2018-11-30 00:00:00+00:00,0.88,2.75,4.94,5.9,3.2
2018-12-01 00:00:00+00:00,2.15,3.05,1.88,5.2,3.9
2018-12-02 00:00:00+00:00,1.71,4.4,7.31,7.6,2.2
2018-12-03 00:00:00+00:00,3.13,4.28,10.75,9.1,0.0
2018-12-04 00:00:00+00:00,3.31,5.23,4.71,3.4,0.0
2018-12-05 00:00:00+00:00,3.11,6.34,9.36,0.8,0.1
2018-12-06 00:00:00+00:00,2.9,4.3,9.92,-0.9,0.0
2018-12-07 00:00:00+00:00,2.67,3.66,9.05,0.5,0.0
2018-12-08 00:00:00+00:00,1.69,2.55,6.57,-1.0,0.0
2018-12-09 00:00:00+00:00,2.79,4.01,1.13,-2.7,29.4
2018-12-10 00:00:00+00:00,2.23,3.63,8.68,-0.1,3.4
2018-12-11 00:00:00+00:00,2.48,3.66,11.43,-5.5,0.0
2018-12-12 00:00:00+00:00,2.07,3.36,6.53,-2.8,0.0
2018-12-13 00:00:00+00:00,1.13,2.42,3.14,-0.1,0.0
2018-12-14 00:00:00+00:00,1.33,2.63,2.21,-0.5,6.7
2018-12-15 00:00:00+00:00,1.97,2.8,3.63,5.2,21.4
2018-12-16 00:00:00+00:00,3.02,5.71,5.36,6.8,3.5
2018-12-17 00:00:00+00:00,4.92,5.66,10.43,6.7,0.0
2018-12-18 00:00:00+00:00,3.57,5.56,10.59,3.7,0.0
2018-12-19 00:00:00+00:00,1.55,2.95,9.08,2.1,0.0
2018-12-20 00:00:00+00:00,1.37,4.4,1.3,3.2,23.9
2018-12-21 00:00:00+00:00,3.25,5.95,4.24,9.0,35.1
2018-12-22 00:00:00+00:00,5.29,7.0,7.45,3.6,0.1
2018-12-23 00:00:00+00:00,2.23,4.25,8.97,1.6,0.1
2018-12-24 00:00:00+00:00,3.85,5.66,10.03,3.0,0.0
2018-12-25 00:00:00+00:00,1.76,3.19,8.02,0.6,0.2
2018-12-26 00:00:00+00:00,1.59,2.37,10.46,-0.2,0.0
2018-12-27 00:00:00+00:00,1.52,2.42,5.54,0.5,0.3
2018-12-28 00:00:00+00:00,1.47,2.55,0.88,4.0,47.2
2018-12-29 00:00:00+00:00,2.75,4.1,9.41,7.3,0.0
2018-12-30 00:00:00+00:00,1.68,3.05,7.11,5.4,0.0
2018-12-31 00:00:00+00:00,1.71,3.58,1.58,6.2,4.4
2019-01-01 00:00:00+00:00,3.49,5.03,4.25,11.8,0.2
2019-01-02 00:00:00+00:00,2.15,3.16,3.76,5.2,0.2
2019-01-03 00:00:00+00:00,2.09,3.91,4.04,5.9,7.7
2019-01-04 00:00:00+00:00,1.65,3.0,1.89,2.9,5.3
2019-01-05 00:00:00+00:00,4.23,7.88,9.62,6.2,6.0
2019-01-06 00:00:00+00:00,3.57,4.4,9.69,6.9,0.0
2019-01-07 00:00:00+00:00,2.57,3.44,6.94,2.9,0.0
2019-01-08 00:00:00+00:00,1.62,3.83,7.16,6.0,0.1
2019-01-09 00:00:00+00:00,5.55,7.42,10.57,4.4,0.0
2019-01-10 00:00:00+00:00,6.18,7.5,11.29,-3.8,0.0
2019-01-11 00:00:00+00:00,3.46,5.03,11.42,-3.5,0.0
2019-01-12 00:00:00+00:00,1.66,2.16,2.65,-1.8,1.3
2019-01-13 00:00:00+00:00,1.57,2.62,2.16,-2.6,19.3
2019-01-14 00:00:00+00:00,1.54,2.19,4.67,-1.1,0.9
2019-01-15 00:00:00+00:00,3.37,4.24,11.48,-0.3,0.0
2019-01-16 00:00:00+00:00,3.83,5.45,10.98,-1.0,0.0
2019-01-17 00:00:00+00:00,2.13,3.8,4.35,-0.6,1.4
2019-01-18 00:00:00+00:00,1.74,3.54,5.0,2.6,0.8
2019-01-19 00:00:00+00:00,2.37,3.71,1.98,2.6,6.7
2019-01-20 00:00:00+00:00,4.66,9.42,11.95,0.3,11.3
2019-01-21 00:00:00+00:00,5.66,7.78,13.1,-10.1,0.0
2019-01-22 00:00:00+00:00,2.31,4.25,12.43,-6.4,0.0
2019-01-23 00:00:00+00:00,3.26,5.02,3.9,0.4,0.3
2019-01-24 00:00:00+00:00,4.15,7.9,7.59,5.5,23.7
2019-01-25 00:00:00+00:00,4.0,5.28,12.83,-1.4,0.0
2019-01-26 00:00:00+00:00,2.24,4.83,9.75,-2.2,0.0
2019-01-27 00:00:00+00:00,2.32,5.0,7.96,-0.2,0.0
2019-01-28 00:00:00+00:00,2.35,4.13,9.9,1.1,0.0
2019-01-29 00:00:00+00:00,2.75,5.42,2.46,0.9,2.9
2019-01-30 00:00:00+00:00,4.69,8.9,11.77,-5.1,0.0
2019-01-31 00:00:00+00:00,3.01,4.72,13.57,-7.5,0.0
2019-02-01 00:00:00+00:00,1.49,2.73,4.17,-2.7,0.1
2019-02-02 00:00:00+00:00,1.41,2.62,12.72,1.9,0.0
2019-02-03 00:00:00+00:00,1.91,2.66,11.17,4.5,0.0
2019-02-04 00:00:00+00:00,1.78,2.83,13.95,5.5,0.0
2019-02-05 00:00:00+00:00,2.33,3.61,12.92,9.8,0.0
2019-02-06 00:00:00+00:00,2.32,4.11,6.18,9.3,2.2
2019-02-07 00:00:00+00:00,1.72,4.5,7.26,13.4,9.0
2019-02-08 00:00:00+00:00,4.72,6.38,11.7,11.3,0.9
2019-02-09 00:00:00+00:00,3.84,7.5,13.55,-0.6,0.0
2019-02-10 00:00:00+00:00,1.79,2.33,6.48,-2.4,0.0
2019-02-11 00:00:00+00:00,1.54,2.86,5.75,1.6,6.8
2019-02-12 00:00:00+00:00,2.23,2.92,2.49,0.7,20.4
2019-02-13 00:00:00+00:00,5.2,6.89,16.02,2.8,5.1
2019-02-14 00:00:00+00:00,3.16,5.2,12.64,3.9,0.0
2019-02-15 00:00:00+00:00,3.34,5.25,7.47,9.5,1.1
2019-02-16 00:00:00+00:00,2.76,3.96,6.71,4.7,5.1
2019-02-17 00:00:00+00:00,2.19,3.85,3.88,-0.4,6.2
2019-02-18 00:00:00+00:00,3.44,6.05,8.21,2.7,9.5
2019-02-19 00:00:00+00:00,2.28,4.24,12.57,0.8,0.0
2019-02-20 00:00:00+00:00,2.58,4.19,2.95,-0.7,19.8
2019-02-21 00:00:00+00:00,2.19,4.11,12.68,4.9,1.5
2019-02-22 00:00:00+00:00,2.18,4.27,3.5,5.5,18.6
2019-02-23 00:00:00+00:00,1.62,2.69,2.15,2.7,35.2
2019-02-24 00:00:00+00:00,3.74,8.19,15.23,6.2,6.8
2019-02-25 00:00:00+00:00,6.27,7.47,18.46,3.8,0.0
2019-02-26 00:00:00+00:00,2.41,3.72,17.73,4.2,0.0
2019-02-27 00:00:00+00:00,1.85,3.58,16.24,4.2,0.0
2019-02-28 00:00:00+00:00,2.61,4.48,12.38,7.7,0.0
2019-03-01 00:00:00+00:00,2.9,4.02,2.78,3.2,12.5
2019-03-02 00:00:00+00:00,2.27,5.47,17.0,4.2,1.1
2019-03-03 00:00:00+00:00,2.34,3.83,2.65,3.3,11.9
2019-03-04 00:00:00+00:00,4.5,6.59,15.53,1.0,3.6
2019-03-05 00:00:00+00:00,3.15,4.92,20.02,-2.8,0.0
2019-03-06 00:00:00+00:00,4.5,5.24,20.15,-4.0,0.0
2019-03-07 00:00:00+00:00,2.66,3.54,13.89,-1.7,0.0
2019-03-08 00:00:00+00:00,1.5,2.27,4.77,-0.2,4.1
2019-03-09 00:00:00+00:00,1.65,2.91,5.79,0.9,0.9
2019-03-10 00:00:00+00:00,2.32,5.26,17.02,7.0,9.2
2019-03-11 00:00:00+00:00,3.13,4.18,11.2,9.0,0.0
2019-03-12 00:00:00+00:00,2.92,4.02,20.59,5.5,0.0
2019-03-13 00:00:00+00:00,2.19,4.0,15.7,4.4,0.0
2019-03-14 00:00:00+00:00,3.45,6.15,15.34,10.5,0.0
2019-03-15 00:00:00+00:00,3.87,5.8,11.67,15.9,2.4
2019-03-16 00:00:00+00:00,5.21,6.53,21.25,7.2,0.0
2019-03-17 00:00:00+00:00,2.53,4.33,20.76,4.1,0.0
2019-03-18 00:00:00+00:00,2.85,4.83,20.02,3.8,0.0
2019-03-19 00:00:00+00:00,1.76,3.68,22.14,1.9,0.0
2019-03-20 00:00:00+00:00,1.53,2.69,21.05,3.7,0.0
2019-03-21 00:00:00+00:00,2.79,5.11,9.7,5.5,12.1
2019-03-22 00:00:00+00:00,6.14,9.12,16.94,6.0,0.3
2019-03-23 00:00:00+00:00,4.69,6.16,23.11,5.0,0.0
2019-03-24 00:00:00+00:00,2.55,4.2,21.97,6.6,0.0
2019-03-25 00:00:00+00:00,1.91,4.52,10.28,10.4,4.3
2019-03-26 00:00:00+00:00,2.21,4.05,14.44,7.2,2.6
2019-03-27 00:00:00+00:00,1.78,2.94,23.85,4.0,0.0
2019-03-28 00:00:00+00:00,2.03,4.3,23.12,5.7,0.0
2019-03-29 00:00:00+00:00,1.97,3.85,18.69,11.4,0.0
2019-03-30 00:00:00+00:00,2.77,6.15,19.32,12.5,0.0
2019-03-31 00:00:00+00:00,5.17,7.94,21.2,10.5,1.5
2019-04-01 00:00:00+00:00,2.88,5.67,24.42,1.7,0.0
2019-04-02 00:00:00+00:00,1.32,2.42,12.93,2.6,0.1
2019-04-03 00:00:00+00:00,3.13,5.05,24.4,7.5,0.0
2019-04-04 00:00:00+00:00,2.29,3.33,21.84,10.2,0.0
2019-04-05 00:00:00+00:00,2.67,3.91,4.41,9.6,18.4
2019-04-06 00:00:00+00:00,1.34,2.87,15.58,11.6,0.5
2019-04-07 00:00:00+00:00,2.53,4.93,8.34,13.1,0.8
2019-04-08 00:00:00+00:00,1.91,3.61,12.0,15.2,5.0
2019-04-09 00:00:00+00:00,2.33,4.19,16.88,15.6,0.4
2019-04-10 00:00:00+00:00,2.32,3.28,25.04,13.8,0.0
2019-04-11 00:00:00+00:00,2.32,4.95,21.44,14.5,0.0
2019-04-12 00:00:00+00:00,3.26,5.73,7.17,15.1,28.0
2019-04-13 00:00:00+00:00,1.78,3.42,10.46,16.2,5.8
2019-04-14 00:00:00+00:00,3.25,8.34,5.34,15.2,7.1
2019-04-15 00:00:00+00:00,6.56,8.02,22.32,10.2,3.2
2019-04-16 00:00:00+00:00,3.16,4.97,25.08,8.3,0.0
2019-04-17 00:00:00+00:00,2.17,3.42,23.3,15.5,0.0
2019-04-18 00:00:00+00:00,2.88,6.23,24.18,16.8,0.0
2019-04-19 00:00:00+00:00,4.55,8.01,6.48,17.4,22.7
2019-04-20 00:00:00+00:00,5.05,7.78,18.62,12.4,5.2
2019-04-21 00:00:00+00:00,2.19,4.14,14.67,8.4,0.1
2019-04-22 00:00:00+00:00,2.62,4.27,26.61,11.6,0.0
2019-04-23 00:00:00+00:00,2.17,3.28,25.63,15.7,0.0
2019-04-24 00:00:00+00:00,3.12,4.89,20.44,18.2,0.1
2019-04-25 00:00:00+00:00,2.03,3.5,19.06,17.1,0.0
2019-04-26 00:00:00+00:00,4.69,8.7,15.31,16.0,12.2
2019-04-27 00:00:00+00:00,4.34,6.03,27.47,12.2,0.0
2019-04-28 00:00:00+00:00,2.68,5.61,21.18,15.2,0.5
2019-04-29 00:00:00+00:00,2.84,5.33,17.17,11.7,0.0
2019-04-30 00:00:00+00:00,1.71,3.4,23.42,16.8,0.2
2019-05-01 00:00:00+00:00,2.74,4.93,25.75,20.4,0.0
2019-05-02 00:00:00+00:00,1.84,3.8,20.58,20.0,0.4
2019-05-03 00:00:00+00:00,1.7,4.24,22.75,19.6,0.9
2019-05-04 00:00:00+00:00,1.82,3.36,20.05,19.2,1.3
2019-05-05 00:00:00+00:00,1.87,4.47,12.87,17.7,8.3
2019-05-06 00:00:00+00:00,2.44,4.69,25.6,17.0,0.0
2019-05-07 00:00:00+00:00,1.81,3.22,20.88,16.4,0.8
2019-05-08 00:00:00+00:00,1.65,4.1,23.14,18.8,0.2
2019-05-09 00:00:00+00:00,3.17,4.75,23.7,19.6,1.0
2019-05-10 00:00:00+00:00,2.81,3.61,19.14,20.0,1.3
2019-05-11 00:00:00+00:00,2.08,4.0,6.99,17.8,13.6
2019-05-12 00:00:00+00:00,2.3,3.07,9.95,18.0,8.7
2019-05-13 00:00:00+00:00,3.01,5.57,21.43,14.9,5.1
2019-05-14 00:00:00+00:00,4.8,7.01,21.36,11.7,0.0
2019-05-15 00:00:00+00:00,2.35,2.69,23.73,12.4,0.0
2019-05-16 00:00:00+00:00,2.64,3.72,26.8,15.5,0.0
2019-05-17 00:00:00+00:00,2.69,5.02,20.42,18.2,0.8
2019-05-18 00:00:00+00:00,2.61,3.8,25.68,22.1,0.0
2019-05-19 00:00:00+00:00,2.53,5.58,23.83,22.5,0.1
2019-05-20 00:00:00+00:00,2.85,5.1,22.74,21.9,0.2
2019-05-21 00:00:00+00:00,2.39,3.05,27.53,19.5,0.0
2019-05-22 00:00:00+00:00,2.37,4.0,26.3,18.0,0.0
2019-05-23 00:00:00+00:00,2.33,5.63,23.31,21.6,0.0
2019-05-24 00:00:00+00:00,3.71,5.51,25.12,24.6,0.1
2019-05-25 00:00:00+00:00,1.84,3.35,23.45,23.7,0.6
2019-05-26 00:00:00+00:00,2.65,4.21,25.26,24.9,0.0
2019-05-27 00:00:00+00:00,3.09,4.24,24.85,24.1,0.2
2019-05-28 00:00:00+00:00,2.97,5.07,27.76,25.1,0.0
2019-05-29 00:00:00+00:00,3.31,4.8,22.2,25.0,0.2
2019-05-30 00:00:00+00:00,3.43,5.51,21.41,24.0,0.0
2019-05-31 00:00:00+00:00,2.47,4.04,19.64,22.5,2.4
2019-06-01 00:00:00+00:00,2.34,3.72,27.17,20.7,1.6
2019-06-02 00:00:00+00:00,2.62,4.18,24.2,22.1,0.0
2019-06-03 00:00:00+00:00,3.56,5.17,29.22,19.9,0.0
2019-06-04 00:00:00+00:00,2.01,4.2,29.27,17.8,0.0
2019-06-05 00:00:00+00:00,1.72,3.27,14.65,20.1,2.8
2019-06-06 00:00:00+00:00,2.16,3.52,23.34,22.9,0.3
2019-06-07 00:00:00+00:00,1.79,3.3,6.18,20.0,11.8
2019-06-08 00:00:00+00:00,3.42,4.85,4.56,17.5,75.0
2019-06-09 00:00:00+00:00,3.5,4.22,7.8,17.8,7.4
2019-06-10 00:00:00+00:00,1.64,3.75,15.79,20.6,7.3
2019-06-11 00:00:00+00:00,3.87,5.16,30.26,18.8,4.1
2019-06-12 00:00:00+00:00,2.5,4.72,24.47,16.7,0.3
2019-06-13 00:00:00+00:00,2.61,5.79,24.4,17.4,5.6
2019-06-14 00:00:00+00:00,4.04,5.47,30.66,16.5,0.0
2019-06-15 00:00:00+00:00,2.32,5.06,27.91,17.9,0.0
2019-06-16 00:00:00+00:00,2.44,4.16,23.45,22.0,0.2
2019-06-17 00:00:00+00:00,1.87,3.55,22.69,23.4,3.0
2019-06-18 00:00:00+00:00,1.69,3.24,14.53,21.8,7.5
2019-06-19 00:00:00+00:00,1.46,3.18,18.0,21.3,14.0
2019-06-20 00:00:00+00:00,2.45,5.71,16.1,21.3,2.3
2019-06-21 00:00:00+00:00,5.2,7.35,25.1,21.1,0.0
2019-06-22 00:00:00+00:00,1.75,3.39,19.25,19.9,6.4
2019-06-23 00:00:00+00:00,1.77,3.41,25.83,19.4,0.0
2019-06-24 00:00:00+00:00,2.0,4.12,24.79,22.9,0.0
2019-06-25 00:00:00+00:00,3.62,5.0,24.75,23.8,3.7
2019-06-26 00:00:00+00:00,2.26,2.92,27.18,22.9,0.0
2019-06-27 00:00:00+00:00,1.73,2.56,23.86,24.0,0.1
2019-06-28 00:00:00+00:00,1.64,3.03,22.77,25.0,0.0
2019-06-29 00:00:00+00:00,1.97,2.78,24.33,25.0,0.0
2019-06-30 00:00:00+00:00,3.54,5.74,26.13,25.7,0.0
2019-07-01 00:00:00+00:00,2.47,3.47,28.67,25.1,0.0
2019-07-02 00:00:00+00:00,1.96,4.16,23.31,24.7,0.4
2019-07-03 00:00:00+00:00,2.5,3.5,24.47,25.6,0.0
2019-07-04 00:00:00+00:00,1.66,2.56,20.05,24.8,4.9
2019-07-05 00:00:00+00:00,1.71,3.5,22.07,24.3,2.9
2019-07-06 00:00:00+00:00,1.29,3.77,23.69,25.4,2.0
2019-07-07 00:00:00+00:00,1.78,3.02,18.92,25.1,6.4
2019-07-08 00:00:00+00:00,2.02,3.34,24.35,24.7,0.9
2019-07-09 00:00:00+00:00,2.02,4.01,14.31,22.5,0.3
2019-07-10 00:00:00+00:00,1.53,3.11,20.52,23.9,0.7
2019-07-11 00:00:00+00:00,1.43,4.22,15.86,23.9,6.7
2019-07-12 00:00:00+00:00,2.38,3.42,23.79,24.9,0.3
2019-07-13 00:00:00+00:00,1.75,2.62,27.32,25.5,0.0
2019-07-14 00:00:00+00:00,2.34,3.72,28.34,25.8,0.0
2019-07-15 00:00:00+00:00,1.64,3.04,24.39,25.9,0.3
2019-07-16 00:00:00+00:00,1.6,2.8,18.71,26.3,0.0
2019-07-17 00:00:00+00:00,1.88,4.03,17.26,25.7,1.3
2019-07-18 00:00:00+00:00,2.71,3.92,22.59,26.0,2.6
2019-07-19 00:00:00+00:00,2.3,4.1,22.43,26.9,0.0
2019-07-20 00:00:00+00:00,2.23,3.67,25.68,28.0,0.0
2019-07-21 00:00:00+00:00,2.08,3.28,18.91,26.9,9.7
2019-07-22 00:00:00+00:00,2.3,4.2,14.19,24.4,2.5
2019-07-23 00:00:00+00:00,2.18,3.35,7.58,19.3,18.0
2019-07-24 00:00:00+00:00,2.21,3.12,27.92,20.1,0.0
2019-07-25 00:00:00+00:00,2.24,3.38,23.39,20.5,0.0
2019-07-26 00:00:00+00:00,1.44,2.24,23.22,21.3,0.0
2019-07-27 00:00:00+00:00,1.36,2.86,24.63,22.1,0.0
2019-07-28 00:00:00+00:00,1.49,2.53,24.99,23.9,0.1
2019-07-29 00:00:00+00:00,2.02,3.06,23.15,24.3,0.0
2019-07-30 00:00:00+00:00,1.67,2.88,22.1,24.9,0.0
2019-07-31 00:00:00+00:00,1.58,3.45,18.91,23.8,0.1
2019-08-01 00:00:00+00:00,1.31,2.5,20.89,22.6,3.0
2019-08-02 00:00:00+00:00,1.66,2.6,15.84,21.6,8.0
2019-08-03 00:00:00+00:00,1.08,1.8,23.25,22.8,1.3
2019-08-04 00:00:00+00:00,1.63,3.92,24.91,24.8,0.0
2019-08-05 00:00:00+00:00,1.71,2.41,12.55,22.3,0.2
2019-08-06 00:00:00+00:00,1.5,4.5,22.32,23.8,0.2
2019-08-07 00:00:00+00:00,1.98,2.96,19.25,23.9,0.7
2019-08-08 00:00:00+00:00,2.74,4.29,23.67,24.5,0.0
2019-08-09 00:00:00+00:00,3.13,4.44,22.51,24.7,0.0
2019-08-10 00:00:00+00:00,2.01,4.3,19.88,23.1,0.4
2019-08-11 00:00:00+00:00,1.9,2.91,26.29,22.4,0.0
2019-08-12 00:00:00+00:00,1.43,3.8,23.01,23.5,0.5
2019-08-13 00:00:00+00:00,1.71,4.61,13.27,25.1,7.1
2019-08-14 00:00:00+00:00,2.66,4.03,22.67,26.4,0.0
2019-08-15 00:00:00+00:00,1.93,3.26,20.58,24.8,0.4
2019-08-16 00:00:00+00:00,1.69,2.88,20.83,24.0,4.5
2019-08-17 00:00:00+00:00,1.43,3.09,21.92,24.4,0.7
2019-08-18 00:00:00+00:00,1.4,3.56,22.29,25.5,0.0
2019-08-19 00:00:00+00:00,1.39,2.2,20.11,25.1,2.6
2019-08-20 00:00:00+00:00,1.97,5.26,21.88,25.8,0.9
2019-08-21 00:00:00+00:00,2.21,4.0,19.74,25.3,0.0
2019-08-22 00:00:00+00:00,2.59,4.01,20.6,26.3,0.3
2019-08-23 00:00:00+00:00,1.61,2.6,16.52,23.2,5.9
2019-08-24 00:00:00+00:00,1.78,3.01,10.0,19.2,2.3
2019-08-25 00:00:00+00:00,1.84,3.21,16.06,18.4,0.0
2019-08-26 00:00:00+00:00,1.93,2.56,16.95,18.7,0.7
2019-08-27 00:00:00+00:00,1.84,2.7,7.73,18.6,5.1
2019-08-28 00:00:00+00:00,2.14,4.64,19.17,21.3,1.7
2019-08-29 00:00:00+00:00,2.56,4.1,25.01,20.3,0.0
2019-08-30 00:00:00+00:00,1.74,2.9,23.84,20.4,0.0
2019-08-31 00:00:00+00:00,2.16,4.08,21.73,22.7,0.1
2019-09-01 00:00:00+00:00,1.94,3.32,21.6,23.1,0.0
2019-09-02 00:00:00+00:00,1.17,1.78,20.61,22.9,0.0
2019-09-03 00:00:00+00:00,1.73,2.95,21.57,23.4,0.1
2019-09-04 00:00:00+00:00,1.62,2.48,22.55,24.9,0.0
2019-09-05 00:00:00+00:00,2.56,4.26,14.48,24.1,0.0
2019-09-06 00:00:00+00:00,3.68,4.74,22.59,23.1,0.0
2019-09-07 00:00:00+00:00,2.99,3.97,20.34,22.9,0.0
2019-09-08 00:00:00+00:00,1.87,3.66,22.41,21.5,0.0
2019-09-09 00:00:00+00:00,1.17,2.75,15.51,22.6,0.4
2019-09-10 00:00:00+00:00,1.51,2.79,11.49,22.2,0.3
2019-09-11 00:00:00+00:00,1.28,3.83,19.71,25.1,0.0
2019-09-12 00:00:00+00:00,1.93,2.57,19.18,25.8,0.0
2019-09-13 00:00:00+00:00,2.39,4.52,9.94,23.0,1.8
2019-09-14 00:00:00+00:00,2.13,3.1,10.97,20.6,1.0
2019-09-15 00:00:00+00:00,1.46,2.6,21.86,22.9,0.0
2019-09-16 00:00:00+00:00,1.22,2.14,20.5,22.8,0.0
2019-09-17 00:00:00+00:00,2.35,5.0,16.57,22.3,0.0
2019-09-18 00:00:00+00:00,1.73,3.61,10.58,19.8,1.1
2019-09-19 00:00:00+00:00,1.88,2.61,17.33,16.4,0.1
2019-09-20 00:00:00+00:00,1.09,2.2,21.13,16.1,0.0
2019-09-21 00:00:00+00:00,1.58,2.63,16.96,20.6,0.8
2019-09-22 00:00:00+00:00,1.85,3.01,18.04,22.5,0.0
2019-09-23 00:00:00+00:00,2.81,3.65,16.32,23.6,0.0
2019-09-24 00:00:00+00:00,2.67,3.4,21.18,21.5,0.0
2019-09-25 00:00:00+00:00,2.02,3.11,18.69,18.9,0.0
2019-09-26 00:00:00+00:00,2.77,5.09,15.73,21.8,0.4
2019-09-27 00:00:00+00:00,1.87,2.97,17.73,21.4,0.0
2019-09-28 00:00:00+00:00,1.56,3.18,14.15,22.2,6.1
2019-09-29 00:00:00+00:00,1.7,2.48,15.98,23.2,0.2
2019-09-30 00:00:00+00:00,1.52,2.41,9.45,22.5,1.4
2019-10-01 00:00:00+00:00,1.37,2.41,15.48,23.7,0.1
2019-10-02 00:00:00+00:00,2.33,3.91,17.52,25.3,0.0
2019-10-03 00:00:00+00:00,2.47,3.45,18.88,25.3,0.0
2019-10-04 00:00:00+00:00,2.91,3.33,18.88,24.1,0.0
2019-10-05 00:00:00+00:00,3.12,3.85,11.35,14.8,0.0
2019-10-06 00:00:00+00:00,2.04,4.02,10.86,15.8,0.1
2019-10-07 00:00:00+00:00,2.42,3.91,11.02,18.6,0.1
2019-10-08 00:00:00+00:00,2.69,4.03,7.42,16.1,0.2
2019-10-09 00:00:00+00:00,1.94,2.61,14.31,14.3,2.2
2019-10-10 00:00:00+00:00,1.56,2.66,17.64,15.8,0.0
2019-10-11 00:00:00+00:00,1.34,2.38,17.6,15.9,0.0
2019-10-12 00:00:00+00:00,2.05,5.23,11.28,16.2,0.0
2019-10-13 00:00:00+00:00,2.5,4.11,11.81,14.0,3.6
2019-10-14 00:00:00+00:00,2.26,3.41,18.28,14.5,0.0
2019-10-15 00:00:00+00:00,2.39,3.45,17.54,13.1,0.0
2019-10-16 00:00:00+00:00,2.84,6.24,6.96,12.1,22.0
2019-10-17 00:00:00+00:00,6.03,7.39,15.06,9.2,0.0
2019-10-18 00:00:00+00:00,3.11,4.35,17.32,9.8,0.0
2019-10-19 00:00:00+00:00,1.61,3.38,12.64,8.1,0.0
2019-10-20 00:00:00+00:00,2.58,4.37,5.63,11.1,62.7
2019-10-21 00:00:00+00:00,1.91,3.31,8.82,12.9,0.1
2019-10-22 00:00:00+00:00,2.91,3.98,3.38,14.0,24.0
2019-10-23 00:00:00+00:00,3.06,4.27,16.48,11.3,0.0
2019-10-24 00:00:00+00:00,1.95,2.51,16.26,8.9,0.0
2019-10-25 00:00:00+00:00,1.47,2.76,8.28,9.8,0.0
2019-10-26 00:00:00+00:00,2.14,4.34,7.81,13.1,0.4
2019-10-27 00:00:00+00:00,3.77,5.5,14.88,17.1,18.7
2019-10-28 00:00:00+00:00,2.48,3.54,15.17,13.2,0.0
2019-10-29 00:00:00+00:00,1.27,2.0,6.11,12.7,0.8
2019-10-30 00:00:00+00:00,1.47,3.19,2.57,13.3,6.0
2019-10-31 00:00:00+00:00,4.11,8.41,5.46,17.6,31.2
2019-11-01 00:00:00+00:00,5.05,9.94,15.2,5.0,5.8
2019-11-02 00:00:00+00:00,1.95,4.3,14.77,4.1,0.0
2019-11-03 00:00:00+00:00,2.68,3.45,14.73,5.0,0.0
2019-11-04 00:00:00+00:00,2.0,4.2,14.06,4.7,0.0
2019-11-05 00:00:00+00:00,2.16,3.45,13.32,7.7,0.0
2019-11-06 00:00:00+00:00,2.59,4.96,14.12,8.3,0.0
2019-11-07 00:00:00+00:00,1.43,2.94,6.74,8.3,1.2
2019-11-08 00:00:00+00:00,4.54,6.55,14.42,4.0,0.4
2019-11-09 00:00:00+00:00,1.83,3.32,12.2,-0.2,0.0
2019-11-10 00:00:00+00:00,1.84,3.32,13.09,5.3,0.0
2019-11-11 00:00:00+00:00,1.94,4.0,12.24,8.9,0.0
2019-11-12 00:00:00+00:00,4.84,7.48,6.55,4.7,2.8
2019-11-13 00:00:00+00:00,3.11,5.44,13.42,-4.4,0.0
2019-11-14 00:00:00+00:00,1.51,2.62,9.59,-2.0,0.0
2019-11-15 00:00:00+00:00,1.92,2.83,8.89,2.2,0.0
2019-11-16 00:00:00+00:00,3.03,4.1,12.97,1.7,0.0
2019-11-17 00:00:00+00:00,2.22,3.35,6.94,1.7,0.0
2019-11-18 00:00:00+00:00,0.92,1.6,2.07,3.1,4.3
2019-11-19 00:00:00+00:00,2.03,3.71,7.34,3.4,0.0
2019-11-20 00:00:00+00:00,3.48,5.73,12.14,4.5,0.0
2019-11-21 00:00:00+00:00,2.13,3.38,8.22,4.0,0.0
2019-11-22 00:00:00+00:00,2.49,5.71,2.83,7.3,3.7
2019-11-23 00:00:00+00:00,2.27,4.11,2.05,3.0,10.9
2019-11-24 00:00:00+00:00,4.44,7.61,11.62,4.6,13.4
2019-11-25 00:00:00+00:00,2.81,4.76,11.7,4.7,0.0
2019-11-26 00:00:00+00:00,1.78,2.82,10.83,5.8,0.0
2019-11-27 00:00:00+00:00,2.55,5.3,6.35,8.8,9.5
2019-11-28 00:00:00+00:00,5.37,6.94,11.38,5.9,0.0
2019-11-29 00:00:00+00:00,2.54,5.45,9.37,4.3,0.0
2019-11-30 00:00:00+00:00,1.59,2.68,2.14,4.4,11.5
2019-12-01 00:00:00+00:00,2.06,3.89,3.17,4.8,23.1
2019-12-02 00:00:00+00:00,4.5,7.39,6.16,3.6,0.6
2019-12-03 00:00:00+00:00,5.23,7.01,10.11,1.9,0.0
2019-12-04 00:00:00+00:00,4.38,6.86,11.09,2.8,0.0
2019-12-05 00:00:00+00:00,5.16,8.1,10.95,4.8,0.0
2019-12-06 00:00:00+00:00,1.89,2.97,3.47,3.4,0.0
2019-12-07 00:00:00+00:00,2.19,3.56,9.77,4.5,0.0
2019-12-08 00:00:00+00:00,1.71,2.64,10.3,0.5,0.0
2019-12-09 00:00:00+00:00,1.81,4.03,1.23,2.3,10.0
2019-12-10 00:00:00+00:00,2.89,5.23,1.97,8.1,4.3
2019-12-11 00:00:00+00:00,4.52,5.73,11.12,0.6,5.5
2019-12-12 00:00:00+00:00,2.16,3.34,10.83,-1.9,0.0
2019-12-13 00:00:00+00:00,1.5,2.57,1.99,-1.2,15.6
2019-12-14 00:00:00+00:00,3.02,6.31,7.17,4.2,12.3
2019-12-15 00:00:00+00:00,3.25,4.93,9.27,4.3,0.0
2019-12-16 00:00:00+00:00,1.73,3.14,4.33,5.2,0.7
2019-12-17 00:00:00+00:00,3.16,7.0,4.49,7.7,4.9
2019-12-18 00:00:00+00:00,5.05,7.14,10.84,-0.5,0.0
2019-12-19 00:00:00+00:00,3.31,5.16,10.71,-2.4,0.0
2019-12-20 00:00:00+00:00,1.89,2.91,10.42,0.0,0.0
2019-12-21 00:00:00+00:00,1.26,2.73,7.15,0.3,0.0
2019-12-22 00:00:00+00:00,1.55,2.78,6.42,1.6,0.0
2019-12-23 00:00:00+00:00,1.54,2.95,6.87,3.8,0.0
2019-12-24 00:00:00+00:00,2.15,3.31,10.43,4.6,0.0
2019-12-25 00:00:00+00:00,1.36,2.41,9.41,4.0,0.0
2019-12-26 00:00:00+00:00,1.8,2.95,10.19,5.3,0.0
2019-12-27 00:00:00+00:00,1.17,3.05,7.64,6.7,0.0
2019-12-28 00:00:00+00:00,1.86,2.55,9.4,8.2,0.0
2019-12-29 00:00:00+00:00,1.42,2.42,1.8,9.6,5.2
2019-12-30 00:00:00+00:00,4.19,6.1,9.62,14.7,5.6
2019-12-31 00:00:00+00:00,3.37,4.9,7.1,6.0,0.0
2020-01-01 00:00:00+00:00,3.56,5.16,10.5,4.4,0.0
2020-01-02 00:00:00+00:00,2.03,2.85,5.8,3.6,0.4
2020-01-03 00:00:00+00:00,1.59,3.09,2.39,6.8,13.6
2020-01-04 00:00:00+00:00,2.87,7.21,5.64,9.1,4.4
2020-01-05 00:00:00+00:00,5.62,8.23,9.66,2.1,0.0
2020-01-06 00:00:00+00:00,3.18,5.27,11.16,3.6,0.0
2020-01-07 00:00:00+00:00,2.56,5.79,3.89,-0.3,4.9
2020-01-08 00:00:00+00:00,4.28,6.76,11.28,2.4,0.0
2020-01-09 00:00:00+00:00,2.31,3.58,10.95,-0.0,0.0
2020-01-10 00:00:00+00:00,2.04,3.37,5.01,3.5,0.1
2020-01-11 00:00:00+00:00,3.34,5.9,1.98,11.4,8.5
2020-01-12 00:00:00+00:00,4.46,7.9,11.21,14.4,3.9
2020-01-13 00:00:00+00:00,0.8,1.68,5.64,8.8,0.0
2020-01-14 00:00:00+00:00,1.11,2.22,3.33,7.9,2.2
2020-01-15 00:00:00+00:00,2.38,3.54,5.41,8.8,0.0
2020-01-16 00:00:00+00:00,4.09,6.34,11.13,8.7,0.0
2020-01-17 00:00:00+00:00,3.21,5.95,10.59,0.3,0.0
2020-01-18 00:00:00+00:00,3.09,5.08,3.21,0.4,4.6
2020-01-19 00:00:00+00:00,4.68,7.32,12.33,2.7,0.6
2020-01-20 00:00:00+00:00,3.8,5.06,12.48,-4.5,0.0
2020-01-21 00:00:00+00:00,2.78,4.46,12.84,-4.4,0.0
2020-01-22 00:00:00+00:00,1.62,4.14,12.77,-3.2,0.0
2020-01-23 00:00:00+00:00,1.32,2.14,7.73,-1.6,0.0
2020-01-24 00:00:00+00:00,1.88,4.61,1.89,0.8,8.7
2020-01-25 00:00:00+00:00,3.32,5.1,11.31,5.3,26.3
2020-01-26 00:00:00+00:00,3.63,5.37,12.55,1.8,0.0
2020-01-27 00:00:00+00:00,2.55,5.04,7.77,2.3,0.0
2020-01-28 00:00:00+00:00,3.61,4.53,13.09,2.4,0.0
2020-01-29 00:00:00+00:00,2.17,3.58,12.33,0.6,0.0
2020-01-30 00:00:00+00:00,1.27,2.79,8.45,0.7,0.0
2020-01-31 00:00:00+00:00,1.08,1.7,4.91,-0.3,3.0
2020-02-01 00:00:00+00:00,1.98,3.19,8.59,1.9,0.4
2020-02-02 00:00:00+00:00,4.11,5.01,13.52,5.9,0.0
2020-02-03 00:00:00+00:00,3.65,6.77,10.52,12.2,0.0
2020-02-04 00:00:00+00:00,2.42,3.7,5.8,12.4,0.8
2020-02-05 00:00:00+00:00,1.74,3.88,3.5,10.5,14.0
2020-02-06 00:00:00+00:00,1.61,3.64,1.13,5.2,58.0
2020-02-07 00:00:00+00:00,5.66,9.68,9.0,5.9,10.7
2020-02-08 00:00:00+00:00,2.94,4.8,11.16,0.1,0.0
2020-02-09 00:00:00+00:00,2.03,3.58,14.25,1.0,0.0
2020-02-10 00:00:00+00:00,2.57,3.67,2.09,4.0,10.1
2020-02-11 00:00:00+00:00,1.95,4.25,5.06,9.9,12.1
2020-02-12 00:00:00+00:00,2.92,6.31,5.55,6.4,0.9
2020-02-13 00:00:00+00:00,3.06,5.79,3.32,7.7,15.5
2020-02-14 00:00:00+00:00,4.34,5.45,15.56,1.8,0.0
2020-02-15 00:00:00+00:00,2.39,4.25,16.15,-4.0,0.0
2020-02-16 00:00:00+00:00,1.3,2.41,9.12,1.1,0.6
2020-02-17 00:00:00+00:00,2.11,3.19,15.11,3.7,0.0
2020-02-18 00:00:00+00:00,2.62,4.47,11.17,6.1,0.8
2020-02-19 00:00:00+00:00,3.21,5.19,12.51,6.7,1.4
2020-02-20 00:00:00+00:00,1.78,3.52,4.78,0.6,2.1
2020-02-21 00:00:00+00:00,2.59,3.91,17.78,-1.2,0.2
2020-02-22 00:00:00+00:00,2.95,4.33,17.87,0.5,0.0
2020-02-23 00:00:00+00:00,2.48,3.48,17.36,2.6,0.0
2020-02-24 00:00:00+00:00,2.27,3.32,8.0,4.9,0.4
2020-02-25 00:00:00+00:00,1.92,3.26,11.43,8.8,6.5
2020-02-26 00:00:00+00:00,2.94,5.26,13.6,9.4,0.4
2020-02-27 00:00:00+00:00,6.22,7.71,16.17,1.4,5.5
2020-02-28 00:00:00+00:00,3.6,6.07,12.61,-0.1,0.2
2020-02-29 00:00:00+00:00,4.04,6.2,18.77,-1.3,0.1
2020-03-01 00:00:00+00:00,2.44,3.61,18.33,0.8,0.0
2020-03-02 00:00:00+00:00,2.16,4.84,8.64,5.3,0.8
2020-03-03 00:00:00+00:00,2.33,4.1,7.28,8.6,4.7
2020-03-04 00:00:00+00:00,3.21,4.88,18.12,9.9,0.0
2020-03-05 00:00:00+00:00,2.36,3.41,12.12,7.5,0.0
2020-03-06 00:00:00+00:00,4.09,8.27,16.98,4.6,0.3
2020-03-07 00:00:00+00:00,5.73,7.26,19.91,2.5,0.0
2020-03-08 00:00:00+00:00,2.64,4.2,20.13,3.0,0.0
2020-03-09 00:00:00+00:00,2.22,4.31,18.42,8.2,0.0
2020-03-10 00:00:00+00:00,3.23,6.02,9.16,12.5,3.0
2020-03-11 00:00:00+00:00,2.27,3.93,11.91,13.0,0.6
2020-03-12 00:00:00+00:00,1.96,4.0,17.73,10.8,0.0
2020-03-13 00:00:00+00:00,3.33,5.99,17.03,14.3,17.2
2020-03-14 00:00:00+00:00,2.05,4.1,9.19,8.6,0.0
2020-03-15 00:00:00+00:00,1.88,2.62,5.15,5.5,6.5
2020-03-16 00:00:00+00:00,1.74,2.94,9.46,5.5,0.0
2020-03-17 00:00:00+00:00,1.82,4.13,11.87,8.9,2.1
2020-03-18 00:00:00+00:00,2.64,3.96,9.73,8.2,0.1
2020-03-19 00:00:00+00:00,1.74,3.63,14.26,13.9,6.0
2020-03-20 00:00:00+00:00,2.63,5.14,10.08,18.3,0.3
2020-03-21 00:00:00+00:00,2.67,4.2,10.85,13.5,9.6
2020-03-22 00:00:00+00:00,2.7,3.45,16.21,7.4,0.0
2020-03-23 00:00:00+00:00,2.25,3.42,7.4,5.7,10.4
2020-03-24 00:00:00+00:00,2.17,3.14,15.38,8.9,1.5
2020-03-25 00:00:00+00:00,2.39,3.61,8.0,8.3,23.6
2020-03-26 00:00:00+00:00,2.57,5.06,19.44,9.3,0.1
2020-03-27 00:00:00+00:00,2.24,4.25,18.31,14.8,0.0
2020-03-28 00:00:00+00:00,2.12,4.4,18.94,16.9,0.1
2020-03-29 00:00:00+00:00,2.13,6.2,15.7,18.2,0.4
2020-03-30 00:00:00+00:00,4.28,5.95,21.58,15.4,0.0
2020-03-31 00:00:00+00:00,1.97,3.64,4.14,8.5,11.8
2020-04-01 00:00:00+00:00,3.39,4.96,13.13,6.3,8.3
2020-04-02 00:00:00+00:00,4.57,6.7,24.38,7.8,0.0
2020-04-03 00:00:00+00:00,5.05,6.39,24.28,9.7,0.0
2020-04-04 00:00:00+00:00,2.46,4.08,24.64,11.3,0.0
2020-04-05 00:00:00+00:00,1.48,3.31,21.48,11.6,0.0
2020-04-06 00:00:00+00:00,2.56,4.52,20.02,13.8,1.0
2020-04-07 00:00:00+00:00,2.52,4.37,18.53,14.9,0.3
2020-04-08 00:00:00+00:00,3.5,5.11,17.94,17.3,2.6
2020-04-09 00:00:00+00:00,5.0,8.95,24.96,14.0,4.4
2020-04-10 00:00:00+00:00,6.35,9.26,24.82,6.4,0.0
2020-04-11 00:00:00+00:00,2.71,4.1,22.15,6.1,0.0
2020-04-12 00:00:00+00:00,2.23,5.41,12.14,10.5,1.9
2020-04-13 00:00:00+00:00,4.95,7.62,18.15,15.9,57.0
2020-04-14 00:00:00+00:00,3.05,5.3,21.4,9.3,0.0
2020-04-15 00:00:00+00:00,3.31,5.75,26.04,5.4,7.0
2020-04-16 00:00:00+00:00,3.58,5.41,27.11,5.4,0.0
2020-04-17 00:00:00+00:00,2.97,6.33,22.32,7.5,0.0
2020-04-18 00:00:00+00:00,4.43,6.79,24.07,10.2,2.0
2020-04-19 00:00:00+00:00,2.47,4.4,17.15,6.4,0.0
2020-04-20 00:00:00+00:00,2.35,4.2,14.52,10.3,9.2
2020-04-21 00:00:00+00:00,4.57,8.01,24.12,11.6,0.1
2020-04-22 00:00:00+00:00,3.64,5.33,27.31,9.1,0.0
2020-04-23 00:00:00+00:00,2.26,4.01,5.25,9.5,5.3
2020-04-24 00:00:00+00:00,2.48,5.19,20.83,13.7,2.7
2020-04-25 00:00:00+00:00,2.62,4.12,10.3,11.6,5.0
2020-04-26 00:00:00+00:00,3.17,6.64,18.21,11.6,8.7
2020-04-27 00:00:00+00:00,5.48,6.8,26.31,10.4,0.1
2020-04-28 00:00:00+00:00,1.77,3.2,16.2,10.3,0.0
2020-04-29 00:00:00+00:00,2.94,7.01,17.48,14.6,0.4
2020-04-30 00:00:00+00:00,3.65,6.12,13.04,13.1,53.1
2020-05-01 00:00:00+00:00,4.36,6.85,11.52,9.9,0.1
2020-05-02 00:00:00+00:00,2.84,4.97,24.79,12.3,0.0
2020-05-03 00:00:00+00:00,3.48,5.15,21.41,18.4,0.0
2020-05-04 00:00:00+00:00,4.41,5.73,28.32,17.6,2.8
2020-05-05 00:00:00+00:00,2.58,3.55,9.46,10.5,9.0
2020-05-06 00:00:00+00:00,3.25,5.95,23.68,9.4,1.5
2020-05-07 00:00:00+00:00,4.27,5.61,28.96,8.7,0.0
2020-05-08 00:00:00+00:00,3.48,5.26,11.38,10.0,3.1
2020-05-09 00:00:00+00:00,5.07,6.74,27.83,4.9,0.6
2020-05-10 00:00:00+00:00,2.6,4.98,28.76,7.3,0.0
2020-05-11 00:00:00+00:00,5.46,7.82,25.26,8.8,0.0
2020-05-12 00:00:00+00:00,3.93,5.47,23.59,6.8,0.0
2020-05-13 00:00:00+00:00,2.08,3.58,14.49,9.0,0.0
2020-05-14 00:00:00+00:00,1.31,2.91,18.94,14.2,1.2
2020-05-15 00:00:00+00:00,2.47,5.03,25.71,18.5,0.1
2020-05-16 00:00:00+00:00,2.04,3.9,23.63,19.7,0.3
2020-05-17 00:00:00+00:00,2.51,4.36,20.58,20.1,0.7
2020-05-18 00:00:00+00:00,2.79,4.33,16.72,18.4,0.0
2020-05-19 00:00:00+00:00,3.91,5.63,5.5,11.9,38.2
2020-05-20 00:00:00+00:00,3.24,4.3,5.09,7.5,29.1
2020-05-21 00:00:00+00:00,3.94,4.49,4.66,9.9,38.9
2020-05-22 00:00:00+00:00,1.93,3.18,20.84,16.1,13.6
2020-05-23 00:00:00+00:00,1.72,3.01,20.33,17.8,5.4
2020-05-24 00:00:00+00:00,1.78,2.48,22.64,19.2,3.1
2020-05-25 00:00:00+00:00,1.88,3.03,15.18,17.6,19.7
2020-05-26 00:00:00+00:00,1.69,3.44,16.83,18.2,0.7
2020-05-27 00:00:00+00:00,2.17,3.86,6.43,17.9,3.9
2020-05-28 00:00:00+00:00,3.76,5.53,18.14,20.0,18.1
2020-05-29 00:00:00+00:00,2.14,4.34,16.31,21.2,0.8
2020-05-30 00:00:00+00:00,2.95,4.39,28.46,20.3,0.0
2020-05-31 00:00:00+00:00,3.14,4.48,26.21,17.6,0.0
2020-06-01 00:00:00+00:00,2.11,3.75,30.51,14.4,0.0
2020-06-02 00:00:00+00:00,2.17,3.88,27.23,18.0,0.0
2020-06-03 00:00:00+00:00,3.84,5.5,28.48,23.5,0.0
2020-06-04 00:00:00+00:00,2.34,3.5,22.72,22.1,7.0
2020-06-05 00:00:00+00:00,1.99,3.13,18.89,21.7,3.8
2020-06-06 00:00:00+00:00,2.68,3.77,26.16,22.7,3.5
2020-06-07 00:00:00+00:00,2.21,3.08,28.83,22.6,0.1
2020-06-08 00:00:00+00:00,1.73,2.94,27.45,20.6,0.0
2020-06-09 00:00:00+00:00,1.85,3.61,20.85,23.1,0.7
2020-06-10 00:00:00+00:00,3.16,5.52,22.22,23.9,2.8
2020-06-11 00:00:00+00:00,3.56,4.52,22.94,23.1,1.4
2020-06-12 00:00:00+00:00,3.19,4.0,28.96,20.5,0.0
2020-06-13 00:00:00+00:00,2.32,4.6,23.24,19.9,0.0
2020-06-14 00:00:00+00:00,1.98,3.31,23.31,18.4,0.1
2020-06-15 00:00:00+00:00,2.02,3.28,10.07,14.8,7.7
2020-06-16 00:00:00+00:00,2.14,4.12,8.65,13.5,20.0
2020-06-17 00:00:00+00:00,2.93,4.24,7.83,14.4,23.4
2020-06-18 00:00:00+00:00,1.37,3.49,15.83,17.3,10.7
2020-06-19 00:00:00+00:00,1.17,2.92,19.08,18.2,8.3
2020-06-20 00:00:00+00:00,1.52,2.36,23.38,19.0,4.2
2020-06-21 00:00:00+00:00,1.02,1.96,23.98,20.7,0.2
2020-06-22 00:00:00+00:00,1.59,3.16,24.83,22.2,0.0
2020-06-23 00:00:00+00:00,1.88,4.46,16.01,20.9,5.4
2020-06-24 00:00:00+00:00,2.89,3.57,24.81,20.7,0.1
2020-06-25 00:00:00+00:00,1.8,2.47,22.3,20.4,0.6
2020-06-26 00:00:00+00:00,2.55,3.85,25.85,20.9,0.0
2020-06-27 00:00:00+00:00,3.14,4.47,27.29,22.5,0.3
2020-06-28 00:00:00+00:00,2.94,4.09,13.85,21.6,4.7
2020-06-29 00:00:00+00:00,3.06,3.77,24.82,22.2,1.7
2020-06-30 00:00:00+00:00,2.5,4.8,24.43,23.3,0.0
2020-07-01 00:00:00+00:00,2.07,2.69,26.49,23.6,0.0
2020-07-02 00:00:00+00:00,2.23,3.31,25.0,23.7,0.0
2020-07-03 00:00:00+00:00,2.13,3.34,25.73,24.2,0.0
2020-07-04 00:00:00+00:00,1.91,2.94,23.72,25.1,0.1
2020-07-05 00:00:00+00:00,1.19,3.76,22.39,25.4,0.3
2020-07-06 00:00:00+00:00,1.85,3.4,23.35,25.2,0.0
2020-07-07 00:00:00+00:00,1.9,4.07,24.98,24.3,0.0
2020-07-08 00:00:00+00:00,1.37,2.18,21.03,23.8,0.3
2020-07-09 00:00:00+00:00,1.73,2.71,26.41,24.6,0.0
2020-07-10 00:00:00+00:00,1.51,3.21,25.26,26.0,0.0
2020-07-11 00:00:00+00:00,3.72,5.68,27.97,24.6,0.0
2020-07-12 00:00:00+00:00,2.2,2.91,22.64,23.4,0.3
2020-07-13 00:00:00+00:00,1.68,2.64,25.26,23.2,1.4
2020-07-14 00:00:00+00:00,1.87,2.48,27.22,23.8,0.0
2020-07-15 00:00:00+00:00,1.73,3.69,25.52,24.3,0.0
2020-07-16 00:00:00+00:00,2.78,4.21,19.26,24.4,5.4
2020-07-17 00:00:00+00:00,1.56,3.12,22.44,25.1,3.8
2020-07-18 00:00:00+00:00,1.76,2.92,22.64,25.4,0.3
2020-07-19 00:00:00+00:00,1.98,2.82,24.28,26.4,0.5
2020-07-20 00:00:00+00:00,2.65,3.4,25.42,27.2,0.0
2020-07-21 00:00:00+00:00,2.07,5.9,22.38,25.9,3.2
2020-07-22 00:00:00+00:00,1.47,2.69,19.51,25.2,2.3
2020-07-23 00:00:00+00:00,1.71,2.7,16.87,24.0,12.4
2020-07-24 00:00:00+00:00,2.3,3.34,16.58,23.6,2.0
2020-07-25 00:00:00+00:00,1.78,2.51,24.45,24.9,0.0
2020-07-26 00:00:00+00:00,1.93,2.82,25.14,25.7,0.4
2020-07-27 00:00:00+00:00,2.23,3.2,24.46,26.1,0.5
2020-07-28 00:00:00+00:00,2.83,4.49,22.44,26.0,1.2
2020-07-29 00:00:00+00:00,1.48,2.62,23.3,24.9,0.3
2020-07-30 00:00:00+00:00,1.73,2.91,20.12,25.1,1.0
2020-07-31 00:00:00+00:00,1.95,4.41,18.37,24.8,9.1
2020-08-01 00:00:00+00:00,1.98,3.61,19.53,24.7,3.4
2020-08-02 00:00:00+00:00,2.78,5.33,22.47,25.5,0.8
2020-08-03 00:00:00+00:00,1.23,3.52,13.65,22.2,10.9
2020-08-04 00:00:00+00:00,2.83,4.52,23.89,22.3,1.8
2020-08-05 00:00:00+00:00,1.71,2.33,21.75,22.6,4.1
2020-08-06 00:00:00+00:00,1.04,2.2,20.0,22.2,30.4
2020-08-07 00:00:00+00:00,1.04,2.06,16.96,21.9,5.8
2020-08-08 00:00:00+00:00,1.39,2.59,22.87,22.7,2.5
2020-08-09 00:00:00+00:00,0.99,2.64,23.57,24.5,0.1
2020-08-10 00:00:00+00:00,1.83,3.28,24.43,23.4,0.0
2020-08-11 00:00:00+00:00,1.2,2.28,20.66,24.0,0.3
2020-08-12 00:00:00+00:00,1.71,3.86,20.87,24.4,8.1
2020-08-13 00:00:00+00:00,1.16,2.11,16.09,22.5,2.8
2020-08-14 00:00:00+00:00,0.91,1.7,15.34,22.2,7.0
2020-08-15 00:00:00+00:00,1.94,3.47,4.46,19.8,37.4
2020-08-16 00:00:00+00:00,2.02,3.13,13.33,18.8,3.6
2020-08-17 00:00:00+00:00,1.74,3.05,21.38,21.0,0.2
2020-08-18 00:00:00+00:00,2.13,2.97,21.48,21.1,0.0
2020-08-19 00:00:00+00:00,1.71,2.51,18.93,21.0,0.9
2020-08-20 00:00:00+00:00,1.75,2.55,21.61,20.8,0.1
2020-08-21 00:00:00+00:00,1.12,2.4,6.87,19.7,8.7
2020-08-22 00:00:00+00:00,0.86,1.84,17.54,21.1,5.6
2020-08-23 00:00:00+00:00,1.45,3.69,19.64,21.8,2.7
2020-08-24 00:00:00+00:00,1.9,3.01,18.23,23.4,0.4
2020-08-25 00:00:00+00:00,2.95,4.27,23.75,24.7,0.0
2020-08-26 00:00:00+00:00,2.34,4.13,21.46,24.3,0.4
2020-08-27 00:00:00+00:00,2.63,3.86,19.16,24.8,0.3
2020-08-28 00:00:00+00:00,2.12,3.02,16.33,26.0,0.1
2020-08-29 00:00:00+00:00,3.11,5.43,16.87,24.7,5.8
2020-08-30 00:00:00+00:00,2.01,4.21,20.99,22.8,0.0
2020-08-31 00:00:00+00:00,1.39,2.18,6.33,19.8,32.4
2020-09-01 00:00:00+00:00,1.51,2.13,6.89,19.3,3.6
2020-09-02 00:00:00+00:00,1.95,3.93,20.6,23.8,0.3
2020-09-03 00:00:00+00:00,2.77,4.52,21.34,24.8,0.0
2020-09-04 00:00:00+00:00,3.03,3.69,21.25,24.1,0.2
2020-09-05 00:00:00+00:00,2.62,3.52,23.62,20.3,0.0
2020-09-06 00:00:00+00:00,1.42,2.33,23.1,18.6,0.0
2020-09-07 00:00:00+00:00,1.48,2.62,22.99,19.5,0.0
2020-09-08 00:00:00+00:00,1.61,2.64,23.0,19.7,0.0
2020-09-09 00:00:00+00:00,2.06,3.8,15.33,21.1,0.2
2020-09-10 00:00:00+00:00,1.27,2.0,14.6,22.3,4.4
2020-09-11 00:00:00+00:00,1.94,2.66,17.18,22.9,1.1
2020-09-12 00:00:00+00:00,3.21,3.92,10.54,21.2,3.3
2020-09-13 00:00:00+00:00,1.84,3.09,16.7,21.2,0.1
2020-09-14 00:00:00+00:00,2.0,2.98,17.08,21.9,0.1
2020-09-15 00:00:00+00:00,1.91,2.72,22.21,17.5,0.0
2020-09-16 00:00:00+00:00,1.51,2.64,19.53,14.2,0.0
2020-09-17 00:00:00+00:00,1.61,2.53,2.24,14.8,25.9
2020-09-18 00:00:00+00:00,3.36,4.16,15.68,18.0,4.6
2020-09-19 00:00:00+00:00,2.56,3.69,18.91,13.9,0.0
2020-09-20 00:00:00+00:00,2.13,3.34,22.36,10.4,0.0
2020-09-21 00:00:00+00:00,2.07,2.56,22.03,10.9,0.0
2020-09-22 00:00:00+00:00,1.48,2.88,21.93,11.2,0.0
2020-09-23 00:00:00+00:00,2.17,4.04,18.95,15.2,0.0
2020-09-24 00:00:00+00:00,1.68,2.51,8.28,15.5,0.3
2020-09-25 00:00:00+00:00,1.33,2.42,5.95,14.2,25.7
2020-09-26 00:00:00+00:00,1.37,3.1,16.77,16.3,1.5
2020-09-27 00:00:00+00:00,1.56,2.51,12.93,17.1,0.0
2020-09-28 00:00:00+00:00,2.12,4.62,12.32,18.4,0.6
2020-09-29 00:00:00+00:00,3.29,5.0,6.81,17.3,12.7
2020-09-30 00:00:00+00:00,3.27,4.73,19.9,13.1,7.6
2020-10-01 00:00:00+00:00,2.27,4.23,15.41,14.8,0.4
2020-10-02 00:00:00+00:00,2.75,3.49,19.98,13.2,0.2
2020-10-03 00:00:00+00:00,2.04,3.72,16.77,10.0,0.0
2020-10-04 00:00:00+00:00,1.24,2.68,18.45,11.3,0.0
2020-10-05 00:00:00+00:00,2.51,4.75,19.59,12.5,0.0
2020-10-06 00:00:00+00:00,1.41,3.11,19.01,12.5,0.0
2020-10-07 00:00:00+00:00,3.09,4.7,18.47,16.4,0.0
2020-10-08 00:00:00+00:00,3.09,4.11,18.48,17.5,0.0
2020-10-09 00:00:00+00:00,1.79,2.92,13.78,13.8,0.0
2020-10-10 00:00:00+00:00,1.12,2.16,2.97,14.4,13.8
2020-10-11 00:00:00+00:00,1.98,3.67,4.38,15.4,26.7
2020-10-12 00:00:00+00:00,1.81,3.32,4.62,16.5,9.1
2020-10-13 00:00:00+00:00,2.49,4.69,17.0,15.6,0.0
2020-10-14 00:00:00+00:00,2.34,4.24,17.6,12.8,0.0
2020-10-15 00:00:00+00:00,2.59,5.3,14.05,14.7,0.0
2020-10-16 00:00:00+00:00,3.16,4.34,8.88,13.5,0.6
2020-10-17 00:00:00+00:00,2.28,3.45,17.47,8.2,0.0
2020-10-18 00:00:00+00:00,1.56,2.52,16.73,8.5,0.0
2020-10-19 00:00:00+00:00,1.46,2.25,15.51,11.1,0.0
2020-10-20 00:00:00+00:00,1.47,2.75,16.06,13.7,0.0
2020-10-21 00:00:00+00:00,1.32,2.2,14.53,16.5,0.0
2020-10-22 00:00:00+00:00,1.47,2.39,14.06,17.8,0.0
2020-10-23 00:00:00+00:00,1.49,3.05,13.63,17.0,0.0
2020-10-24 00:00:00+00:00,1.7,3.06,7.5,16.5,1.2
2020-10-25 00:00:00+00:00,2.28,2.84,3.26,11.5,23.7
2020-10-26 00:00:00+00:00,1.08,2.28,11.09,11.8,0.1
2020-10-27 00:00:00+00:00,1.63,2.52,9.26,14.4,0.0
2020-10-28 00:00:00+00:00,1.58,2.61,7.2,15.7,0.1
2020-10-29 00:00:00+00:00,3.18,6.44,6.13,18.0,31.8
2020-10-30 00:00:00+00:00,4.43,6.17,6.45,12.3,0.9
2020-10-31 00:00:00+00:00,2.28,3.78,13.09,5.7,0.0
2020-11-01 00:00:00+00:00,2.93,6.66,10.47,8.5,7.4
2020-11-02 00:00:00+00:00,6.39,8.5,15.01,3.5,0.0
2020-11-03 00:00:00+00:00,3.65,5.39,14.45,6.8,0.0
2020-11-04 00:00:00+00:00,2.24,2.78,14.07,8.2,0.0
2020-11-05 00:00:00+00:00,1.46,2.28,13.72,9.2,0.0
2020-11-06 00:00:00+00:00,1.62,2.48,13.63,11.0,0.0
2020-11-07 00:00:00+00:00,1.58,2.56,13.53,11.4,0.0
2020-11-08 00:00:00+00:00,1.51,2.42,11.59,13.1,0.0
2020-11-09 00:00:00+00:00,1.29,2.15,11.07,14.0,0.0
2020-11-10 00:00:00+00:00,1.67,3.28,6.27,15.8,1.1
2020-11-11 00:00:00+00:00,1.97,3.71,1.47,16.9,46.0
2020-11-12 00:00:00+00:00,1.77,3.41,1.6,15.5,36.3
2020-11-13 00:00:00+00:00,1.94,3.72,12.65,12.1,1.5
2020-11-14 00:00:00+00:00,1.96,3.76,11.79,8.0,0.0
2020-11-15 00:00:00+00:00,3.91,8.45,3.58,11.2,2.1
2020-11-16 00:00:00+00:00,4.36,6.24,13.11,8.7,0.0
2020-11-17 00:00:00+00:00,4.85,8.56,11.03,5.4,0.0
2020-11-18 00:00:00+00:00,3.5,5.9,12.56,2.0,0.0
2020-11-19 00:00:00+00:00,1.85,3.47,12.33,2.3,0.0
2020-11-20 00:00:00+00:00,1.53,2.94,12.2,6.6,0.0
2020-11-21 00:00:00+00:00,2.35,3.26,10.84,10.1,0.0
2020-11-22 00:00:00+00:00,2.23,3.22,6.17,10.6,0.0
2020-11-23 00:00:00+00:00,4.15,7.21,11.64,7.9,2.8
2020-11-24 00:00:00+00:00,1.81,3.25,11.11,4.1,0.0
2020-11-25 00:00:00+00:00,2.74,4.06,7.12,5.6,0.0
2020-11-26 00:00:00+00:00,2.69,3.75,10.56,12.3,1.2
2020-11-27 00:00:00+00:00,1.98,2.97,10.0,8.9,0.0
2020-11-28 00:00:00+00:00,2.94,3.78,11.1,7.9,0.0
2020-11-29 00:00:00+00:00,2.25,3.25,10.31,4.8,0.0
2020-11-30 00:00:00+00:00,2.86,6.96,4.36,7.4,32.5
2020-12-01 00:00:00+00:00,5.37,6.17,5.61,1.5,0.4
2020-12-02 00:00:00+00:00,4.79,5.44,11.31,-0.0,0.0
2020-12-03 00:00:00+00:00,2.81,4.39,10.61,1.6,0.0
2020-12-04 00:00:00+00:00,1.34,3.45,4.73,5.4,1.9
2020-12-05 00:00:00+00:00,4.37,6.23,6.7,5.3,20.0
2020-12-06 00:00:00+00:00,2.49,3.62,10.93,3.5,0.0
2020-12-07 00:00:00+00:00,2.01,5.13,4.38,1.6,2.2
2020-12-08 00:00:00+00:00,5.19,6.15,10.8,-0.5,0.0
2020-12-09 00:00:00+00:00,3.88,5.33,8.99,1.1,0.0
2020-12-10 00:00:00+00:00,2.27,3.85,9.83,5.3,0.0
2020-12-11 00:00:00+00:00,1.83,2.92,10.54,6.8,0.0
2020-12-12 00:00:00+00:00,2.23,4.3,8.49,7.7,0.0
2020-12-13 00:00:00+00:00,2.05,3.36,10.02,10.2,0.0
2020-12-14 00:00:00+00:00,3.45,6.23,3.92,5.3,27.1
2020-12-15 00:00:00+00:00,2.7,5.45,10.53,0.0,0.0
2020-12-16 00:00:00+00:00,2.14,2.91,1.01,-2.0,16.7
2020-12-17 00:00:00+00:00,3.09,5.24,5.69,1.8,2.1
2020-12-18 00:00:00+00:00,3.49,4.61,8.39,0.4,0.0
2020-12-19 00:00:00+00:00,1.95,2.83,8.39,-1.7,0.0
2020-12-20 00:00:00+00:00,1.5,2.69,9.42,1.8,0.2
2020-12-21 00:00:00+00:00,2.28,3.86,10.08,4.1,0.4
2020-12-22 00:00:00+00:00,4.95,7.21,10.66,5.1,0.2
2020-12-23 00:00:00+00:00,2.37,4.37,9.44,0.7,0.0
2020-12-24 00:00:00+00:00,3.03,7.4,1.04,7.0,22.0
2020-12-25 00:00:00+00:00,5.45,6.72,9.74,-2.6,18.1
2020-12-26 00:00:00+00:00,3.36,5.86,10.41,-6.5,0.0
2020-12-27 00:00:00+00:00,2.09,3.53,10.66,-1.8,0.0
2020-12-28 00:00:00+00:00,2.21,3.61,4.18,1.2,0.0
2020-12-29 00:00:00+00:00,2.72,4.08,10.38,2.1,0.0
2020-12-30 00:00:00+00:00,2.6,4.39,9.14,-0.6,0.0
2020-12-31 00:00:00+00:00,1.84,3.12,5.06,6.6,0.0
2021-01-01 00:00:00+00:00,2.37,3.8,1.22,3.1,14.4
2021-01-02 00:00:00+00:00,1.91,4.25,8.82,4.9,10.9
2021-01-03 00:00:00+00:00,1.84,3.58,2.93,5.5,4.1
2021-01-04 00:00:00+00:00,2.46,3.41,3.84,3.7,0.0
2021-01-05 00:00:00+00:00,2.28,5.11,8.79,1.6,0.0
2021-01-06 00:00:00+00:00,3.99,4.82,9.64,2.0,0.0
2021-01-07 00:00:00+00:00,2.24,4.25,9.95,0.4,0.0
2021-01-08 00:00:00+00:00,1.42,2.31,3.02,0.7,0.6
2021-01-09 00:00:00+00:00,4.19,4.88,11.34,0.6,0.0
2021-01-10 00:00:00+00:00,2.87,4.61,11.38,-0.3,0.0
2021-01-11 00:00:00+00:00,1.3,2.36,3.51,-1.0,0.6
2021-01-12 00:00:00+00:00,2.71,4.69,11.17,1.5,0.1
2021-01-13 00:00:00+00:00,2.87,3.83,12.05,1.0,0.0
2021-01-14 00:00:00+00:00,2.51,3.42,11.41,1.3,0.0
2021-01-15 00:00:00+00:00,2.12,5.74,4.78,0.7,4.2
2021-01-16 00:00:00+00:00,2.6,5.71,6.84,-0.7,0.5
2021-01-17 00:00:00+00:00,3.33,4.12,7.11,0.7,0.0
2021-01-18 00:00:00+00:00,2.81,5.32,6.91,0.2,0.0
2021-01-19 00:00:00+00:00,2.38,5.12,9.1,1.7,0.0
2021-01-20 00:00:00+00:00,4.36,7.42,12.08,1.2,0.0
2021-01-21 00:00:00+00:00,2.35,4.1,9.12,1.5,0.2
2021-01-22 00:00:00+00:00,3.67,5.55,11.89,2.8,0.0
2021-01-23 00:00:00+00:00,3.72,4.62,13.16,-0.9,0.0
2021-01-24 00:00:00+00:00,2.01,3.61,8.67,-2.2,0.1
2021-01-25 00:00:00+00:00,1.22,3.26,1.72,0.7,13.7
2021-01-26 00:00:00+00:00,1.28,2.52,7.33,1.9,5.9
2021-01-27 00:00:00+00:00,2.69,5.2,9.43,3.3,0.0
2021-01-28 00:00:00+00:00,4.62,7.26,11.04,-1.4,8.9
2021-01-29 00:00:00+00:00,4.21,5.52,13.72,-5.4,0.0
2021-01-30 00:00:00+00:00,2.18,3.84,10.67,-3.4,0.0
2021-01-31 00:00:00+00:00,2.3,3.22,2.66,-2.4,16.3
2021-02-01 00:00:00+00:00,2.78,5.04,7.91,-0.6,0.0
2021-02-02 00:00:00+00:00,6.16,7.76,12.52,-2.2,0.2
2021-02-03 00:00:00+00:00,6.61,7.73,14.57,-2.5,0.0
2021-02-04 00:00:00+00:00,3.82,5.83,13.12,-0.6,0.0
2021-02-05 00:00:00+00:00,3.4,5.6,11.88,3.5,2.0
2021-02-06 00:00:00+00:00,2.74,5.24,11.67,2.6,0.0
2021-02-07 00:00:00+00:00,3.26,6.58,12.15,1.6,11.0
2021-02-08 00:00:00+00:00,2.65,4.0,15.04,-2.1,0.0
2021-02-09 00:00:00+00:00,1.82,3.7,10.59,3.6,0.0
2021-02-10 00:00:00+00:00,2.45,3.53,3.58,4.2,0.0
2021-02-11 00:00:00+00:00,2.0,3.74,1.95,2.2,9.9
2021-02-12 00:00:00+00:00,2.18,3.49,3.96,-2.2,11.9
2021-02-13 00:00:00+00:00,1.02,2.26,2.76,-2.0,15.7
2021-02-14 00:00:00+00:00,0.96,1.8,4.56,0.6,3.1
2021-02-15 00:00:00+00:00,1.13,2.51,3.59,0.4,5.5
2021-02-16 00:00:00+00:00,2.94,6.14,11.04,0.5,10.6
2021-02-17 00:00:00+00:00,2.93,4.96,15.01,-3.7,0.0
2021-02-18 00:00:00+00:00,1.84,3.47,4.72,-2.2,17.8
2021-02-19 00:00:00+00:00,2.92,5.3,14.49,0.7,1.0
2021-02-20 00:00:00+00:00,4.41,5.52,16.56,-3.6,0.0
2021-02-21 00:00:00+00:00,2.14,3.2,14.63,-3.7,0.0
2021-02-22 00:00:00+00:00,3.43,5.22,5.5,0.8,5.0
2021-02-23 00:00:00+00:00,3.46,6.51,17.56,5.7,0.0
2021-02-24 00:00:00+00:00,2.78,4.75,17.53,6.8,0.0
2021-02-25 00:00:00+00:00,3.11,4.5,18.09,8.6,0.0
2021-02-26 00:00:00+00:00,2.5,3.67,4.92,4.2,2.6
2021-02-27 00:00:00+00:00,1.23,2.77,8.99,4.3,5.9
2021-02-28 00:00:00+00:00,2.33,4.44,6.42,9.6,3.5
2021-03-01 00:00:00+00:00,3.1,5.94,3.44,9.6,8.3
2021-03-02 00:00:00+00:00,3.15,5.74,18.13,2.8,0.0
2021-03-03 00:00:00+00:00,2.32,3.75,19.47,3.7,0.0
2021-03-04 00:00:00+00:00,4.15,6.11,19.35,6.8,0.0
2021-03-05 00:00:00+00:00,4.57,5.24,20.08,1.5,0.0
2021-03-06 00:00:00+00:00,3.42,4.58,19.49,1.6,0.0
2021-03-07 00:00:00+00:00,2.56,3.69,19.49,1.0,0.0
2021-03-08 00:00:00+00:00,2.5,3.41,20.63,3.1,0.0
2021-03-09 00:00:00+00:00,2.38,3.09,19.7,7.0,0.0
2021-03-10 00:00:00+00:00,2.37,3.47,19.83,8.9,0.0
2021-03-11 00:00:00+00:00,2.04,3.8,18.11,12.1,0.3
2021-03-12 00:00:00+00:00,3.32,6.53,10.92,13.2,0.1
2021-03-13 00:00:00+00:00,2.86,4.95,13.03,10.7,0.0
2021-03-14 00:00:00+00:00,3.51,4.96,13.91,7.5,0.0
2021-03-15 00:00:00+00:00,2.79,4.62,12.86,6.2,0.5
2021-03-16 00:00:00+00:00,2.6,3.22,13.78,4.0,4.5
2021-03-17 00:00:00+00:00,1.57,3.19,17.3,8.0,0.0
2021-03-18 00:00:00+00:00,2.57,3.26,6.57,8.5,17.0
2021-03-19 00:00:00+00:00,3.92,5.06,20.35,6.9,12.3
2021-03-20 00:00:00+00:00,2.15,3.5,22.9,3.4,0.0
2021-03-21 00:00:00+00:00,2.11,2.91,22.99,4.7,0.0
2021-03-22 00:00:00+00:00,2.38,3.51,21.77,7.1,0.0
2021-03-23 00:00:00+00:00,2.2,3.41,7.84,8.5,1.0
2021-03-24 00:00:00+00:00,1.58,3.94,9.53,12.0,3.4
2021-03-25 00:00:00+00:00,2.2,4.46,7.41,12.0,4.6
2021-03-26 00:00:00+00:00,4.11,5.61,22.65,16.9,7.5
2021-03-27 00:00:00+00:00,2.05,3.18,14.45,11.8,1.4
2021-03-28 00:00:00+00:00,3.08,7.56,6.61,13.0,5.3
2021-03-29 00:00:00+00:00,4.19,7.85,24.18,7.6,0.0
2021-03-30 00:00:00+00:00,2.71,4.85,23.79,9.5,0.0
2021-03-31 00:00:00+00:00,2.24,3.71,4.53,12.8,13.3
2021-04-01 00:00:00+00:00,6.04,7.29,22.4,5.3,1.8
2021-04-02 00:00:00+00:00,4.8,5.22,25.39,0.1,0.0
2021-04-03 00:00:00+00:00,2.19,3.05,25.05,2.9,0.0
2021-04-04 00:00:00+00:00,3.48,5.02,23.56,9.2,0.0
2021-04-05 00:00:00+00:00,2.12,3.62,23.73,11.9,0.0
2021-04-06 00:00:00+00:00,2.64,3.61,23.71,14.4,0.0
2021-04-07 00:00:00+00:00,2.24,2.86,21.62,15.3,0.0
2021-04-08 00:00:00+00:00,2.3,4.47,18.13,15.8,0.0
2021-04-09 00:00:00+00:00,2.74,3.93,13.64,15.3,1.1
2021-04-10 00:00:00+00:00,2.6,4.88,12.2,15.3,2.0
2021-04-11 00:00:00+00:00,3.68,5.39,21.9,16.2,12.5
2021-04-12 00:00:00+00:00,3.53,5.9,19.37,12.7,0.0
2021-04-13 00:00:00+00:00,2.92,3.61,23.47,13.9,0.0
2021-04-14 00:00:00+00:00,1.45,2.97,15.44,13.5,1.3
2021-04-15 00:00:00+00:00,3.51,5.76,17.95,11.9,5.4
2021-04-16 00:00:00+00:00,4.16,5.39,25.74,8.9,0.0
2021-04-17 00:00:00+00:00,2.45,4.29,16.79,9.0,0.0
2021-04-18 00:00:00+00:00,2.39,3.82,17.13,9.7,0.0
2021-04-19 00:00:00+00:00,2.24,4.1,20.39,10.9,7.0
2021-04-20 00:00:00+00:00,2.95,5.44,25.15,11.6,0.0
2021-04-21 00:00:00+00:00,4.67,7.42,23.27,10.2,0.0
2021-04-22 00:00:00+00:00,4.76,6.78,19.92,3.7,0.3
2021-04-23 00:00:00+00:00,2.3,3.54,19.99,6.0,0.0
2021-04-24 00:00:00+00:00,2.18,4.22,7.26,6.7,9.3
2021-04-25 00:00:00+00:00,3.89,6.62,22.86,10.3,3.1
2021-04-26 00:00:00+00:00,2.37,4.08,27.39,12.2,0.0
2021-04-27 00:00:00+00:00,2.24,4.52,26.72,16.1,0.0
2021-04-28 00:00:00+00:00,2.95,4.44,22.34,20.3,0.0
2021-04-29 00:00:00+00:00,3.34,6.58,17.48,21.1,0.9
2021-04-30 00:00:00+00:00,6.21,8.62,27.75,17.1,0.1
2021-05-01 00:00:00+00:00,3.35,5.78,28.98,13.1,0.0
2021-05-02 00:00:00+00:00,2.61,4.78,24.26,16.4,0.0
2021-05-03 00:00:00+00:00,3.37,6.6,12.01,17.9,6.1
2021-05-04 00:00:00+00:00,2.9,6.43,19.23,19.8,2.5
2021-05-05 00:00:00+00:00,3.51,6.42,24.7,18.8,0.8
2021-05-06 00:00:00+00:00,2.61,5.32,27.5,12.0,0.0
2021-05-07 00:00:00+00:00,3.23,6.75,18.78,10.3,0.6
2021-05-08 00:00:00+00:00,3.75,5.83,29.04,10.1,0.0
2021-05-09 00:00:00+00:00,3.43,7.38,22.83,12.9,0.6
2021-05-10 00:00:00+00:00,3.23,4.88,21.36,16.4,7.1
2021-05-11 00:00:00+00:00,2.13,4.19,19.41,13.5,0.1
2021-05-12 00:00:00+00:00,2.54,3.59,14.45,10.5,0.0
2021-05-13 00:00:00+00:00,2.26,3.22,21.19,10.6,0.0
2021-05-14 00:00:00+00:00,1.1,2.5,22.89,12.5,0.1
2021-05-15 00:00:00+00:00,1.57,2.48,23.78,12.7,0.0
2021-05-16 00:00:00+00:00,1.21,2.64,8.2,12.6,1.3
2021-05-17 00:00:00+00:00,0.95,1.9,7.83,12.3,4.3
2021-05-18 00:00:00+00:00,1.28,2.02,18.32,14.3,1.3
2021-05-19 00:00:00+00:00,1.39,2.36,27.98,17.2,0.0
2021-05-20 00:00:00+00:00,1.75,2.84,29.07,18.3,0.0
2021-05-21 00:00:00+00:00,1.42,3.2,29.03,19.1,0.0
2021-05-22 00:00:00+00:00,2.05,3.05,21.97,19.7,0.0
2021-05-23 00:00:00+00:00,3.13,3.97,21.44,21.8,0.1
2021-05-24 00:00:00+00:00,2.14,3.47,19.01,22.1,0.1
2021-05-25 00:00:00+00:00,2.16,3.62,19.56,20.7,0.0
2021-05-26 00:00:00+00:00,2.05,3.55,21.98,22.8,0.7
2021-05-27 00:00:00+00:00,2.42,3.26,20.16,22.5,0.0
2021-05-28 00:00:00+00:00,1.3,2.77,16.31,20.6,3.4
2021-05-29 00:00:00+00:00,2.36,4.22,11.54,17.3,3.3
2021-05-30 00:00:00+00:00,2.24,3.45,13.17,11.6,11.2
2021-05-31 00:00:00+00:00,1.89,3.19,29.24,14.1,0.0
2021-06-01 00:00:00+00:00,1.43,2.95,23.83,16.5,0.0
2021-06-02 00:00:00+00:00,2.27,4.2,18.04,18.6,1.5
2021-06-03 00:00:00+00:00,2.46,3.89,18.99,20.6,0.2
2021-06-04 00:00:00+00:00,2.54,4.37,26.29,21.4,0.4
2021-06-05 00:00:00+00:00,2.02,3.1,28.95,22.0,0.0
2021-06-06 00:00:00+00:00,1.79,3.23,20.85,23.6,0.0
2021-06-07 00:00:00+00:00,2.04,3.41,20.86,23.4,0.8
2021-06-08 00:00:00+00:00,1.8,4.33,22.57,23.6,1.2
2021-06-09 00:00:00+00:00,1.75,2.84,14.97,23.0,1.9
2021-06-10 00:00:00+00:00,1.24,2.62,15.18,21.5,19.4
2021-06-11 00:00:00+00:00,1.29,1.84,16.8,21.2,11.0
2021-06-12 00:00:00+00:00,1.79,2.5,16.93,20.9,16.2
2021-06-13 00:00:00+00:00,1.03,1.88,22.09,21.3,0.3
2021-06-14 00:00:00+00:00,2.14,3.48,26.64,22.7,13.9
2021-06-15 00:00:00+00:00,3.26,4.43,26.17,21.4,0.0
2021-06-16 00:00:00+00:00,3.37,4.6,30.51,19.4,0.0
2021-06-17 00:00:00+00:00,2.43,3.44,30.6,18.2,0.0
2021-06-18 00:00:00+00:00,1.84,3.3,28.55,20.3,0.0
2021-06-19 00:00:00+00:00,2.7,3.79,25.78,24.4,0.0
2021-06-20 00:00:00+00:00,2.04,4.12,23.68,24.2,0.0
2021-06-21 00:00:00+00:00,2.82,5.24,23.89,25.1,0.8
2021-06-22 00:00:00+00:00,2.89,4.55,14.63,21.7,8.3
2021-06-23 00:00:00+00:00,2.07,4.12,27.98,18.0,0.0
2021-06-24 00:00:00+00:00,1.6,2.4,25.5,18.0,0.0
2021-06-25 00:00:00+00:00,2.0,5.03,26.57,18.8,0.0
2021-06-26 00:00:00+00:00,2.26,5.34,20.45,21.2,1.3
2021-06-27 00:00:00+00:00,2.33,4.04,22.58,23.5,1.4
2021-06-28 00:00:00+00:00,1.51,3.47,24.94,24.7,0.4
2021-06-29 00:00:00+00:00,2.28,3.71,28.44,25.4,0.0
2021-06-30 00:00:00+00:00,1.86,3.11,25.43,25.6,0.1
2021-07-01 00:00:00+00:00,2.45,4.6,20.17,24.8,7.8
2021-07-02 00:00:00+00:00,2.45,4.24,21.34,21.2,51.9
2021-07-03 00:00:00+00:00,3.64,4.83,26.28,19.1,0.0
2021-07-04 00:00:00+00:00,2.55,3.58,24.55,20.1,0.0
2021-07-05 00:00:00+00:00,1.57,2.61,28.52,23.1,0.0
2021-07-06 00:00:00+00:00,1.49,2.39,27.27,24.3,0.0
2021-07-07 00:00:00+00:00,2.14,4.71,22.33,25.2,0.0
2021-07-08 00:00:00+00:00,1.72,3.14,11.46,22.2,4.6
2021-07-09 00:00:00+00:00,2.43,4.32,20.6,23.4,1.8
2021-07-10 00:00:00+00:00,1.97,4.65,24.4,23.3,0.0
2021-07-11 00:00:00+00:00,2.34,4.93,22.4,24.1,0.3
2021-07-12 00:00:00+00:00,2.12,4.24,25.46,25.2,1.0
2021-07-13 00:00:00+00:00,2.82,5.87,25.26,25.2,0.0
2021-07-14 00:00:00+00:00,1.95,2.75,21.78,24.0,3.8
2021-07-15 00:00:00+00:00,1.73,3.51,22.46,24.1,0.6
2021-07-16 00:00:00+00:00,1.89,3.2,23.59,25.2,0.0
2021-07-17 00:00:00+00:00,2.23,4.78,18.69,24.9,12.7
2021-07-18 00:00:00+00:00,2.42,4.7,25.18,24.6,0.4
2021-07-19 00:00:00+00:00,1.54,2.86,21.96,22.4,1.0
2021-07-20 00:00:00+00:00,1.66,2.98,22.95,22.7,0.0
2021-07-21 00:00:00+00:00,2.97,4.67,25.46,24.2,0.0
2021-07-22 00:00:00+00:00,2.06,3.83,27.27,23.3,0.0
2021-07-23 00:00:00+00:00,1.57,2.4,26.86,22.7,0.0
2021-07-24 00:00:00+00:00,1.42,4.57,22.94,23.5,0.0
2021-07-25 00:00:00+00:00,2.2,3.81,22.96,25.5,0.1
2021-07-26 00:00:00+00:00,1.4,2.5,19.69,25.2,5.0
2021-07-27 00:00:00+00:00,1.52,2.71,26.11,25.6,0.0
2021-07-28 00:00:00+00:00,2.09,3.22,27.35,25.5,0.0
2021-07-29 00:00:00+00:00,2.11,3.76,24.65,25.7,0.0
2021-07-30 00:00:00+00:00,3.6,6.08,25.89,27.3,0.0
2021-07-31 00:00:00+00:00,1.61,3.14,21.93,23.9,0.0
2021-08-01 00:00:00+00:00,1.5,4.14,19.22,23.0,9.7
2021-08-02 00:00:00+00:00,2.73,3.98,25.62,22.1,0.0
2021-08-03 00:00:00+00:00,1.97,3.22,20.25,21.2,0.0
2021-08-04 00:00:00+00:00,2.24,3.89,23.7,21.2,0.0
2021-08-05 00:00:00+00:00,1.14,1.94,23.22,22.0,0.0
2021-08-06 00:00:00+00:00,1.59,2.69,25.51,23.1,0.0
2021-08-07 00:00:00+00:00,1.46,3.28,16.35,22.8,0.2
2021-08-08 00:00:00+00:00,1.83,3.31,22.68,23.4,0.0
2021-08-09 00:00:00+00:00,1.81,3.08,19.97,25.0,0.1
2021-08-10 00:00:00+00:00,2.04,4.73,20.75,26.2,0.1
2021-08-11 00:00:00+00:00,2.35,5.24,21.95,26.9,0.1
2021-08-12 00:00:00+00:00,2.21,4.13,21.04,26.6,1.5
2021-08-13 00:00:00+00:00,1.99,4.63,21.34,26.7,0.5
2021-08-14 00:00:00+00:00,1.56,2.77,19.57,24.6,5.5
2021-08-15 00:00:00+00:00,1.82,3.57,12.64,23.4,13.3
2021-08-16 00:00:00+00:00,2.44,3.8,13.33,21.8,31.3
2021-08-17 00:00:00+00:00,1.94,3.19,7.05,21.3,6.9
2021-08-18 00:00:00+00:00,3.98,6.65,22.27,24.1,15.4
2021-08-19 00:00:00+00:00,1.98,2.82,16.22,23.3,1.2
2021-08-20 00:00:00+00:00,1.59,2.4,20.26,22.7,3.7
2021-08-21 00:00:00+00:00,1.21,1.8,22.23,22.6,0.2
2021-08-22 00:00:00+00:00,1.76,3.2,22.9,23.8,0.0
2021-08-23 00:00:00+00:00,2.15,2.94,22.2,24.2,1.2
2021-08-24 00:00:00+00:00,1.73,2.72,22.67,25.8,0.0
2021-08-25 00:00:00+00:00,1.35,3.4,21.24,26.1,0.0
2021-08-26 00:00:00+00:00,1.62,3.36,21.33,25.6,0.3
2021-08-27 00:00:00+00:00,1.57,4.42,20.21,24.8,4.9
2021-08-28 00:00:00+00:00,1.56,2.75,22.17,25.9,0.0
2021-08-29 00:00:00+00:00,0.94,2.87,20.71,25.6,0.0
2021-08-30 00:00:00+00:00,1.94,2.94,20.21,24.9,0.9
2021-08-31 00:00:00+00:00,1.59,2.12,9.7,23.1,0.0
2021-09-01 00:00:00+00:00,3.57,4.98,9.49,21.5,19.8
2021-09-02 00:00:00+00:00,3.22,4.8,24.85,19.3,0.0
2021-09-03 00:00:00+00:00,1.74,2.79,24.26,18.1,0.0
2021-09-04 00:00:00+00:00,1.34,3.45,20.03,18.7,0.0
2021-09-05 00:00:00+00:00,2.03,3.77,16.37,21.6,0.0
2021-09-06 00:00:00+00:00,2.26,3.3,22.47,22.4,0.2
2021-09-07 00:00:00+00:00,1.59,2.25,23.62,19.7,0.0
2021-09-08 00:00:00+00:00,2.26,4.33,18.46,22.3,1.9
2021-09-09 00:00:00+00:00,2.77,4.74,14.46,20.4,4.9
2021-09-10 00:00:00+00:00,3.05,3.97,23.16,18.4,0.0
2021-09-11 00:00:00+00:00,2.11,4.7,19.64,18.0,0.0
2021-09-12 00:00:00+00:00,2.14,3.81,22.01,21.8,0.0
2021-09-13 00:00:00+00:00,2.48,3.92,21.79,23.7,0.0
2021-09-14 00:00:00+00:00,2.03,3.2,20.46,23.2,0.0
2021-09-15 00:00:00+00:00,1.87,3.4,17.74,23.0,0.2
2021-09-16 00:00:00+00:00,1.68,3.51,12.65,22.2,3.0
2021-09-17 00:00:00+00:00,1.33,2.64,12.65,21.4,12.5
2021-09-18 00:00:00+00:00,1.08,2.42,17.86,22.3,0.7
2021-09-19 00:00:00+00:00,1.8,2.25,18.5,22.5,0.1
2021-09-20 00:00:00+00:00,2.85,3.67,9.76,20.8,1.2
2021-09-21 00:00:00+00:00,2.47,3.89,4.41,17.6,41.1
2021-09-22 00:00:00+00:00,3.27,5.26,6.63,19.1,43.9
2021-09-23 00:00:00+00:00,3.74,5.41,20.93,14.3,12.3
2021-09-24 00:00:00+00:00,1.83,2.8,21.47,13.1,0.0
2021-09-25 00:00:00+00:00,1.81,3.52,18.89,13.8,0.0
2021-09-26 00:00:00+00:00,2.86,3.98,20.57,15.1,0.0
2021-09-27 00:00:00+00:00,2.26,3.67,20.03,15.4,0.0
2021-09-28 00:00:00+00:00,2.67,3.81,16.48,19.0,0.0
2021-09-29 00:00:00+00:00,1.9,3.13,16.32,18.7,0.4
2021-09-30 00:00:00+00:00,0.86,1.36,19.81,17.5,0.0
2021-10-01 00:00:00+00:00,1.74,2.72,19.62,15.2,0.0
2021-10-02 00:00:00+00:00,1.36,3.04,17.4,16.8,0.0
2021-10-03 00:00:00+00:00,1.71,3.4,14.42,19.3,0.1
2021-10-04 00:00:00+00:00,1.43,3.13,13.62,19.0,7.4
2021-10-05 00:00:00+00:00,1.35,2.98,11.97,18.5,4.5
2021-10-06 00:00:00+00:00,2.04,3.35,6.91,19.1,5.8
2021-10-07 00:00:00+00:00,2.86,3.93,6.89,18.6,3.6
2021-10-08 00:00:00+00:00,1.21,2.42,7.14,17.8,0.3
2021-10-09 00:00:00+00:00,1.74,3.16,7.14,17.2,3.0
2021-10-10 00:00:00+00:00,2.27,3.08,13.23,17.3,0.1
2021-10-11 00:00:00+00:00,1.63,2.77,15.66,17.4,0.0
2021-10-12 00:00:00+00:00,1.16,2.62,13.73,17.7,0.0
2021-10-13 00:00:00+00:00,1.47,2.28,13.83,17.7,0.0
2021-10-14 00:00:00+00:00,1.75,2.47,14.94,17.7,0.0
2021-10-15 00:00:00+00:00,1.91,3.6,15.88,19.9,0.0
2021-10-16 00:00:00+00:00,3.33,6.86,9.9,17.2,1.6
2021-10-17 00:00:00+00:00,4.6,5.72,17.4,11.4,0.0
2021-10-18 00:00:00+00:00,3.35,4.74,17.16,11.2,0.0
2021-10-19 00:00:00+00:00,2.59,3.89,16.99,12.7,0.0
2021-10-20 00:00:00+00:00,2.22,2.84,16.77,13.3,0.0
2021-10-21 00:00:00+00:00,2.78,4.6,14.4,14.6,0.2
2021-10-22 00:00:00+00:00,3.08,4.39,13.77,15.4,0.3
2021-10-23 00:00:00+00:00,2.76,4.34,15.28,12.5,0.0
2021-10-24 00:00:00+00:00,1.78,4.3,13.23,13.9,0.0
2021-10-25 00:00:00+00:00,2.63,5.2,12.29,15.8,13.1
2021-10-26 00:00:00+00:00,5.45,8.25,12.7,11.5,0.0
2021-10-27 00:00:00+00:00,4.41,6.03,15.04,10.7,0.0
2021-10-28 00:00:00+00:00,2.78,4.76,7.08,10.7,1.4
2021-10-29 00:00:00+00:00,3.85,5.87,11.83,13.7,35.2
2021-10-30 00:00:00+00:00,2.0,3.01,7.23,11.7,5.0
2021-10-31 00:00:00+00:00,3.52,6.41,10.17,11.3,0.6
2021-11-01 00:00:00+00:00,3.08,4.06,13.46,10.8,0.0
2021-11-02 00:00:00+00:00,2.63,3.4,2.73,6.6,1.4
2021-11-03 00:00:00+00:00,2.36,4.64,13.89,4.6,0.0
2021-11-04 00:00:00+00:00,1.26,2.3,10.93,5.2,0.0
2021-11-05 00:00:00+00:00,1.71,2.97,14.32,3.9,0.0
2021-11-06 00:00:00+00:00,1.96,2.86,13.89,3.3,0.0
2021-11-07 00:00:00+00:00,2.44,3.99,13.86,6.5,0.0
2021-11-08 00:00:00+00:00,3.04,4.33,13.75,9.4,0.0
2021-11-09 00:00:00+00:00,2.24,3.05,13.56,10.7,0.0
2021-11-10 00:00:00+00:00,2.47,3.92,13.36,13.8,0.2
2021-11-11 00:00:00+00:00,2.01,4.2,11.11,11.5,0.0
2021-11-12 00:00:00+00:00,2.92,4.6,13.35,12.6,8.5
2021-11-13 00:00:00+00:00,3.23,5.55,11.62,6.2,0.1
2021-11-14 00:00:00+00:00,2.58,4.2,9.6,2.3,0.1
2021-11-15 00:00:00+00:00,4.18,6.62,12.86,3.6,0.0
2021-11-16 00:00:00+00:00,1.89,3.11,12.07,5.7,0.0
2021-11-17 00:00:00+00:00,1.69,3.81,12.05,9.6,0.0
2021-11-18 00:00:00+00:00,2.64,4.98,10.07,12.5,0.9
2021-11-19 00:00:00+00:00,4.51,5.73,12.55,4.1,0.0
2021-11-20 00:00:00+00:00,1.46,2.7,10.01,-0.1,0.0
2021-11-21 00:00:00+00:00,1.22,2.16,5.71,0.6,0.0
2021-11-22 00:00:00+00:00,3.18,5.09,9.3,5.9,2.8
2021-11-23 00:00:00+00:00,3.99,5.04,12.32,0.3,0.0
2021-11-24 00:00:00+00:00,2.11,3.47,11.82,-0.2,0.0
2021-11-25 00:00:00+00:00,1.99,2.73,11.04,4.5,0.0
2021-11-26 00:00:00+00:00,4.74,6.88,10.75,5.0,1.4
2021-11-27 00:00:00+00:00,3.44,4.74,10.14,0.1,0.0
2021-11-28 00:00:00+00:00,2.85,4.43,8.52,4.8,0.0
2021-11-29 00:00:00+00:00,3.75,5.03,11.6,2.0,0.0
2021-11-30 00:00:00+00:00,2.08,4.01,11.21,3.4,0.0
2021-12-01 00:00:00+00:00,2.21,4.74,4.69,5.0,0.2
2021-12-02 00:00:00+00:00,2.79,4.42,10.19,9.7,0.0
2021-12-03 00:00:00+00:00,2.78,4.04,10.66,11.3,0.0
2021-12-04 00:00:00+00:00,2.29,3.82,10.12,9.9,0.0
2021-12-05 00:00:00+00:00,2.36,3.47,7.53,6.9,0.0
2021-12-06 00:00:00+00:00,2.75,5.99,5.43,9.9,0.9
2021-12-07 00:00:00+00:00,3.24,6.24,10.96,2.2,0.0
2021-12-08 00:00:00+00:00,1.37,3.3,6.56,2.2,0.0
2021-12-09 00:00:00+00:00,2.31,3.62,6.66,0.5,0.0
2021-12-10 00:00:00+00:00,1.43,3.4,5.27,2.8,0.5
2021-12-11 00:00:00+00:00,2.93,5.39,2.98,10.0,5.1
2021-12-12 00:00:00+00:00,3.8,6.2,10.98,4.2,3.0
2021-12-13 00:00:00+00:00,1.93,2.66,10.72,2.2,0.0
2021-12-14 00:00:00+00:00,2.22,3.07,10.66,3.3,0.0
2021-12-15 00:00:00+00:00,1.41,2.79,10.25,4.1,0.0
2021-12-16 00:00:00+00:00,1.67,4.11,10.09,5.5,0.0
2021-12-17 00:00:00+00:00,1.89,3.2,5.59,11.9,4.4
2021-12-18 00:00:00+00:00,1.44,3.32,2.74,9.9,4.5
2021-12-19 00:00:00+00:00,3.76,5.53,3.47,7.4,1.4
2021-12-20 00:00:00+00:00,2.03,3.76,10.79,-0.8,0.0
2021-12-21 00:00:00+00:00,1.47,2.56,6.03,-0.4,0.0
2021-12-22 00:00:00+00:00,4.21,7.44,10.46,1.5,0.0
2021-12-23 00:00:00+00:00,3.34,4.75,10.44,0.5,0.0
2021-12-24 00:00:00+00:00,2.01,3.81,9.98,5.3,0.0
2021-12-25 00:00:00+00:00,2.84,6.32,5.64,10.2,0.0
2021-12-26 00:00:00+00:00,2.99,4.41,10.14,13.4,0.0
2021-12-27 00:00:00+00:00,2.18,3.05,7.55,8.2,0.0
2021-12-28 00:00:00+00:00,2.35,4.24,6.75,12.7,0.1
2021-12-29 00:00:00+00:00,1.97,2.98,3.84,13.4,1.2
2021-12-30 00:00:00+00:00,1.32,2.77,6.06,11.9,4.2
2021-12-31 00:00:00+00:00,1.97,3.55,6.48,10.3,0.3
2022-01-01 00:00:00+00:00,1.95,5.17,4.99,13.0,3.5
2022-01-02 00:00:00+00:00,2.46,5.09,3.54,14.7,21.8
2022-01-03 00:00:00+00:00,4.32,5.62,6.82,3.8,21.4
2022-01-04 00:00:00+00:00,2.65,5.22,11.4,-5.7,0.0
2022-01-05 00:00:00+00:00,1.72,2.78,6.44,-0.8,0.0
2022-01-06 00:00:00+00:00,3.15,4.84,8.1,4.2,0.0
2022-01-07 00:00:00+00:00,4.38,6.51,11.22,-4.0,3.5
2022-01-08 00:00:00+00:00,2.46,4.39,11.17,-6.7,0.0
2022-01-09 00:00:00+00:00,2.12,3.76,4.26,0.5,5.0
2022-01-10 00:00:00+00:00,4.83,7.28,11.53,0.3,1.1
2022-01-11 00:00:00+00:00,2.81,4.62,11.74,-3.6,0.0
2022-01-12 00:00:00+00:00,1.89,3.2,11.42,-0.5,0.0
2022-01-13 00:00:00+00:00,1.96,3.44,5.55,1.4,0.2
2022-01-14 00:00:00+00:00,3.34,5.25,10.36,2.2,0.0
2022-01-15 00:00:00+00:00,2.5,4.53,5.01,-1.5,0.0
2022-01-16 00:00:00+00:00,2.62,4.24,1.21,-6.2,20.8
2022-01-17 00:00:00+00:00,4.78,6.93,6.99,-2.3,7.1
2022-01-18 00:00:00+00:00,3.72,6.2,12.01,-3.3,0.0
2022-01-19 00:00:00+00:00,1.16,2.45,4.84,-5.2,0.0
2022-01-20 00:00:00+00:00,2.74,4.2,2.55,1.1,2.5
2022-01-21 00:00:00+00:00,2.76,4.0,7.11,-5.3,0.1
2022-01-22 00:00:00+00:00,2.0,2.72,13.3,-6.1,0.0
2022-01-23 00:00:00+00:00,2.14,2.83,11.41,-1.9,0.0
2022-01-24 00:00:00+00:00,2.28,3.52,11.61,0.3,0.0
2022-01-25 00:00:00+00:00,2.52,4.1,10.31,2.6,0.0
2022-01-26 00:00:00+00:00,3.31,4.97,13.5,-2.8,0.0
2022-01-27 00:00:00+00:00,1.87,3.09,12.78,-4.5,0.0
2022-01-28 00:00:00+00:00,1.38,2.33,5.07,-1.0,2.0
2022-01-29 00:00:00+00:00,5.25,6.94,14.22,-4.7,2.6
2022-01-30 00:00:00+00:00,2.92,4.8,8.34,-5.5,0.0
2022-01-31 00:00:00+00:00,1.75,2.73,12.19,-2.7,0.0
2022-02-01 00:00:00+00:00,1.48,2.75,13.32,-1.3,0.0
2022-02-02 00:00:00+00:00,1.56,2.75,12.25,0.4,0.0
2022-02-03 00:00:00+00:00,1.15,2.14,1.99,3.6,18.9
2022-02-04 00:00:00+00:00,3.61,5.8,3.08,8.7,15.5
2022-02-05 00:00:00+00:00,4.23,6.12,14.5,-2.1,0.0
2022-02-06 00:00:00+00:00,1.88,2.55,14.78,-3.7,0.0
2022-02-07 00:00:00+00:00,1.5,2.56,2.53,-3.2,2.5
2022-02-08 00:00:00+00:00,3.06,4.61,14.86,0.2,0.0
2022-02-09 00:00:00+00:00,2.51,4.18,15.05,2.4,0.0
2022-02-10 00:00:00+00:00,3.15,5.61,14.16,5.4,0.0
2022-02-11 00:00:00+00:00,3.05,5.86,14.13,6.2,0.0
2022-02-12 00:00:00+00:00,3.1,5.17,10.89,9.0,0.0
2022-02-13 00:00:00+00:00,3.43,4.39,5.81,2.4,3.0
2022-02-14 00:00:00+00:00,3.15,4.4,13.2,-2.9,0.0
2022-02-15 00:00:00+00:00,2.08,3.55,16.32,-2.2,0.0
2022-02-16 00:00:00+00:00,2.49,3.91,14.76,1.9,0.0
2022-02-17 00:00:00+00:00,3.91,6.28,5.11,9.8,0.3
2022-02-18 00:00:00+00:00,5.7,7.22,15.12,8.5,8.4
2022-02-19 00:00:00+00:00,4.47,7.34,16.56,-0.5,0.0
2022-02-20 00:00:00+00:00,2.68,4.6,17.43,-0.7,0.0
2022-02-21 00:00:00+00:00,1.93,4.52,17.12,3.7,0.0
2022-02-22 00:00:00+00:00,3.49,5.01,4.63,10.1,2.5
2022-02-23 00:00:00+00:00,2.7,3.85,11.91,13.8,8.6
2022-02-24 00:00:00+00:00,2.81,4.38,3.46,5.6,17.5
2022-02-25 00:00:00+00:00,3.42,6.91,14.89,3.7,1.0
2022-02-26 00:00:00+00:00,2.71,4.8,12.48,2.7,0.0
2022-02-27 00:00:00+00:00,2.99,4.1,11.39,4.1,0.0
2022-02-28 00:00:00+00:00,2.62,3.97,18.33,4.3,0.0
2022-03-01 00:00:00+00:00,1.99,3.04,16.92,5.9,0.0
2022-03-02 00:00:00+00:00,3.23,4.74,17.95,9.5,0.0
2022-03-03 00:00:00+00:00,3.37,5.16,17.78,11.8,0.0
2022-03-04 00:00:00+00:00,2.76,4.56,18.6,5.2,0.0
2022-03-05 00:00:00+00:00,2.09,4.96,18.22,7.9,0.0
2022-03-06 00:00:00+00:00,3.86,5.34,13.28,15.1,1.5
2022-03-07 00:00:00+00:00,4.25,8.42,12.07,16.5,5.4
2022-03-08 00:00:00+00:00,3.81,7.38,19.44,8.2,2.6
2022-03-09 00:00:00+00:00,2.92,5.59,7.8,6.7,15.1
2022-03-10 00:00:00+00:00,2.34,5.32,10.27,4.1,0.0
2022-03-11 00:00:00+00:00,1.91,4.1,19.81,5.7,0.0
2022-03-12 00:00:00+00:00,5.6,8.99,8.98,1.3,13.5
2022-03-13 00:00:00+00:00,3.78,5.88,21.14,-3.3,0.0
2022-03-14 00:00:00+00:00,2.14,3.45,20.39,5.2,0.0
2022-03-15 00:00:00+00:00,1.53,2.42,20.06,8.3,0.0
2022-03-16 00:00:00+00:00,2.16,3.8,15.06,9.2,1.5
2022-03-17 00:00:00+00:00,2.29,3.54,15.35,12.1,8.3
2022-03-18 00:00:00+00:00,2.96,5.56,13.92,12.4,0.1
2022-03-19 00:00:00+00:00,3.61,5.98,13.5,14.5,0.4
2022-03-20 00:00:00+00:00,6.22,7.8,14.26,9.3,0.0
2022-03-21 00:00:00+00:00,2.88,4.55,21.11,9.7,0.0
2022-03-22 00:00:00+00:00,1.9,3.61,17.13,11.2,0.0
2022-03-23 00:00:00+00:00,3.38,6.21,3.19,11.3,19.0
2022-03-24 00:00:00+00:00,2.77,4.6,14.16,15.0,0.7
2022-03-25 00:00:00+00:00,3.69,5.73,14.9,9.8,0.0
2022-03-26 00:00:00+00:00,5.2,7.67,19.13,5.6,0.8
2022-03-27 00:00:00+00:00,5.12,6.13,23.51,1.1,0.0
2022-03-28 00:00:00+00:00,4.67,6.7,24.25,0.6,0.0
2022-03-29 00:00:00+00:00,1.95,3.96,18.71,1.0,0.0
2022-03-30 00:00:00+00:00,2.89,5.12,15.0,7.0,0.3
2022-03-31 00:00:00+00:00,5.41,9.99,11.91,14.3,7.9
2022-04-01 00:00:00+00:00,5.29,7.22,20.62,9.4,0.1
2022-04-02 00:00:00+00:00,2.43,4.23,24.39,5.1,0.0
2022-04-03 00:00:00+00:00,3.81,5.64,24.39,9.0,0.0
2022-04-04 00:00:00+00:00,2.22,4.22,18.4,6.3,0.1
2022-04-05 00:00:00+00:00,2.07,4.9,12.02,12.0,5.8
2022-04-06 00:00:00+00:00,2.5,4.92,20.34,14.2,5.3
2022-04-07 00:00:00+00:00,2.88,4.94,9.33,12.7,19.4
2022-04-08 00:00:00+00:00,2.8,4.83,20.17,8.3,1.4
2022-04-09 00:00:00+00:00,4.08,5.29,18.11,5.0,1.0
2022-04-10 00:00:00+00:00,4.67,6.53,22.38,5.5,0.0
2022-04-11 00:00:00+00:00,2.52,5.71,23.44,9.9,0.0
2022-04-12 00:00:00+00:00,2.3,4.78,15.31,15.4,0.0
2022-04-13 00:00:00+00:00,2.44,6.65,18.86,16.9,0.0
2022-04-14 00:00:00+00:00,4.08,6.17,10.76,17.1,0.0
2022-04-15 00:00:00+00:00,2.98,4.83,26.16,12.0,0.0
2022-04-16 00:00:00+00:00,3.18,4.96,21.14,15.4,0.5
2022-04-17 00:00:00+00:00,3.04,6.1,25.15,13.1,0.0
2022-04-18 00:00:00+00:00,3.47,5.4,4.4,5.4,25.9
2022-04-19 00:00:00+00:00,5.28,7.69,24.78,5.2,0.1
2022-04-20 00:00:00+00:00,2.09,3.0,26.68,6.0,0.0
2022-04-21 00:00:00+00:00,2.81,3.47,12.01,10.3,0.0
2022-04-22 00:00:00+00:00,1.83,3.54,26.33,15.6,0.0
2022-04-23 00:00:00+00:00,1.84,3.6,24.11,17.1,0.0
2022-04-24 00:00:00+00:00,2.31,4.7,24.99,19.8,0.0
2022-04-25 00:00:00+00:00,2.08,4.65,25.07,20.2,0.0
2022-04-26 00:00:00+00:00,2.71,5.09,14.23,17.5,12.7
2022-04-27 00:00:00+00:00,5.71,8.99,26.55,10.4,0.0
2022-04-28 00:00:00+00:00,3.27,4.58,28.23,10.9,0.0
2022-04-29 00:00:00+00:00,1.85,2.95,19.95,11.6,0.0
2022-04-30 00:00:00+00:00,1.16,1.98,11.29,11.7,3.5
2022-05-01 00:00:00+00:00,1.47,3.05,17.86,13.5,0.6
2022-05-02 00:00:00+00:00,2.62,4.49,27.57,18.0,0.1
2022-05-03 00:00:00+00:00,2.92,4.88,24.25,18.5,2.3
2022-05-04 00:00:00+00:00,2.69,5.1,24.38,19.2,0.6
2022-05-05 00:00:00+00:00,2.57,4.52,20.39,17.4,0.0
2022-05-06 00:00:00+00:00,2.78,4.26,8.26,16.2,6.8
2022-05-07 00:00:00+00:00,2.51,4.18,5.71,12.9,20.6
2022-05-08 00:00:00+00:00,3.5,4.27,15.94,9.3,0.3
2022-05-09 00:00:00+00:00,1.73,2.55,28.98,10.9,0.0
2022-05-10 00:00:00+00:00,2.47,3.34,29.25,13.4,0.0
2022-05-11 00:00:00+00:00,2.39,4.61,29.0,15.2,0.0
2022-05-12 00:00:00+00:00,3.06,5.17,18.75,16.4,0.1
2022-05-13 00:00:00+00:00,2.51,3.41,19.36,17.7,11.6
2022-05-14 00:00:00+00:00,1.33,2.64,17.43,17.0,5.4
2022-05-15 00:00:00+00:00,1.78,4.36,22.66,18.8,0.5
2022-05-16 00:00:00+00:00,3.09,6.26,24.25,19.9,0.4
2022-05-17 00:00:00+00:00,3.62,6.46,27.53,18.6,0.0
2022-05-18 00:00:00+00:00,2.79,4.83,23.49,19.3,0.0
2022-05-19 00:00:00+00:00,3.2,4.3,26.28,23.1,0.0
2022-05-20 00:00:00+00:00,2.47,6.66,25.6,23.1,1.1
2022-05-21 00:00:00+00:00,2.45,5.12,23.13,24.3,0.3
2022-05-22 00:00:00+00:00,2.03,3.27,22.67,22.6,1.3
2022-05-23 00:00:00+00:00,2.4,3.67,8.59,18.5,13.1
2022-05-24 00:00:00+00:00,2.44,3.36,7.18,13.9,52.8
2022-05-25 00:00:00+00:00,2.24,3.82,18.8,15.6,0.0
2022-05-26 00:00:00+00:00,2.65,4.16,13.0,16.6,0.5
2022-05-27 00:00:00+00:00,2.51,4.22,18.51,18.4,16.8
2022-05-28 00:00:00+00:00,3.12,5.06,21.39,18.1,0.6
2022-05-29 00:00:00+00:00,1.64,2.48,23.05,18.1,0.0
2022-05-30 00:00:00+00:00,1.42,2.65,27.14,20.7,0.0
2022-05-31 00:00:00+00:00,1.81,2.48,26.57,23.0,0.0
2022-06-01 00:00:00+00:00,2.35,3.01,26.13,23.7,0.0
2022-06-02 00:00:00+00:00,2.98,5.68,26.26,23.8,0.2
2022-06-03 00:00:00+00:00,3.05,3.76,23.53,20.4,1.1
2022-06-04 00:00:00+00:00,2.2,2.91,29.82,19.3,0.0
2022-06-05 00:00:00+00:00,1.89,3.04,28.2,19.2,0.0
2022-06-06 00:00:00+00:00,2.08,3.95,23.52,18.9,0.0
2022-06-07 00:00:00+00:00,3.11,5.32,14.92,19.3,11.4
2022-06-08 00:00:00+00:00,1.68,3.89,20.12,20.7,18.0
2022-06-09 00:00:00+00:00,3.75,5.45,29.2,21.2,4.3
2022-06-10 00:00:00+00:00,2.23,3.05,22.0,18.1,0.0
2022-06-11 00:00:00+00:00,1.84,3.95,20.32,19.8,0.3
2022-06-12 00:00:00+00:00,1.69,3.53,21.85,21.3,1.0
2022-06-13 00:00:00+00:00,2.09,3.26,24.83,25.5,0.7
2022-06-14 00:00:00+00:00,3.38,5.47,20.94,25.9,1.4
2022-06-15 00:00:00+00:00,1.29,2.97,16.33,24.7,1.5
2022-06-16 00:00:00+00:00,2.01,4.79,23.59,24.9,5.4
2022-06-17 00:00:00+00:00,4.22,6.98,25.06,25.2,14.4
2022-06-18 00:00:00+00:00,4.63,6.74,30.19,21.6,0.0
2022-06-19 00:00:00+00:00,3.96,4.65,30.89,18.1,0.0
2022-06-20 00:00:00+00:00,2.04,3.4,17.94,17.8,0.0
2022-06-21 00:00:00+00:00,1.46,2.61,27.72,21.9,0.0
2022-06-22 00:00:00+00:00,3.11,4.32,25.62,24.7,0.0
2022-06-23 00:00:00+00:00,2.71,4.1,26.46,24.6,2.5
2022-06-24 00:00:00+00:00,1.44,4.07,27.17,23.5,0.0
2022-06-25 00:00:00+00:00,2.14,2.94,26.22,23.6,1.3
2022-06-26 00:00:00+00:00,1.74,3.2,18.06,22.3,6.8
2022-06-27 00:00:00+00:00,2.46,3.85,19.81,22.2,2.4
2022-06-28 00:00:00+00:00,2.16,3.89,29.57,20.2,0.0
2022-06-29 00:00:00+00:00,1.56,2.64,26.59,21.5,0.0
2022-06-30 00:00:00+00:00,1.49,3.42,25.22,23.3,1.0
2022-07-01 00:00:00+00:00,2.24,4.81,26.54,24.7,0.0
2022-07-02 00:00:00+00:00,1.91,4.44,22.46,24.2,10.0
2022-07-03 00:00:00+00:00,2.09,2.9,24.58,23.6,1.1
2022-07-04 00:00:00+00:00,1.57,2.72,24.7,23.5,0.0
2022-07-05 00:00:00+00:00,1.72,4.81,19.9,23.7,5.7
2022-07-06 00:00:00+00:00,2.31,3.89,22.74,26.0,0.0
2022-07-07 00:00:00+00:00,2.33,3.61,23.42,26.5,0.3
2022-07-08 00:00:00+00:00,1.23,3.04,21.49,25.2,1.0
2022-07-09 00:00:00+00:00,1.92,3.67,14.52,23.6,3.7
2022-07-10 00:00:00+00:00,2.2,3.37,10.2,19.0,11.3
2022-07-11 00:00:00+00:00,1.08,2.09,28.59,19.8,0.0
2022-07-12 00:00:00+00:00,2.3,4.22,25.14,23.1,1.7
2022-07-13 00:00:00+00:00,2.67,5.12,22.81,23.3,2.0
2022-07-14 00:00:00+00:00,2.0,2.76,24.88,23.4,0.1
2022-07-15 00:00:00+00:00,1.51,2.47,24.94,23.4,0.0
2022-07-16 00:00:00+00:00,1.14,3.02,20.33,23.6,0.3
2022-07-17 00:00:00+00:00,1.29,3.61,18.8,23.6,4.2
2022-07-18 00:00:00+00:00,1.81,3.8,20.43,24.4,0.7
2022-07-19 00:00:00+00:00,1.79,3.47,25.3,24.8,1.0
2022-07-20 00:00:00+00:00,2.0,3.94,25.22,24.9,0.0
2022-07-21 00:00:00+00:00,2.47,4.33,22.5,26.0,0.0
2022-07-22 00:00:00+00:00,2.03,2.81,25.29,26.2,0.0
2022-07-23 00:00:00+00:00,1.49,2.4,26.45,26.5,0.0
2022-07-24 00:00:00+00:00,1.52,3.01,23.07,26.2,0.0
2022-07-25 00:00:00+00:00,2.01,3.26,16.61,25.4,5.9
2022-07-26 00:00:00+00:00,1.81,3.67,18.81,25.3,0.3
2022-07-27 00:00:00+00:00,1.97,4.61,13.65,24.0,5.5
2022-07-28 00:00:00+00:00,2.38,4.46,18.46,25.2,0.1
2022-07-29 00:00:00+00:00,2.32,5.26,18.87,25.7,1.9
2022-07-30 00:00:00+00:00,2.33,3.58,25.37,24.0,0.0
2022-07-31 00:00:00+00:00,1.37,3.42,13.99,22.0,16.3
2022-08-01 00:00:00+00:00,2.44,4.1,20.12,23.2,5.2
2022-08-02 00:00:00+00:00,3.33,4.66,24.61,25.2,0.0
2022-08-03 00:00:00+00:00,1.85,3.61,24.82,24.5,0.0
2022-08-04 00:00:00+00:00,1.83,3.98,21.87,25.2,0.2
2022-08-05 00:00:00+00:00,1.71,3.49,19.62,24.6,1.0
2022-08-06 00:00:00+00:00,1.63,3.61,18.51,22.4,19.7
2022-08-07 00:00:00+00:00,1.21,5.01,22.44,24.0,0.9
2022-08-08 00:00:00+00:00,1.68,3.54,20.89,24.9,0.3
2022-08-09 00:00:00+00:00,2.14,3.49,24.64,26.4,0.3
2022-08-10 00:00:00+00:00,2.32,4.24,20.2,25.4,5.8
2022-08-11 00:00:00+00:00,3.06,4.44,19.98,24.5,0.6
2022-08-12 00:00:00+00:00,2.42,3.31,22.41,22.9,0.4
2022-08-13 00:00:00+00:00,1.9,2.91,26.3,20.9,0.0
2022-08-14 00:00:00+00:00,1.67,3.58,15.74,20.1,5.9
2022-08-15 00:00:00+00:00,2.04,3.6,13.25,19.1,12.9
2022-08-16 00:00:00+00:00,1.46,3.04,15.13,18.5,6.7
2022-08-17 00:00:00+00:00,1.5,2.02,21.55,19.2,0.4
2022-08-18 00:00:00+00:00,1.53,2.63,21.81,20.2,0.1
2022-08-19 00:00:00+00:00,1.56,3.05,14.45,20.8,0.0
2022-08-20 00:00:00+00:00,1.64,3.1,20.07,21.9,0.0
2022-08-21 00:00:00+00:00,1.41,4.04,12.15,21.5,7.6
2022-08-22 00:00:00+00:00,1.98,3.31,22.59,22.3,0.5
2022-08-23 00:00:00+00:00,2.62,3.2,21.19,22.4,0.0
2022-08-24 00:00:00+00:00,1.7,3.8,21.21,22.5,0.0
2022-08-25 00:00:00+00:00,1.62,3.52,16.06,22.6,0.6
2022-08-26 00:00:00+00:00,1.61,3.44,19.03,23.2,0.7
2022-08-27 00:00:00+00:00,1.87,2.67,23.08,24.0,0.0
2022-08-28 00:00:00+00:00,1.77,2.77,22.6,24.5,0.0
2022-08-29 00:00:00+00:00,1.34,2.7,22.11,24.9,0.1
2022-08-30 00:00:00+00:00,1.65,4.51,17.74,23.3,3.9
2022-08-31 00:00:00+00:00,2.94,3.83,23.73,22.3,0.0
2022-09-01 00:00:00+00:00,1.79,3.26,24.07,21.6,0.0
2022-09-02 00:00:00+00:00,1.9,3.05,23.55,22.2,0.0
2022-09-03 00:00:00+00:00,1.56,3.02,21.53,23.2,0.0
2022-09-04 00:00:00+00:00,1.93,3.3,18.45,23.1,0.5
2022-09-05 00:00:00+00:00,2.2,3.11,5.69,20.3,38.6
2022-09-06 00:00:00+00:00,1.93,3.75,19.9,22.4,5.6
2022-09-07 00:00:00+00:00,2.31,3.06,20.79,21.9,1.1
2022-09-08 00:00:00+00:00,1.73,3.45,15.06,20.5,3.1
2022-09-09 00:00:00+00:00,1.84,3.8,19.16,20.7,0.3
2022-09-10 00:00:00+00:00,2.2,3.11,5.44,17.9,6.7
2022-09-11 00:00:00+00:00,1.63,3.31,8.57,19.9,7.8
2022-09-12 00:00:00+00:00,1.17,2.14,14.85,20.0,5.0
2022-09-13 00:00:00+00:00,3.14,4.08,22.38,18.8,0.1
2022-09-14 00:00:00+00:00,2.25,3.3,22.52,16.8,0.0
2022-09-15 00:00:00+00:00,1.91,2.75,20.81,17.8,0.0
2022-09-16 00:00:00+00:00,1.28,2.24,21.81,18.9,0.0
2022-09-17 00:00:00+00:00,1.44,2.37,20.22,18.5,0.0
2022-09-18 00:00:00+00:00,1.53,3.08,18.72,18.9,0.0
2022-09-19 00:00:00+00:00,2.21,2.86,19.53,20.4,0.0
2022-09-20 00:00:00+00:00,2.23,3.19,21.27,21.8,0.0
2022-09-21 00:00:00+00:00,1.95,3.01,20.85,20.5,0.0
2022-09-22 00:00:00+00:00,3.88,6.58,15.89,21.0,0.2
2022-09-23 00:00:00+00:00,3.83,5.47,21.69,14.2,0.0
2022-09-24 00:00:00+00:00,2.2,4.18,18.77,15.2,0.0
2022-09-25 00:00:00+00:00,2.84,5.49,10.14,17.8,0.0
2022-09-26 00:00:00+00:00,3.6,6.02,18.86,17.3,0.0
2022-09-27 00:00:00+00:00,2.53,4.78,19.88,14.6,0.0
2022-09-28 00:00:00+00:00,2.66,3.96,20.53,12.3,0.0
2022-09-29 00:00:00+00:00,3.62,4.49,18.78,12.8,0.0
2022-09-30 00:00:00+00:00,3.54,5.47,2.8,10.2,21.6
2022-10-01 00:00:00+00:00,3.89,6.21,2.52,10.7,55.7
2022-10-02 00:00:00+00:00,2.96,3.9,2.51,11.4,6.2
2022-10-03 00:00:00+00:00,3.25,4.34,18.8,11.8,0.7
2022-10-04 00:00:00+00:00,3.08,4.41,12.18,10.8,0.0
2022-10-05 00:00:00+00:00,3.37,4.36,15.99,13.6,0.0
2022-10-06 00:00:00+00:00,2.26,3.26,18.46,13.9,0.0
2022-10-07 00:00:00+00:00,2.65,3.6,17.83,14.7,0.0
2022-10-08 00:00:00+00:00,3.18,4.46,18.22,11.6,0.0
2022-10-09 00:00:00+00:00,2.18,2.98,19.09,8.3,0.0
2022-10-10 00:00:00+00:00,1.9,3.12,18.89,9.3,0.0
2022-10-11 00:00:00+00:00,1.71,2.48,17.42,10.2,0.0
2022-10-12 00:00:00+00:00,2.19,5.36,13.65,12.3,0.0
2022-10-13 00:00:00+00:00,3.33,5.04,13.11,16.4,2.4
2022-10-14 00:00:00+00:00,2.55,4.1,17.94,12.6,0.0
2022-10-15 00:00:00+00:00,2.09,4.78,17.09,13.0,0.0
2022-10-16 00:00:00+00:00,2.77,4.1,10.6,15.5,1.7
2022-10-17 00:00:00+00:00,2.58,5.82,12.9,13.9,4.3
2022-10-18 00:00:00+00:00,4.39,6.44,15.97,5.8,0.0
2022-10-19 00:00:00+00:00,4.0,5.46,11.46,4.6,0.0
2022-10-20 00:00:00+00:00,2.36,3.49,17.05,5.9,0.0
2022-10-21 00:00:00+00:00,2.03,3.57,16.82,7.5,0.0
2022-10-22 00:00:00+00:00,1.51,2.44,16.46,8.8,0.0
2022-10-23 00:00:00+00:00,1.67,2.88,16.38,10.4,0.0
2022-10-24 00:00:00+00:00,1.46,2.83,16.24,11.1,0.0
2022-10-25 00:00:00+00:00,1.8,3.12,15.42,12.0,0.0
2022-10-26 00:00:00+00:00,2.37,4.3,8.35,13.3,12.8
2022-10-27 00:00:00+00:00,3.0,4.89,15.57,11.3,0.0
2022-10-28 00:00:00+00:00,2.08,3.32,12.72,8.3,0.0
2022-10-29 00:00:00+00:00,1.37,3.22,12.05,10.7,0.0
2022-10-30 00:00:00+00:00,1.49,2.5,7.98,9.0,0.0
2022-10-31 00:00:00+00:00,1.5,2.92,3.48,10.5,12.8
2022-11-01 00:00:00+00:00,2.31,4.25,12.5,12.7,1.0
2022-11-02 00:00:00+00:00,1.87,3.38,7.21,11.9,0.3
2022-11-03 00:00:00+00:00,1.22,1.98,12.73,12.7,0.5
2022-11-04 00:00:00+00:00,1.39,2.66,13.62,13.4,0.0
2022-11-05 00:00:00+00:00,3.14,4.51,6.48,16.6,5.3
2022-11-06 00:00:00+00:00,3.81,5.06,7.04,18.8,7.4
2022-11-07 00:00:00+00:00,1.96,3.31,12.53,18.2,0.0
2022-11-08 00:00:00+00:00,2.71,3.61,14.0,12.5,0.0
2022-11-09 00:00:00+00:00,2.01,2.73,13.74,7.3,0.0
2022-11-10 00:00:00+00:00,1.66,2.86,9.56,10.2,0.0
2022-11-11 00:00:00+00:00,3.3,5.69,3.85,15.1,30.7
2022-11-12 00:00:00+00:00,3.61,5.74,10.02,15.4,8.4
2022-11-13 00:00:00+00:00,5.3,6.29,13.23,4.4,0.0
2022-11-14 00:00:00+00:00,1.99,4.03,13.02,1.2,0.0
2022-11-15 00:00:00+00:00,1.95,3.62,1.9,1.2,15.2
2022-11-16 00:00:00+00:00,2.99,4.96,11.34,3.6,6.7
2022-11-17 00:00:00+00:00,3.45,4.79,12.84,1.0,0.0
2022-11-18 00:00:00+00:00,2.93,5.47,11.61,-0.0,0.0
2022-11-19 00:00:00+00:00,2.29,3.89,12.19,1.3,0.0
2022-11-20 00:00:00+00:00,4.45,6.13,12.87,0.0,0.0
2022-11-21 00:00:00+00:00,2.2,3.54,12.56,-0.7,0.0
2022-11-22 00:00:00+00:00,2.06,2.86,12.38,2.0,0.0
2022-11-23 00:00:00+00:00,1.94,3.13,12.13,4.0,0.0
2022-11-24 00:00:00+00:00,1.77,2.3,11.6,4.1,0.0
2022-11-25 00:00:00+00:00,3.0,6.37,6.53,7.5,0.0
2022-11-26 00:00:00+00:00,2.78,4.22,11.2,6.3,0.0
2022-11-27 00:00:00+00:00,2.37,5.17,3.5,8.4,5.7
2022-11-28 00:00:00+00:00,3.38,4.96,8.15,9.9,0.0
2022-11-29 00:00:00+00:00,1.98,3.72,10.94,4.8,0.0
2022-11-30 00:00:00+00:00,3.9,6.71,5.3,8.6,14.1
2022-12-01 00:00:00+00:00,3.95,5.1,10.73,1.6,0.0
2022-12-02 00:00:00+00:00,1.93,3.36,10.6,0.4,0.0
2022-12-03 00:00:00+00:00,3.16,4.83,4.0,9.0,10.7
2022-12-04 00:00:00+00:00,2.82,5.52,8.56,3.8,0.0
2022-12-05 00:00:00+00:00,2.12,3.14,9.6,-0.2,0.0
2022-12-06 00:00:00+00:00,1.91,3.04,3.22,4.2,13.0
2022-12-07 00:00:00+00:00,0.79,1.7,2.74,7.8,10.9
2022-12-08 00:00:00+00:00,2.04,3.11,3.11,9.8,1.7
2022-12-09 00:00:00+00:00,1.84,2.4,4.17,7.0,4.4
2022-12-10 00:00:00+00:00,1.66,2.37,6.04,4.5,1.2
2022-12-11 00:00:00+00:00,1.09,1.93,4.23,4.1,0.0
2022-12-12 00:00:00+00:00,2.47,3.64,10.66,3.6,0.0
2022-12-13 00:00:00+00:00,1.31,3.01,9.97,0.6,0.0
2022-12-14 00:00:00+00:00,1.2,2.47,4.5,0.1,0.3
2022-12-15 00:00:00+00:00,2.8,4.04,1.52,-0.2,25.9
2022-12-16 00:00:00+00:00,2.73,4.2,9.34,2.3,0.0
2022-12-17 00:00:00+00:00,3.01,4.77,9.56,1.6,0.0
2022-12-18 00:00:00+00:00,3.37,5.66,10.54,-1.0,0.0
2022-12-19 00:00:00+00:00,2.99,3.66,8.44,-2.1,0.0
2022-12-20 00:00:00+00:00,1.86,3.54,10.32,-1.6,0.0
2022-12-21 00:00:00+00:00,1.44,2.18,10.39,-1.1,0.0
2022-12-22 00:00:00+00:00,2.36,4.39,0.9,0.1,40.3
2022-12-23 00:00:00+00:00,5.43,9.73,11.34,-4.9,2.6
2022-12-24 00:00:00+00:00,5.38,6.89,10.97,-13.6,0.0
2022-12-25 00:00:00+00:00,5.49,7.67,10.94,-7.7,0.0
2022-12-26 00:00:00+00:00,2.58,3.98,8.21,-5.1,0.0
2022-12-27 00:00:00+00:00,1.73,3.19,10.55,-1.3,0.0
2022-12-28 00:00:00+00:00,1.61,3.08,10.71,0.1,0.0
2022-12-29 00:00:00+00:00,1.58,3.11,10.56,1.8,0.0
2022-12-30 00:00:00+00:00,1.88,3.41,9.66,4.5,0.0
2022-12-31 00:00:00+00:00,1.6,2.55,1.48,9.3,9.7
2023-01-01 00:00:00+00:00,2.6,3.99,9.87,9.9,1.4
2023-01-02 00:00:00+00:00,2.12,2.94,8.68,9.5,0.0
2023-01-03 00:00:00+00:00,2.06,5.1,5.37,11.2,0.0
2023-01-04 00:00:00+00:00,2.28,4.19,2.63,12.9,6.1
2023-01-05 00:00:00+00:00,2.48,4.4,10.27,9.5,0.0
2023-01-06 00:00:00+00:00,3.37,5.39,10.06,4.8,0.0
2023-01-07 00:00:00+00:00,2.41,3.27,9.95,2.4,0.0
2023-01-08 00:00:00+00:00,1.99,3.09,2.89,0.1,4.4
2023-01-09 00:00:00+00:00,3.26,5.11,11.38,2.1,3.1
2023-01-10 00:00:00+00:00,2.62,4.4,9.32,0.9,0.0
2023-01-11 00:00:00+00:00,1.48,3.19,7.14,1.4,0.0
2023-01-12 00:00:00+00:00,1.93,4.69,4.78,5.3,1.5
2023-01-13 00:00:00+00:00,4.85,6.9,10.75,6.0,14.5
2023-01-14 00:00:00+00:00,5.61,7.12,11.11,-0.5,0.0
2023-01-15 00:00:00+00:00,4.37,6.51,12.11,-1.1,0.0
2023-01-16 00:00:00+00:00,2.18,3.72,10.38,0.7,0.0
2023-01-17 00:00:00+00:00,1.36,3.33,4.97,5.6,7.5
2023-01-18 00:00:00+00:00,3.33,5.1,9.25,8.7,0.0
2023-01-19 00:00:00+00:00,2.95,6.03,3.91,9.1,3.3
2023-01-20 00:00:00+00:00,4.52,7.21,11.04,6.1,0.0
2023-01-21 00:00:00+00:00,2.46,4.61,12.05,1.7,0.0
2023-01-22 00:00:00+00:00,1.8,3.54,1.97,0.1,2.7
2023-01-23 00:00:00+00:00,3.96,6.4,9.61,2.1,2.6
2023-01-24 00:00:00+00:00,3.08,4.55,13.0,1.3,0.0
2023-01-25 00:00:00+00:00,2.01,3.41,1.35,1.7,11.1
2023-01-26 00:00:00+00:00,4.51,6.76,9.86,2.8,0.6
2023-01-27 00:00:00+00:00,3.05,4.55,13.31,0.2,0.0
2023-01-28 00:00:00+00:00,2.07,3.1,13.06,2.9,0.0
2023-01-29 00:00:00+00:00,1.54,3.71,1.88,2.4,8.7
2023-01-30 00:00:00+00:00,1.4,2.51,5.7,5.7,0.3
2023-01-31 00:00:00+00:00,2.62,3.83,2.65,7.5,2.0
2023-02-01 00:00:00+00:00,2.16,4.1,8.06,3.3,4.9
2023-02-02 00:00:00+00:00,1.11,2.72,6.3,2.1,1.5
2023-02-03 00:00:00+00:00,5.15,6.94,14.19,0.3,0.0
2023-02-04 00:00:00+00:00,2.73,4.32,14.33,-4.7,0.0
2023-02-05 00:00:00+00:00,1.66,4.06,12.42,1.2,0.0
2023-02-06 00:00:00+00:00,3.38,5.17,14.58,4.6,0.0
2023-02-07 00:00:00+00:00,1.92,3.83,12.28,3.5,0.0
2023-02-08 00:00:00+00:00,2.09,3.74,8.41,9.2,0.0
2023-02-09 00:00:00+00:00,3.17,7.04,8.4,11.6,0.0
2023-02-10 00:00:00+00:00,3.67,5.32,13.1,10.7,0.1
2023-02-11 00:00:00+00:00,2.97,4.66,12.96,5.7,0.0
2023-02-12 00:00:00+00:00,3.02,5.2,2.08,2.4,30.9
2023-02-13 00:00:00+00:00,3.93,6.5,10.67,5.3,12.6
2023-02-14 00:00:00+00:00,2.42,3.54,15.57,6.9,0.0
2023-02-15 00:00:00+00:00,2.85,4.24,12.09,10.5,0.8
2023-02-16 00:00:00+00:00,2.06,4.62,6.99,12.1,12.7
2023-02-17 00:00:00+00:00,4.28,8.5,9.87,10.7,15.2
2023-02-18 00:00:00+00:00,4.02,6.79,17.07,0.2,0.0
2023-02-19 00:00:00+00:00,2.44,6.07,14.97,4.2,0.0
2023-02-20 00:00:00+00:00,2.29,4.24,6.85,7.8,0.4
2023-02-21 00:00:00+00:00,3.3,6.68,16.52,10.5,0.1
2023-02-22 00:00:00+00:00,2.51,5.2,13.03,9.7,0.0
2023-02-23 00:00:00+00:00,3.03,4.77,11.67,17.1,0.6
2023-02-24 00:00:00+00:00,4.1,5.7,13.04,12.0,0.0
2023-02-25 00:00:00+00:00,2.03,3.08,4.09,4.6,1.5
2023-02-26 00:00:00+00:00,2.43,3.71,15.87,6.1,0.0
2023-02-27 00:00:00+00:00,2.71,5.22,7.2,7.0,1.4
2023-02-28 00:00:00+00:00,4.48,7.84,18.19,12.1,5.8
2023-03-01 00:00:00+00:00,2.66,3.49,13.39,9.8,0.0
2023-03-02 00:00:00+00:00,2.41,4.55,9.28,11.8,4.6
2023-03-03 00:00:00+00:00,2.88,4.92,2.93,7.3,14.4
2023-03-04 00:00:00+00:00,5.02,8.07,18.6,7.9,21.5
2023-03-05 00:00:00+00:00,2.37,3.28,19.42,6.9,0.0
2023-03-06 00:00:00+00:00,1.82,3.61,18.51,7.9,0.0
2023-03-07 00:00:00+00:00,4.14,6.6,18.89,11.1,0.0
2023-03-08 00:00:00+00:00,4.22,5.26,19.8,4.7,0.0
2023-03-09 00:00:00+00:00,2.04,3.47,19.86,5.3,0.0
2023-03-10 00:00:00+00:00,2.81,7.58,6.55,6.5,5.0
2023-03-11 00:00:00+00:00,5.51,7.0,17.69,3.6,0.0
2023-03-12 00:00:00+00:00,2.4,3.54,2.75,-0.5,3.8
2023-03-13 00:00:00+00:00,2.66,4.99,15.09,2.8,0.7
2023-03-14 00:00:00+00:00,5.86,8.2,18.57,-0.3,0.0
2023-03-15 00:00:00+00:00,5.5,6.59,21.83,0.3,0.0
2023-03-16 00:00:00+00:00,2.49,3.97,20.8,4.8,0.0
2023-03-17 00:00:00+00:00,2.63,5.95,5.06,8.9,1.4
2023-03-18 00:00:00+00:00,4.99,6.29,20.82,5.0,1.0
2023-03-19 00:00:00+00:00,4.31,5.16,22.76,-0.5,0.0
2023-03-20 00:00:00+00:00,2.11,4.12,22.87,-0.4,0.0
2023-03-21 00:00:00+00:00,2.26,3.59,21.89,3.5,0.0
2023-03-22 00:00:00+00:00,2.07,3.49,13.08,8.3,0.3
2023-03-23 00:00:00+00:00,2.74,6.9,18.26,12.0,0.0
2023-03-24 00:00:00+00:00,2.98,4.97,17.62,18.4,0.0
2023-03-25 00:00:00+00:00,4.16,7.7,14.88,13.1,7.4
2023-03-26 00:00:00+00:00,2.99,6.24,22.27,14.4,0.0
2023-03-27 00:00:00+00:00,2.08,5.72,17.65,13.6,2.2
2023-03-28 00:00:00+00:00,2.88,5.0,8.95,9.9,0.5
2023-03-29 00:00:00+00:00,2.44,4.3,23.49,7.8,0.4
2023-03-30 00:00:00+00:00,1.98,4.05,20.99,8.5,0.0
2023-03-31 00:00:00+00:00,2.38,4.43,6.25,8.2,6.3
2023-04-01 00:00:00+00:00,5.45,9.26,18.64,15.5,7.5
2023-04-02 00:00:00+00:00,4.38,8.67,21.93,8.3,0.0
2023-04-03 00:00:00+00:00,2.07,5.14,19.48,10.0,0.0
2023-04-04 00:00:00+00:00,1.87,4.11,21.15,15.0,0.1
2023-04-05 00:00:00+00:00,2.34,5.83,20.08,18.1,0.0
2023-04-06 00:00:00+00:00,2.4,5.0,15.47,20.1,1.3
2023-04-07 00:00:00+00:00,3.32,4.43,3.61,10.2,12.5
2023-04-08 00:00:00+00:00,2.33,3.55,9.03,6.2,0.8
2023-04-09 00:00:00+00:00,2.18,3.06,25.91,6.3,0.0
2023-04-10 00:00:00+00:00,1.46,2.69,25.95,7.8,0.0
2023-04-11 00:00:00+00:00,2.09,2.67,26.02,11.0,0.0
2023-04-12 00:00:00+00:00,2.78,3.36,25.61,14.4,0.0
2023-04-13 00:00:00+00:00,2.32,3.61,25.76,16.6,0.0
2023-04-14 00:00:00+00:00,2.31,4.14,16.06,15.3,5.1
2023-04-15 00:00:00+00:00,2.29,4.34,20.85,17.0,2.6
2023-04-16 00:00:00+00:00,2.81,5.3,14.41,16.8,0.2
2023-04-17 00:00:00+00:00,5.08,6.69,20.79,12.5,11.9
2023-04-18 00:00:00+00:00,4.07,6.79,27.02,12.5,0.0
2023-04-19 00:00:00+00:00,2.35,3.45,25.62,16.0,0.0
2023-04-20 00:00:00+00:00,2.29,3.01,24.64,19.6,0.0
2023-04-21 00:00:00+00:00,2.93,6.0,25.14,19.9,0.0
2023-04-22 00:00:00+00:00,3.22,4.88,10.43,15.3,16.2
2023-04-23 00:00:00+00:00,3.25,5.05,21.32,10.2,0.0
2023-04-24 00:00:00+00:00,2.92,4.12,26.51,8.4,0.0
2023-04-25 00:00:00+00:00,1.89,4.24,23.08,8.3,0.0
2023-04-26 00:00:00+00:00,1.76,4.33,21.22,10.3,0.4
2023-04-27 00:00:00+00:00,2.0,4.47,18.78,11.8,1.6
2023-04-28 00:00:00+00:00,2.57,3.45,14.41,13.5,37.8
2023-04-29 00:00:00+00:00,1.87,3.93,17.42,14.0,0.3
2023-04-30 00:00:00+00:00,2.46,7.19,15.37,15.1,5.0
2023-05-01 00:00:00+00:00,5.42,7.53,17.36,9.5,0.3
2023-05-02 00:00:00+00:00,5.02,7.98,23.4,10.5,0.2
2023-05-03 00:00:00+00:00,4.89,7.59,19.5,8.5,0.5
2023-05-04 00:00:00+00:00,4.02,5.99,19.93,9.7,0.1
2023-05-05 00:00:00+00:00,1.81,3.21,25.25,11.2,0.0
2023-05-06 00:00:00+00:00,1.34,2.62,26.41,14.2,0.0
2023-05-07 00:00:00+00:00,2.16,4.37,19.13,16.7,2.6
2023-05-08 00:00:00+00:00,3.21,3.96,21.82,20.3,0.0
2023-05-09 00:00:00+00:00,3.35,5.17,22.52,20.1,0.1
2023-05-10 00:00:00+00:00,1.69,2.87,24.93,16.9,0.8
2023-05-11 00:00:00+00:00,1.81,4.59,24.81,17.9,0.0
2023-05-12 00:00:00+00:00,1.58,4.46,21.61,19.5,5.2
2023-05-13 00:00:00+00:00,1.92,3.44,18.71,21.0,2.8
2023-05-14 00:00:00+00:00,1.48,2.94,21.38,19.5,5.6
2023-05-15 00:00:00+00:00,1.35,2.5,6.81,15.0,7.5
2023-05-16 00:00:00+00:00,1.85,5.62,19.52,16.6,2.2
2023-05-17 00:00:00+00:00,3.29,4.12,27.75,18.3,7.3
2023-05-18 00:00:00+00:00,2.94,4.08,20.34,15.6,0.0
2023-05-19 00:00:00+00:00,2.08,3.33,16.37,14.6,0.0
2023-05-20 00:00:00+00:00,1.68,3.14,18.64,17.5,1.8
2023-05-21 00:00:00+00:00,2.67,3.47,29.28,16.9,1.1
2023-05-22 00:00:00+00:00,2.13,3.98,24.76,17.3,0.0
2023-05-23 00:00:00+00:00,2.56,4.2,23.29,17.2,0.0
2023-05-24 00:00:00+00:00,1.74,3.83,29.0,17.0,0.0
2023-05-25 00:00:00+00:00,2.36,3.51,23.28,16.7,0.0
2023-05-26 00:00:00+00:00,2.51,3.81,28.6,15.1,0.0
2023-05-27 00:00:00+00:00,2.77,4.88,13.16,14.1,0.0
2023-05-28 00:00:00+00:00,2.55,3.97,6.83,14.8,9.1
2023-05-29 00:00:00+00:00,2.94,4.33,12.24,15.7,64.3
2023-05-30 00:00:00+00:00,2.53,4.0,22.17,17.9,4.5
2023-05-31 00:00:00+00:00,1.39,2.64,21.55,17.6,0.0
2023-06-01 00:00:00+00:00,1.52,2.38,27.37,17.6,0.0
2023-06-02 00:00:00+00:00,1.97,2.65,29.97,20.2,0.0
2023-06-03 00:00:00+00:00,2.16,3.8,25.2,20.1,2.2
2023-06-04 00:00:00+00:00,2.25,3.08,16.02,18.0,0.7
2023-06-05 00:00:00+00:00,0.94,1.64,29.03,18.2,0.0
2023-06-06 00:00:00+00:00,2.54,4.36,27.61,18.2,0.0
2023-06-07 00:00:00+00:00,2.78,4.32,22.56,19.0,0.0
2023-06-08 00:00:00+00:00,3.06,5.52,28.29,16.3,0.0
2023-06-09 00:00:00+00:00,2.97,5.37,23.81,16.0,0.1
2023-06-10 00:00:00+00:00,2.12,3.03,30.08,17.8,0.0
2023-06-11 00:00:00+00:00,2.64,5.41,22.5,19.8,0.1
2023-06-12 00:00:00+00:00,3.76,5.52,19.5,19.3,2.6
2023-06-13 00:00:00+00:00,3.05,4.85,29.51,17.8,0.0
2023-06-14 00:00:00+00:00,4.16,6.8,16.6,18.6,0.1
2023-06-15 00:00:00+00:00,2.1,4.18,25.11,19.9,1.2
2023-06-16 00:00:00+00:00,3.28,6.08,27.08,21.1,0.1
2023-06-17 00:00:00+00:00,3.37,4.85,29.32,20.1,0.0
2023-06-18 00:00:00+00:00,2.15,3.55,29.96,19.6,0.0
2023-06-19 00:00:00+00:00,2.29,5.25,16.45,20.1,7.1
2023-06-20 00:00:00+00:00,3.58,4.71,7.06,17.9,27.4
2023-06-21 00:00:00+00:00,3.28,4.75,6.71,17.1,14.8
2023-06-22 00:00:00+00:00,1.89,3.09,4.3,14.6,35.0
2023-06-23 00:00:00+00:00,1.47,2.1,20.72,18.6,2.3
2023-06-24 00:00:00+00:00,2.53,3.3,24.33,20.9,2.2
2023-06-25 00:00:00+00:00,2.31,2.79,27.41,22.0,0.2
2023-06-26 00:00:00+00:00,2.67,5.03,25.4,22.5,0.0
2023-06-27 00:00:00+00:00,3.05,4.9,25.01,21.3,0.0
2023-06-28 00:00:00+00:00,3.28,4.05,28.59,21.1,0.0
2023-06-29 00:00:00+00:00,1.53,2.72,29.07,20.8,0.0
2023-06-30 00:00:00+00:00,1.41,3.4,20.38,21.8,1.5
2023-07-01 00:00:00+00:00,1.24,2.06,23.67,23.8,3.8
2023-07-02 00:00:00+00:00,2.04,4.12,26.2,24.8,0.2
2023-07-03 00:00:00+00:00,2.27,4.06,24.87,25.8,0.2
2023-07-04 00:00:00+00:00,2.54,3.8,25.46,24.5,0.6
2023-07-05 00:00:00+00:00,1.76,2.77,23.44,24.4,0.0
2023-07-06 00:00:00+00:00,1.34,3.19,25.73,24.7,0.3
2023-07-07 00:00:00+00:00,1.98,2.92,26.18,25.3,0.0
2023-07-08 00:00:00+00:00,1.75,2.92,24.26,25.0,0.1
2023-07-09 00:00:00+00:00,1.68,3.26,15.93,22.7,6.9
2023-07-10 00:00:00+00:00,2.69,3.83,27.08,23.3,0.0
2023-07-11 00:00:00+00:00,1.9,2.64,28.59,22.5,0.0
2023-07-12 00:00:00+00:00,2.09,3.83,25.73,23.2,0.0
2023-07-13 00:00:00+00:00,2.0,4.05,22.22,23.9,0.7
2023-07-14 00:00:00+00:00,1.22,2.11,21.41,23.3,1.2
2023-07-15 00:00:00+00:00,1.75,3.4,18.76,23.7,0.2
2023-07-16 00:00:00+00:00,3.01,4.32,25.73,24.0,52.4
2023-07-17 00:00:00+00:00,1.87,3.0,25.9,23.1,0.1
2023-07-18 00:00:00+00:00,1.84,2.72,27.31,23.6,0.1
2023-07-19 00:00:00+00:00,2.04,3.89,23.14,24.0,0.1
2023-07-20 00:00:00+00:00,2.2,3.18,24.79,24.0,0.2
2023-07-21 00:00:00+00:00,3.1,4.77,26.08,23.7,0.2
2023-07-22 00:00:00+00:00,1.68,3.0,17.96,21.0,0.2
2023-07-23 00:00:00+00:00,1.53,4.0,22.95,20.5,5.1
2023-07-24 00:00:00+00:00,1.13,1.9,26.2,22.4,0.0
2023-07-25 00:00:00+00:00,1.77,2.55,25.45,23.2,0.2
2023-07-26 00:00:00+00:00,1.87,4.52,25.56,24.1,0.0
2023-07-27 00:00:00+00:00,1.97,5.18,24.77,25.6,0.4
2023-07-28 00:00:00+00:00,2.2,4.03,23.52,26.7,0.9
2023-07-29 00:00:00+00:00,2.69,5.91,25.4,26.6,0.1
2023-07-30 00:00:00+00:00,2.37,3.44,24.32,25.6,0.0
2023-07-31 00:00:00+00:00,1.9,2.97,24.8,23.1,0.0
2023-08-01 00:00:00+00:00,2.22,3.04,27.04,22.4,0.0
2023-08-02 00:00:00+00:00,1.55,2.94,26.09,20.7,0.0
2023-08-03 00:00:00+00:00,2.68,4.43,6.34,18.9,20.4
2023-08-04 00:00:00+00:00,1.97,3.1,18.58,21.4,0.9
2023-08-05 00:00:00+00:00,1.39,2.19,25.42,22.9,0.0
2023-08-06 00:00:00+00:00,1.74,5.09,19.24,23.3,1.5
2023-08-07 00:00:00+00:00,2.3,4.05,18.31,23.2,1.9
2023-08-08 00:00:00+00:00,3.37,4.52,25.56,22.7,0.1
2023-08-09 00:00:00+00:00,2.92,3.8,23.38,21.8,0.0
2023-08-10 00:00:00+00:00,2.02,4.79,11.44,21.2,5.4
2023-08-11 00:00:00+00:00,2.31,3.91,24.35,22.1,0.0
2023-08-12 00:00:00+00:00,2.02,3.8,24.84,23.7,0.0
2023-08-13 00:00:00+00:00,2.92,5.33,23.94,25.0,0.0
2023-08-14 00:00:00+00:00,1.76,3.44,16.39,24.0,2.1
2023-08-15 00:00:00+00:00,2.97,4.1,19.99,24.9,4.8
2023-08-16 00:00:00+00:00,2.9,3.81,22.7,22.4,0.0
2023-08-17 00:00:00+00:00,2.17,4.03,22.04,22.1,0.0
2023-08-18 00:00:00+00:00,3.43,4.49,25.2,22.9,0.0
2023-08-19 00:00:00+00:00,1.78,3.53,26.37,20.0,0.0
2023-08-20 00:00:00+00:00,1.56,3.09,25.28,21.4,0.0
2023-08-21 00:00:00+00:00,2.05,2.8,22.59,24.8,0.0
2023-08-22 00:00:00+00:00,2.64,3.98,21.53,25.4,0.0
2023-08-23 00:00:00+00:00,1.55,3.51,24.65,22.0,0.0
2023-08-24 00:00:00+00:00,1.46,3.62,20.85,23.6,0.0
2023-08-25 00:00:00+00:00,2.14,4.47,19.41,24.7,0.7
2023-08-26 00:00:00+00:00,2.05,3.49,21.8,25.6,1.5
2023-08-27 00:00:00+00:00,1.74,3.11,14.41,24.0,2.4
2023-08-28 00:00:00+00:00,1.88,3.28,12.64,21.7,23.1
2023-08-29 00:00:00+00:00,1.16,2.51,11.4,21.5,2.6
2023-08-30 00:00:00+00:00,2.15,3.76,16.93,21.2,23.3
2023-08-31 00:00:00+00:00,3.43,4.52,24.4,19.9,0.0
2023-09-01 00:00:00+00:00,1.26,2.33,24.68,17.9,0.0
2023-09-02 00:00:00+00:00,0.98,2.28,24.11,18.6,0.0
2023-09-03 00:00:00+00:00,1.62,2.48,23.37,21.4,0.0
2023-09-04 00:00:00+00:00,1.85,3.22,23.22,23.6,0.0
2023-09-05 00:00:00+00:00,1.82,3.24,23.01,24.0,0.0
2023-09-06 00:00:00+00:00,1.64,2.72,21.78,24.2,0.1
2023-09-07 00:00:00+00:00,2.03,3.71,19.33,23.1,2.2
2023-09-08 00:00:00+00:00,1.58,2.51,19.35,21.6,0.5
2023-09-09 00:00:00+00:00,1.02,3.26,16.32,20.8,16.0
2023-09-10 00:00:00+00:00,0.95,1.77,14.14,19.2,15.4
2023-09-11 00:00:00+00:00,1.94,2.98,20.3,20.0,0.2
2023-09-12 00:00:00+00:00,1.7,4.41,18.02,19.6,0.8
2023-09-13 00:00:00+00:00,1.86,3.04,20.18,20.2,0.5
2023-09-14 00:00:00+00:00,2.25,2.91,22.33,18.7,0.0
2023-09-15 00:00:00+00:00,1.74,2.51,22.72,16.3,0.0
2023-09-16 00:00:00+00:00,1.35,1.91,21.47,17.0,0.0
2023-09-17 00:00:00+00:00,2.75,5.6,9.55,18.1,13.4
2023-09-18 00:00:00+00:00,3.39,4.6,20.48,16.7,0.0
2023-09-19 00:00:00+00:00,2.07,2.75,20.14,15.9,0.0
2023-09-20 00:00:00+00:00,1.19,2.15,19.45,16.6,0.0
2023-09-21 00:00:00+00:00,1.17,1.92,16.38,17.6,0.0
2023-09-22 00:00:00+00:00,2.21,3.33,18.62,16.3,0.0
2023-09-23 00:00:00+00:00,5.13,7.58,7.52,13.8,26.9
2023-09-24 00:00:00+00:00,3.2,4.72,12.52,16.5,2.8
2023-09-25 00:00:00+00:00,1.89,3.33,11.38,16.9,0.0
2023-09-26 00:00:00+00:00,1.95,3.6,9.26,16.9,0.0
2023-09-27 00:00:00+00:00,2.2,2.8,9.66,15.4,0.3
2023-09-28 00:00:00+00:00,1.28,1.96,17.16,14.8,0.0
2023-09-29 00:00:00+00:00,1.3,1.92,19.0,16.9,0.0
2023-09-30 00:00:00+00:00,1.46,2.46,17.45,17.7,0.0
2023-10-01 00:00:00+00:00,1.96,4.05,17.98,17.6,0.0
2023-10-02 00:00:00+00:00,1.44,2.37,19.08,17.8,0.0
2023-10-03 00:00:00+00:00,1.19,2.34,16.53,18.5,0.0
2023-10-04 00:00:00+00:00,1.34,2.33,18.87,18.3,0.0
2023-10-05 00:00:00+00:00,1.57,2.87,12.72,16.0,0.0
2023-10-06 00:00:00+00:00,1.15,1.94,12.59,17.7,0.0
2023-10-07 00:00:00+00:00,4.16,6.25,19.1,14.5,4.2
2023-10-08 00:00:00+00:00,4.11,6.22,15.34,9.5,0.2
2023-10-09 00:00:00+00:00,2.59,4.94,11.33,9.4,4.1
2023-10-10 00:00:00+00:00,2.66,5.1,17.09,11.3,0.0
2023-10-11 00:00:00+00:00,1.97,2.75,12.59,10.9,0.0
2023-10-12 00:00:00+00:00,1.24,2.47,17.69,13.5,0.0
2023-10-13 00:00:00+00:00,1.66,2.64,17.56,14.8,0.0
2023-10-14 00:00:00+00:00,1.86,3.71,10.54,15.2,5.5
2023-10-15 00:00:00+00:00,4.95,6.66,15.72,12.5,0.0
2023-10-16 00:00:00+00:00,3.64,5.33,8.91,9.2,0.0
2023-10-17 00:00:00+00:00,2.93,3.68,10.95,10.5,0.0
2023-10-18 00:00:00+00:00,1.98,3.12,15.12,9.7,0.0
2023-10-19 00:00:00+00:00,2.19,5.39,14.54,10.6,0.0
2023-10-20 00:00:00+00:00,2.49,4.67,8.66,11.6,7.5
2023-10-21 00:00:00+00:00,5.19,7.29,15.84,11.5,0.0
2023-10-22 00:00:00+00:00,3.77,6.16,15.09,11.5,0.0
2023-10-23 00:00:00+00:00,2.39,3.96,16.82,9.1,0.0
2023-10-24 00:00:00+00:00,1.32,2.77,16.02,10.4,0.0
2023-10-25 00:00:00+00:00,1.47,2.64,15.81,12.2,0.0
2023-10-26 00:00:00+00:00,1.54,3.18,14.7,13.5,0.0
2023-10-27 00:00:00+00:00,1.59,2.98,12.32,15.7,0.0
2023-10-28 00:00:00+00:00,1.9,2.8,13.77,18.3,0.0
2023-10-29 00:00:00+00:00,1.69,3.21,13.87,19.3,0.0
2023-10-30 00:00:00+00:00,3.45,6.61,10.73,17.4,0.2
2023-10-31 00:00:00+00:00,2.78,5.81,3.49,8.5,1.8
2023-11-01 00:00:00+00:00,4.52,6.5,14.88,2.9,0.0
2023-11-02 00:00:00+00:00,1.35,2.19,14.96,0.8,0.0
2023-11-03 00:00:00+00:00,1.55,2.78,14.77,3.4,0.0
2023-11-04 00:00:00+00:00,1.53,2.88,13.93,6.6,0.0
2023-11-05 00:00:00+00:00,2.41,3.4,13.62,10.6,0.0
2023-11-06 00:00:00+00:00,2.26,3.53,13.45,9.8,0.0
2023-11-07 00:00:00+00:00,2.51,5.95,10.2,13.7,0.0
2023-11-08 00:00:00+00:00,2.15,3.41,11.48,14.2,0.0
2023-11-09 00:00:00+00:00,2.71,5.2,10.37,16.0,0.2
2023-11-10 00:00:00+00:00,2.55,4.05,2.37,11.8,3.5
2023-11-11 00:00:00+00:00,1.45,2.3,12.02,7.2,0.0
2023-11-12 00:00:00+00:00,1.58,2.38,13.1,6.0,0.0
2023-11-13 00:00:00+00:00,1.41,3.08,13.08,6.7,0.0
2023-11-14 00:00:00+00:00,2.38,3.41,12.65,8.5,0.0
2023-11-15 00:00:00+00:00,1.04,2.42,10.18,7.2,0.0
2023-11-16 00:00:00+00:00,1.74,2.48,12.82,6.9,0.0
2023-11-17 00:00:00+00:00,2.0,4.54,9.24,10.6,0.0
2023-11-18 00:00:00+00:00,3.37,5.2,11.95,11.8,5.5
2023-11-19 00:00:00+00:00,2.09,3.61,12.45,5.9,0.0
2023-11-20 00:00:00+00:00,2.12,3.1,8.99,5.1,0.0
2023-11-21 00:00:00+00:00,2.31,3.45,1.04,4.0,27.5
2023-11-22 00:00:00+00:00,3.8,5.87,9.43,7.1,12.9
2023-11-23 00:00:00+00:00,3.55,5.1,11.93,5.9,0.0
2023-11-24 00:00:00+00:00,1.92,3.05,9.09,4.9,0.0
2023-11-25 00:00:00+00:00,1.89,3.11,11.22,3.0,0.0
2023-11-26 00:00:00+00:00,1.42,3.94,11.15,1.0,0.0
2023-11-27 00:00:00+00:00,3.76,5.95,10.66,3.9,0.0
2023-11-28 00:00:00+00:00,5.64,8.45,10.79,-0.2,0.0
2023-11-29 00:00:00+00:00,2.31,3.75,11.73,-2.5,0.0
2023-11-30 00:00:00+00:00,1.82,3.49,10.99,1.9,0.0
2023-12-01 00:00:00+00:00,1.72,3.92,2.96,2.6,1.3
2023-12-02 00:00:00+00:00,1.33,2.42,6.29,8.6,0.4
2023-12-03 00:00:00+00:00,2.03,4.62,7.79,12.9,8.4
2023-12-04 00:00:00+00:00,2.81,5.03,8.13,8.0,0.0
2023-12-05 00:00:00+00:00,2.1,3.97,8.52,4.4,0.3
2023-12-06 00:00:00+00:00,3.87,5.69,10.75,2.9,0.0
2023-12-07 00:00:00+00:00,2.68,3.81,9.45,2.2,0.0
2023-12-08 00:00:00+00:00,1.88,2.78,9.78,5.2,0.0
2023-12-09 00:00:00+00:00,1.6,3.67,6.02,4.6,1.5
2023-12-10 00:00:00+00:00,2.65,5.66,2.53,10.6,19.9
2023-12-11 00:00:00+00:00,5.53,7.82,10.18,1.7,13.2
2023-12-12 00:00:00+00:00,2.24,3.47,10.81,-0.4,0.0
2023-12-13 00:00:00+00:00,2.58,3.61,9.53,2.7,0.0
2023-12-14 00:00:00+00:00,1.88,3.12,10.74,0.6,0.0
2023-12-15 00:00:00+00:00,1.91,2.78,10.65,1.9,0.0
2023-12-16 00:00:00+00:00,1.61,2.27,9.82,2.5,0.0
2023-12-17 00:00:00+00:00,1.89,4.81,1.57,3.9,22.4
2023-12-18 00:00:00+00:00,6.08,7.83,7.71,6.1,11.3
2023-12-19 00:00:00+00:00,5.37,7.14,10.61,-1.2,0.0
2023-12-20 00:00:00+00:00,2.16,3.96,10.54,-1.3,0.0
2023-12-21 00:00:00+00:00,1.85,2.76,9.29,1.0,0.0
2023-12-22 00:00:00+00:00,0.95,1.84,9.41,2.3,0.0
2023-12-23 00:00:00+00:00,1.15,2.12,7.96,2.3,0.0
2023-12-24 00:00:00+00:00,1.33,2.22,10.0,5.2,0.0
2023-12-25 00:00:00+00:00,1.44,3.55,7.45,6.1,1.9
2023-12-26 00:00:00+00:00,2.44,3.81,0.99,6.7,12.7
2023-12-27 00:00:00+00:00,1.96,3.44,1.89,8.9,18.8
2023-12-28 00:00:00+00:00,2.59,4.05,9.83,7.5,0.0
2023-12-29 00:00:00+00:00,2.78,4.3,5.61,3.2,0.0
2023-12-30 00:00:00+00:00,3.42,5.07,6.34,1.4,0.0
2023-12-31 00:00:00+00:00,2.45,3.44,10.22,2.9,0.0
